( pcb2gcode 2.0.0 )
( Software-independent Gcode )

G94 ( Millimeters per minute feed rate. )
G21 ( Units == Millimeters. )

G90 ( Absolute coordinates. )
G00 S1000 ( RPM spindle speed. )
G01 F500.00000 ( Feedrate. )


G00 Z5.00000 (Retract to tool change height)
T0
M5      (Spindle stop.)
G04 P1.00000 (Wait for spindle to stop)
(MSG, Change tool bit to mill diameter 0.33000mm)
M6      (Tool change.)
M0      (Temporary machine stop.)
M3 ( Spindle on clockwise. )
G04 P1.00000 (Wait for spindle to get up to speed)
G04 P0 ( dwell for no time -- G64 should not smooth over this point )
G00 Z2.00000 ( retract )

G00 X-6.65748 Y86.22378 ( rapid move to begin. )
G01 F250.00000
G01 Z-0.20000
G04 P0 ( dwell for no time -- G64 should not smooth over this point )
G01 F500.00000
G01 X-6.65748 Y86.22378
G01 X-6.65748 Y86.70094
G01 X-6.65750 Y85.62645
G01 X-6.72382 Y85.76150
G01 X-6.91252 Y86.04390
G01 X-7.08887 Y86.24562
G01 X-8.58887 Y87.74562
G01 X-8.79062 Y87.92200
G01 X-9.07302 Y88.11067
G01 X-9.18391 Y88.16701
G01 X-8.12354 Y88.16701
G01 X-6.65748 Y86.70094
G01 X-6.65748 Y87.58768
G01 X-6.65748 Y86.70094
G04 P0 ( dwell for no time -- G64 should not smooth over this point )
G00 Z2.00000 ( retract )

G00 X-8.12354 Y88.16701 ( rapid move to begin. )
G01 F250.00000
G01 Z-0.20000
G04 P0 ( dwell for no time -- G64 should not smooth over this point )
G01 F500.00000
G01 X-8.12354 Y88.16701
G01 X-7.68018 Y88.16701
G04 P0 ( dwell for no time -- G64 should not smooth over this point )
G00 Z2.00000 ( retract )

G00 X-6.65748 Y88.03101 ( rapid move to begin. )
G01 F250.00000
G01 Z-0.20000
G04 P0 ( dwell for no time -- G64 should not smooth over this point )
G01 F500.00000
G01 X-6.65748 Y88.03101
G01 X-6.65748 Y87.58768
G01 X-7.23682 Y88.16701
G01 X-6.79347 Y88.16701
G01 X-6.65748 Y88.03101
G01 X-6.65748 Y88.16701
G01 X-6.79347 Y88.16701
G04 P0 ( dwell for no time -- G64 should not smooth over this point )
G00 Z2.00000 ( retract )

G00 X-7.23682 Y88.16701 ( rapid move to begin. )
G01 F250.00000
G01 Z-0.20000
G04 P0 ( dwell for no time -- G64 should not smooth over this point )
G01 F500.00000
G01 X-7.23682 Y88.16701
G01 X-7.68018 Y88.16701
G01 X-6.65750 Y87.14433
G01 X-6.65750 Y86.22383
G01 X-6.86720 Y86.46731
G01 X-8.36718 Y87.96731
G01 X-8.59572 Y88.16701
G04 P0 ( dwell for no time -- G64 should not smooth over this point )
G00 Z2.00000 ( retract )

G00 X-9.18391 Y88.16701 ( rapid move to begin. )
G01 F250.00000
G01 Z-0.20000
G04 P0 ( dwell for no time -- G64 should not smooth over this point )
G01 F500.00000
G01 X-9.18391 Y88.16701
G01 X-19.27274 Y88.16701
G01 X-19.17406 Y88.08601
G01 X-10.02841 Y88.07917
G01 X-9.56423 Y87.98684
G01 X-9.30723 Y87.88039
G01 X-8.98950 Y87.67966
G01 X-8.81053 Y87.52395
G01 X-7.31056 Y86.02396
G01 X-7.15486 Y85.84501
G01 X-7.00030 Y85.61372
G01 X-6.81920 Y85.17646
G01 X-6.76492 Y84.90364
G01 X-6.74848 Y84.66701
G01 X-6.74848 Y12.26101
G01 X-6.76492 Y12.02438
G01 X-6.81920 Y11.75156
G01 X-6.95410 Y11.40076
G01 X-7.15486 Y11.08303
G01 X-7.31056 Y10.90407
G01 X-9.62770 Y8.59655
G01 X-10.02122 Y8.33364
G01 X-10.27822 Y8.22719
G01 X-10.53146 Y8.16701
G01 X-9.69173 Y8.16701
G04 P0 ( dwell for no time -- G64 should not smooth over this point )
G00 Z2.00000 ( retract )

G00 X-10.53146 Y8.16701 ( rapid move to begin. )
G01 F250.00000
G01 Z-0.20000
G04 P0 ( dwell for no time -- G64 should not smooth over this point )
G01 F500.00000
G01 X-10.53146 Y8.16701
G01 X-11.38795 Y8.16701
G01 X-11.16831 Y8.27783
G01 X-10.97929 Y8.44151
G01 X-10.67558 Y8.45645
G01 X-10.46303 Y8.49871
G01 X-10.16900 Y8.61012
G01 X-9.90238 Y8.77671
G01 X-9.74622 Y8.91174
G01 X-7.45938 Y11.20615
G01 X-7.23058 Y11.54854
G01 X-7.11920 Y11.84255
G01 X-7.06200 Y12.26101
G01 X-7.06200 Y84.66701
G01 X-7.07691 Y84.87291
G01 X-7.11920 Y85.08548
G01 X-7.27678 Y85.46592
G01 X-7.39717 Y85.64613
G01 X-7.53223 Y85.80227
G01 X-9.11261 Y87.37514
G01 X-9.45498 Y87.60391
G01 X-9.65523 Y87.68684
G01 X-9.96158 Y87.75758
G01 X-10.16748 Y87.77252
G01 X-19.29428 Y87.77252
G01 X-19.48331 Y87.93620
G01 X-19.67444 Y88.03835
G01 X-19.88181 Y88.10127
G01 X-20.09748 Y88.12250
G01 X-21.79748 Y88.12250
G01 X-22.01315 Y88.10127
G01 X-22.22054 Y88.03835
G01 X-22.41167 Y87.93620
G01 X-22.60073 Y87.77249
G01 X-51.18109 Y87.77117
G01 X-50.96333 Y88.08504
G01 X-22.72097 Y88.08598
G01 X-22.62221 Y88.16701
G01 X-19.27274 Y88.16701
G04 P0 ( dwell for no time -- G64 should not smooth over this point )
G00 Z2.00000 ( retract )

G00 X-22.21597 Y85.24179 ( rapid move to begin. )
G01 F250.00000
G01 Z-0.20000
G04 P0 ( dwell for no time -- G64 should not smooth over this point )
G01 F500.00000
G01 X-22.21597 Y85.24179
G01 X-22.46555 Y85.28433
G01 X-22.21597 Y85.24179
G01 X-22.03098 Y85.02167
G01 X-21.95661 Y84.97580
G01 X-21.87093 Y84.94758
G01 X-20.07096 Y84.94740
G01 X-21.82392 Y84.94740
G01 X-21.95661 Y84.97580
G04 P0 ( dwell for no time -- G64 should not smooth over this point )
G00 Z2.00000 ( retract )

G00 X-19.93832 Y84.97580 ( rapid move to begin. )
G01 F250.00000
G01 Z-0.20000
G04 P0 ( dwell for no time -- G64 should not smooth over this point )
G01 F500.00000
G01 X-19.93832 Y84.97580
G01 X-20.07096 Y84.94740
G01 X-19.93832 Y84.97580
G01 X-19.86395 Y85.02167
G01 X-19.67896 Y85.24181
G01 X-19.38029 Y85.28814
G01 X-19.67896 Y85.24181
G04 P0 ( dwell for no time -- G64 should not smooth over this point )
G00 Z2.00000 ( retract )

G00 X-19.33347 Y85.29178 ( rapid move to begin. )
G01 F250.00000
G01 Z-0.20000
G04 P0 ( dwell for no time -- G64 should not smooth over this point )
G01 F500.00000
G01 X-19.33347 Y85.29178
G01 X-19.38029 Y85.28814
G01 X-13.66699 Y85.29178
G01 X-14.39696 Y85.29129
G01 X-13.65233 Y85.29162
G01 X-13.44631 Y85.27075
G01 X-13.64857 Y85.29124
G01 X-13.63280 Y85.29124
G01 X-13.44631 Y85.27075
G01 X-13.16140 Y85.18576
G01 X-13.06016 Y85.06302
G01 X-12.97009 Y84.86986
G01 X-12.92401 Y84.82378
G01 X-12.74634 Y84.85086
G01 X-12.56864 Y84.85086
G01 X-12.39097 Y84.82378
G01 X-12.34243 Y84.87232
G01 X-12.27588 Y85.02863
G01 X-12.16427 Y85.17953
G01 X-12.47710 Y85.01647
G01 X-12.83905 Y85.01636
G01 X-12.98662 Y85.10425
G01 X-13.22048 Y85.20417
G01 X-13.16732 Y85.18853
G01 X-12.14278 Y85.18853
G01 X-12.03181 Y85.22751
G01 X-12.16427 Y85.17953
G01 X-11.97662 Y85.24692
G01 X-12.02823 Y85.22838
G01 X-11.81904 Y85.27857
G01 X-11.69358 Y85.28825
G01 X-11.91710 Y85.25502
G01 X-11.64799 Y85.29178
G04 P0 ( dwell for no time -- G64 should not smooth over this point )
G00 Z2.00000 ( retract )

G00 X-10.78858 Y85.29178 ( rapid move to begin. )
G01 F250.00000
G01 Z-0.20000
G04 P0 ( dwell for no time -- G64 should not smooth over this point )
G01 F500.00000
G01 X-10.78858 Y85.29178
G01 X-11.67321 Y85.28832
G01 X-10.78858 Y85.29178
G01 X-10.54022 Y85.26709
G04 P0 ( dwell for no time -- G64 should not smooth over this point )
G00 Z2.00000 ( retract )

G00 X-10.34718 Y85.10895 ( rapid move to begin. )
G01 F250.00000
G01 Z-0.20000
G04 P0 ( dwell for no time -- G64 should not smooth over this point )
G01 F500.00000
G01 X-10.34718 Y85.10895
G01 X-10.54022 Y85.26709
G01 X-10.34718 Y85.10895
G01 X-9.72557 Y84.48733
G01 X-9.56743 Y84.29424
G01 X-9.54274 Y84.04591
G01 X-9.56743 Y84.29424
G04 P0 ( dwell for no time -- G64 should not smooth over this point )
G00 Z2.00000 ( retract )

G00 X-9.54274 Y84.04591 ( rapid move to begin. )
G01 F250.00000
G01 Z-0.20000
G04 P0 ( dwell for no time -- G64 should not smooth over this point )
G01 F500.00000
G01 X-9.54274 Y84.04591
G01 X-9.54274 Y77.40652
G01 X-9.57756 Y77.15131
G01 X-9.54274 Y77.40652
G01 X-9.75300 Y77.40652
G01 X-9.75300 Y84.04591
G01 X-9.78450 Y84.20433
G01 X-9.87423 Y84.33864
G01 X-10.49585 Y84.96026
G01 X-10.63014 Y85.04999
G01 X-10.78861 Y85.08152
G01 X-11.64799 Y85.08152
G01 X-11.77547 Y85.05939
G01 X-11.94073 Y84.96026
G01 X-12.03046 Y84.82594
G01 X-12.05559 Y84.71578
G01 X-12.29833 Y84.47306
G01 X-12.56864 Y84.53735
G01 X-12.76359 Y84.53646
G01 X-13.01665 Y84.47306
G01 X-13.26137 Y84.71779
G01 X-13.27298 Y84.79460
G01 X-13.35218 Y84.93638
G01 X-13.47903 Y85.03638
G01 X-13.64098 Y85.08063
G01 X-19.33347 Y85.08152
G01 X-19.52044 Y85.03475
G01 X-19.62621 Y84.96026
G01 X-19.73187 Y84.85462
G01 X-19.84836 Y84.78276
G01 X-19.97945 Y84.73933
G01 X-20.05590 Y84.73150
G01 X-21.91554 Y84.73933
G01 X-22.04662 Y84.78276
G01 X-22.16311 Y84.85462
G01 X-22.29377 Y84.98078
G01 X-22.40306 Y85.04999
G01 X-22.56153 Y85.08152
G01 X-27.84989 Y85.07735
G01 X-27.97613 Y85.04900
G01 X-28.11044 Y84.95927
G01 X-28.20018 Y84.82495
G01 X-28.22853 Y84.69871
G01 X-28.17699 Y84.33719
G01 X-28.17699 Y83.07385
G01 X-28.18474 Y82.97715
G01 X-28.25703 Y82.69869
G01 X-28.25703 Y82.63433
G01 X-28.22868 Y82.50806
G01 X-28.13894 Y82.37377
G01 X-28.00463 Y82.28404
G01 X-27.84621 Y82.25251
G01 X-17.79205 Y82.25251
G01 X-17.62329 Y82.22579
G01 X-17.46078 Y82.17299
G01 X-17.30856 Y82.09542
G01 X-17.17033 Y81.99498
G01 X-14.82911 Y79.65376
G01 X-14.69480 Y79.56403
G01 X-14.53638 Y79.53250
G01 X-14.18764 Y79.53250
G01 X-14.02919 Y79.56403
G01 X-13.89488 Y79.65376
G01 X-13.80514 Y79.78808
G01 X-13.77362 Y79.94652
G01 X-13.79574 Y80.07398
G01 X-13.98781 Y80.43596
G01 X-14.05764 Y80.65087
G01 X-14.09300 Y80.87406
G01 X-14.09300 Y81.09999
G01 X-14.05764 Y81.32315
G01 X-13.98781 Y81.53806
G01 X-13.88525 Y81.73938
G01 X-13.75243 Y81.92219
G01 X-13.59289 Y82.08170
G01 X-13.30842 Y82.28919
G01 X-13.01665 Y82.58096
G01 X-12.74634 Y82.51667
G01 X-12.55139 Y82.51756
G01 X-12.29833 Y82.58096
G01 X-12.00656 Y82.28919
G01 X-11.72257 Y82.08218
G01 X-11.56252 Y81.92219
G01 X-11.42973 Y81.73938
G01 X-11.32716 Y81.53804
G01 X-11.25731 Y81.32315
G01 X-11.22196 Y81.09999
G01 X-11.22196 Y80.87403
G01 X-11.25731 Y80.65087
G01 X-11.32716 Y80.43598
G01 X-11.42973 Y80.23464
G01 X-11.67913 Y79.90398
G01 X-11.72589 Y79.71701
G01 X-11.67913 Y79.53007
G01 X-11.42973 Y79.19938
G01 X-11.32716 Y78.99804
G01 X-11.25731 Y78.78315
G01 X-11.22196 Y78.55999
G01 X-11.22196 Y78.33403
G01 X-11.25731 Y78.11087
G01 X-11.32714 Y77.89601
G01 X-11.47052 Y77.62240
G01 X-11.49803 Y77.53261
G01 X-11.50248 Y77.40317
G01 X-11.46912 Y77.28488
G01 X-11.43395 Y77.22283
G01 X-11.33623 Y77.11376
G01 X-11.17095 Y77.01463
G01 X-11.04345 Y76.99250
G01 X-10.16699 Y76.99250
G01 X-10.00855 Y77.02403
G01 X-9.87423 Y77.11376
G01 X-9.78450 Y77.24808
G01 X-9.75300 Y77.40652
G04 P0 ( dwell for no time -- G64 should not smooth over this point )
G00 Z2.00000 ( retract )

G00 X-9.58762 Y77.07780 ( rapid move to begin. )
G01 F250.00000
G01 Z-0.20000
G04 P0 ( dwell for no time -- G64 should not smooth over this point )
G01 F500.00000
G01 X-9.58762 Y77.07780
G01 X-9.57756 Y77.15131
G01 X-9.62127 Y76.98148
G01 X-9.58762 Y77.07780
G01 X-9.65254 Y76.89210
G01 X-9.83824 Y76.82718
G01 X-9.64599 Y76.88552
G01 X-9.62796 Y76.95550
G01 X-9.64980 Y76.88938
G01 X-9.83824 Y76.82718
G01 X-10.14020 Y76.78593
G01 X-9.83824 Y76.82718
G04 P0 ( dwell for no time -- G64 should not smooth over this point )
G00 Z2.00000 ( retract )

G00 X-10.09298 Y76.78593 ( rapid move to begin. )
G01 F250.00000
G01 Z-0.20000
G04 P0 ( dwell for no time -- G64 should not smooth over this point )
G01 F500.00000
G01 X-10.09298 Y76.78593
G01 X-11.07022 Y76.78593
G01 X-11.04345 Y76.78227
G01 X-10.14157 Y76.78572
G01 X-11.04345 Y76.78227
G01 X-11.30687 Y76.81823
G01 X-11.09074 Y76.78593
G01 X-11.21462 Y76.79550
G01 X-11.38894 Y76.83226
G01 X-11.37448 Y76.82979
G01 X-11.56445 Y77.04556
G01 X-11.38894 Y76.83226
G04 P0 ( dwell for no time -- G64 should not smooth over this point )
G00 Z2.00000 ( retract )

G00 X-11.56445 Y77.04556 ( rapid move to begin. )
G01 F250.00000
G01 Z-0.20000
G04 P0 ( dwell for no time -- G64 should not smooth over this point )
G01 F500.00000
G01 X-11.56445 Y77.04556
G01 X-11.78840 Y77.23302
G01 X-11.81731 Y77.41724
G01 X-11.52417 Y77.97769
G01 X-11.44957 Y78.27940
G01 X-11.46471 Y78.16068
G01 X-11.52417 Y77.97769
G01 X-11.80113 Y77.45283
G04 P0 ( dwell for no time -- G64 should not smooth over this point )
G00 Z2.00000 ( retract )

G00 X-11.64248 Y78.44701 ( rapid move to begin. )
G01 F250.00000
G01 Z-0.20000
G04 P0 ( dwell for no time -- G64 should not smooth over this point )
G01 F500.00000
G01 X-11.64248 Y78.44701
G01 X-11.66194 Y78.64099
G01 X-11.72404 Y78.84373
G01 X-11.84720 Y79.05704
G01 X-11.97832 Y79.20131
G01 X-12.16534 Y79.33388
G01 X-12.34382 Y79.41234
G01 X-12.53432 Y79.45374
G01 X-12.76359 Y79.45646
G01 X-12.98726 Y79.40614
G01 X-13.17946 Y79.31663
G01 X-13.33666 Y79.20131
G01 X-13.41827 Y79.11201
G01 X-14.88202 Y79.11201
G01 X-17.40726 Y81.63725
G01 X-17.49502 Y81.71030
G01 X-17.60836 Y81.77446
G01 X-17.76378 Y81.82160
G01 X-17.87749 Y81.83202
G01 X-28.87361 Y81.83202
G01 X-28.93521 Y81.89503
G01 X-29.10038 Y82.01058
G01 X-29.26929 Y82.08480
G01 X-29.46663 Y82.12673
G01 X-31.16749 Y82.13202
G01 X-31.28542 Y82.12404
G01 X-31.48181 Y82.07860
G01 X-31.64998 Y82.00273
G01 X-31.79977 Y81.89503
G01 X-31.95760 Y81.71975
G01 X-32.04907 Y81.55953
G01 X-32.11409 Y81.35061
G01 X-32.13159 Y81.14977
G01 X-32.11140 Y80.96636
G01 X-32.04907 Y80.77451
G01 X-31.93731 Y80.58638
G01 X-31.79977 Y80.43900
G01 X-31.63459 Y80.32343
G01 X-31.46568 Y80.24924
G01 X-31.25110 Y80.20639
G01 X-29.44956 Y80.21000
G01 X-29.26929 Y80.24924
G01 X-29.10038 Y80.32343
G01 X-28.93521 Y80.43900
G01 X-28.87361 Y80.50200
G01 X-18.15293 Y80.50200
G01 X-15.62771 Y77.97678
G01 X-15.53996 Y77.90373
G01 X-15.42660 Y77.83954
G01 X-15.27120 Y77.79243
G01 X-13.41827 Y77.78201
G01 X-13.33666 Y77.69273
G01 X-13.17946 Y77.57742
G01 X-12.98726 Y77.48788
G01 X-12.76359 Y77.43756
G01 X-12.53432 Y77.44028
G01 X-12.34382 Y77.48168
G01 X-12.16534 Y77.56017
G01 X-11.97832 Y77.69273
G01 X-11.84720 Y77.83698
G01 X-11.72404 Y78.05029
G01 X-11.66194 Y78.25303
G01 X-11.64248 Y78.44701
G04 P0 ( dwell for no time -- G64 should not smooth over this point )
G00 Z2.00000 ( retract )

G00 X-11.69018 Y79.19842 ( rapid move to begin. )
G01 F250.00000
G01 Z-0.20000
G04 P0 ( dwell for no time -- G64 should not smooth over this point )
G01 F500.00000
G01 X-11.69018 Y79.19842
G01 X-11.89747 Y79.45376
G01 X-11.69018 Y79.19842
G01 X-11.65371 Y79.13959
G01 X-11.80189 Y79.32717
G01 X-11.61299 Y79.08712
G01 X-11.65157 Y79.13614
G01 X-11.54952 Y78.96514
G01 X-11.61299 Y79.08712
G04 P0 ( dwell for no time -- G64 should not smooth over this point )
G00 Z2.00000 ( retract )

G00 X-11.52419 Y78.91645 ( rapid move to begin. )
G01 F250.00000
G01 Z-0.20000
G04 P0 ( dwell for no time -- G64 should not smooth over this point )
G01 F500.00000
G01 X-11.52419 Y78.91645
G01 X-11.46692 Y78.74020
G01 X-11.54952 Y78.96514
G01 X-11.46471 Y78.73337
G01 X-11.43623 Y78.54315
G01 X-11.46280 Y78.71379
G01 X-11.43969 Y78.47457
G01 X-11.44957 Y78.27940
G01 X-11.43623 Y78.54315
G04 P0 ( dwell for no time -- G64 should not smooth over this point )
G00 Z2.00000 ( retract )

G00 X-12.30219 Y77.20269 ( rapid move to begin. )
G01 F250.00000
G01 Z-0.20000
G04 P0 ( dwell for no time -- G64 should not smooth over this point )
G01 F500.00000
G01 X-12.30219 Y77.20269
G01 X-12.12368 Y77.23553
G01 X-11.78840 Y77.23302
G01 X-11.87006 Y77.30137
G01 X-11.80120 Y77.45265
G01 X-11.81825 Y77.42039
G01 X-11.95124 Y77.32377
G01 X-12.09572 Y77.24983
G01 X-11.87006 Y77.30137
G01 X-11.92257 Y77.28432
G01 X-12.30219 Y77.20269
G01 X-12.21827 Y77.22184
G01 X-12.42549 Y77.19187
G01 X-12.37852 Y77.19868
G01 X-12.70184 Y77.18168
G01 X-12.42549 Y77.19187
G01 X-12.47989 Y77.18402
G01 X-12.74631 Y77.17935
G01 X-12.70184 Y77.18168
G01 X-13.10755 Y77.21775
G01 X-13.07689 Y77.21447
G01 X-13.27712 Y77.27376
G01 X-13.55520 Y77.46850
G01 X-15.15748 Y77.46850
G01 X-15.30193 Y77.48041
G01 X-15.52804 Y77.54389
G01 X-15.24610 Y77.17952
G01 X-14.15284 Y77.17701
G01 X-13.87684 Y77.29471
G01 X-13.60082 Y77.34836
G01 X-13.13702 Y77.22555
G01 X-13.60085 Y77.22631
G01 X-13.77334 Y77.15486
G01 X-13.90534 Y77.02286
G01 X-13.96612 Y76.88552
G01 X-15.74273 Y76.88552
G01 X-15.62139 Y76.93637
G01 X-15.24610 Y77.17952
G04 P0 ( dwell for no time -- G64 should not smooth over this point )
G00 Z2.00000 ( retract )

G00 X-16.23759 Y76.78227 ( rapid move to begin. )
G01 F250.00000
G01 Z-0.20000
G04 P0 ( dwell for no time -- G64 should not smooth over this point )
G01 F500.00000
G01 X-16.23759 Y76.78227
G01 X-18.16431 Y76.78135
G01 X-16.23759 Y76.78227
G01 X-17.76416 Y76.78227
G01 X-16.21161 Y76.78580
G01 X-16.23759 Y76.78227
G01 X-16.06642 Y76.79550
G01 X-15.98761 Y76.81440
G01 X-16.21161 Y76.78580
G01 X-15.85367 Y76.84653
G01 X-15.90894 Y76.82715
G04 P0 ( dwell for no time -- G64 should not smooth over this point )
G00 Z2.00000 ( retract )

G00 X-15.74298 Y76.88542 ( rapid move to begin. )
G01 F250.00000
G01 Z-0.20000
G04 P0 ( dwell for no time -- G64 should not smooth over this point )
G01 F500.00000
G01 X-15.74298 Y76.88542
G01 X-15.85367 Y76.84653
G01 X-15.74273 Y76.88552
G04 P0 ( dwell for no time -- G64 should not smooth over this point )
G00 Z2.00000 ( retract )

G00 X-15.72131 Y76.89449 ( rapid move to begin. )
G01 F250.00000
G01 Z-0.20000
G04 P0 ( dwell for no time -- G64 should not smooth over this point )
G01 F500.00000
G01 X-15.72131 Y76.89449
G01 X-15.86500 Y76.84381
G01 X-15.72114 Y76.89456
G04 P0 ( dwell for no time -- G64 should not smooth over this point )
G00 Z2.00000 ( retract )

G00 X-15.62139 Y76.93637 ( rapid move to begin. )
G01 F250.00000
G01 Z-0.20000
G04 P0 ( dwell for no time -- G64 should not smooth over this point )
G01 F500.00000
G01 X-15.62139 Y76.93637
G01 X-15.71766 Y76.89979
G01 X-15.56548 Y77.12811
G01 X-15.51011 Y77.40652
G01 X-15.52769 Y77.54130
G01 X-15.54232 Y77.56007
G01 X-15.52804 Y77.54389
G04 P0 ( dwell for no time -- G64 should not smooth over this point )
G00 Z2.00000 ( retract )

G00 X-15.79617 Y77.84793 ( rapid move to begin. )
G01 F250.00000
G01 Z-0.20000
G04 P0 ( dwell for no time -- G64 should not smooth over this point )
G01 F500.00000
G01 X-15.79617 Y77.84793
G01 X-15.54232 Y77.56007
G01 X-15.79617 Y77.84793
G01 X-18.05717 Y80.10893
G01 X-18.25024 Y80.26707
G01 X-18.49860 Y80.29176
G01 X-18.25024 Y80.26707
G04 P0 ( dwell for no time -- G64 should not smooth over this point )
G00 Z2.00000 ( retract )

G00 X-19.76248 Y77.77802 ( rapid move to begin. )
G01 F250.00000
G01 Z-0.20000
G04 P0 ( dwell for no time -- G64 should not smooth over this point )
G01 F500.00000
G01 X-19.76248 Y77.77802
G01 X-19.76250 Y78.25201
G01 X-19.93248 Y78.25201
G01 X-19.93248 Y77.81701
G01 X-19.96029 Y77.72535
G01 X-20.00581 Y77.67983
G01 X-20.06530 Y77.65519
G01 X-20.53248 Y77.65202
G01 X-20.53248 Y77.48201
G01 X-20.05852 Y77.48201
G01 X-19.93528 Y77.51996
G01 X-19.85816 Y77.57769
G01 X-19.80043 Y77.65481
G01 X-19.76248 Y77.77802
G04 P0 ( dwell for no time -- G64 should not smooth over this point )
G00 Z2.00000 ( retract )

G00 X-21.36248 Y77.48201 ( rapid move to begin. )
G01 F250.00000
G01 Z-0.20000
G04 P0 ( dwell for no time -- G64 should not smooth over this point )
G01 F500.00000
G01 X-21.36248 Y77.48201
G01 X-21.36248 Y77.65202
G01 X-21.79748 Y77.65202
G01 X-21.86062 Y77.66456
G01 X-21.93469 Y77.72535
G01 X-21.95932 Y77.78483
G01 X-21.96247 Y78.00203
G01 X-22.13248 Y78.00203
G01 X-22.12925 Y77.74790
G01 X-22.09453 Y77.65481
G01 X-22.03679 Y77.57769
G01 X-21.95968 Y77.51996
G01 X-21.83647 Y77.48201
G01 X-21.36248 Y77.48201
G04 P0 ( dwell for no time -- G64 should not smooth over this point )
G00 Z2.00000 ( retract )

G00 X-22.21759 Y80.24939 ( rapid move to begin. )
G01 F250.00000
G01 Z-0.20000
G04 P0 ( dwell for no time -- G64 should not smooth over this point )
G01 F500.00000
G01 X-22.21759 Y80.24939
G01 X-22.03672 Y80.18930
G01 X-22.26839 Y80.25696
G01 X-22.03431 Y80.18851
G01 X-21.91782 Y80.04985
G01 X-21.88691 Y79.98671
G01 X-20.00853 Y79.98676
G01 X-19.87467 Y80.17947
G01 X-19.84051 Y80.19171
G01 X-20.06090 Y80.09146
G01 X-21.82973 Y80.09158
G01 X-22.03431 Y80.18851
G01 X-19.85311 Y80.18851
G01 X-19.68694 Y80.24688
G01 X-19.78407 Y80.21742
G04 P0 ( dwell for no time -- G64 should not smooth over this point )
G00 Z2.00000 ( retract )

G00 X-19.52926 Y80.27858 ( rapid move to begin. )
G01 F250.00000
G01 Z-0.20000
G04 P0 ( dwell for no time -- G64 should not smooth over this point )
G01 F500.00000
G01 X-19.52926 Y80.27858
G01 X-19.74983 Y80.22427
G01 X-19.43210 Y80.28813
G01 X-19.40391 Y80.28823
G01 X-19.53238 Y80.26796
G01 X-19.35821 Y80.29176
G01 X-19.38341 Y80.28831
G01 X-18.49860 Y80.29176
G01 X-19.35821 Y80.29176
G04 P0 ( dwell for no time -- G64 should not smooth over this point )
G00 Z2.00000 ( retract )

G00 X-17.54201 Y81.97690 ( rapid move to begin. )
G01 F250.00000
G01 Z-0.20000
G04 P0 ( dwell for no time -- G64 should not smooth over this point )
G01 F500.00000
G01 X-17.54201 Y81.97690
G01 X-17.71506 Y82.02376
G01 X-17.54201 Y81.97690
G01 X-17.41968 Y81.91406
G01 X-17.29446 Y81.81835
G01 X-17.41968 Y81.91406
G04 P0 ( dwell for no time -- G64 should not smooth over this point )
G00 Z2.00000 ( retract )

G00 X-13.85025 Y81.27337 ( rapid move to begin. )
G01 F250.00000
G01 Z-0.20000
G04 P0 ( dwell for no time -- G64 should not smooth over this point )
G01 F500.00000
G01 X-13.85025 Y81.27337
G01 X-13.87872 Y81.08315
G01 X-13.87872 Y80.89092
G01 X-13.85025 Y80.70068
G01 X-13.81710 Y80.61012
G01 X-13.85838 Y80.75506
G01 X-13.87872 Y80.98592
G01 X-13.85025 Y81.27337
G01 X-13.79076 Y81.45645
G01 X-13.67100 Y81.67477
G01 X-13.50572 Y81.87035
G01 X-13.38931 Y81.96148
G01 X-13.48055 Y81.89003
G01 X-13.67100 Y81.67477
G04 P0 ( dwell for no time -- G64 should not smooth over this point )
G00 Z2.00000 ( retract )

G00 X-12.93191 Y82.25701 ( rapid move to begin. )
G01 F250.00000
G01 Z-0.20000
G04 P0 ( dwell for no time -- G64 should not smooth over this point )
G01 F500.00000
G01 X-12.93191 Y82.25701
G01 X-13.38931 Y81.96148
G01 X-12.93191 Y82.25701
G01 X-12.38304 Y82.25704
G01 X-12.01014 Y82.02920
G01 X-11.86140 Y81.92031
G01 X-11.69018 Y81.73842
G01 X-11.52798 Y81.46527
G01 X-11.46471 Y81.27337
G01 X-11.52617 Y81.45983
G01 X-11.67009 Y81.70431
G01 X-11.86140 Y81.92031
G04 P0 ( dwell for no time -- G64 should not smooth over this point )
G00 Z2.00000 ( retract )

G00 X-11.47245 Y83.43374 ( rapid move to begin. )
G01 F250.00000
G01 Z-0.20000
G04 P0 ( dwell for no time -- G64 should not smooth over this point )
G01 F500.00000
G01 X-11.47245 Y83.43374
G01 X-11.50166 Y83.24951
G01 X-11.57832 Y83.03476
G01 X-11.71175 Y83.16816
G01 X-11.66194 Y83.33303
G01 X-11.64248 Y83.52701
G01 X-11.66194 Y83.72099
G01 X-11.71175 Y83.88586
G01 X-11.57832 Y84.01926
G01 X-11.50166 Y83.80450
G01 X-11.47245 Y83.62028
G01 X-11.47245 Y83.43374
G04 P0 ( dwell for no time -- G64 should not smooth over this point )
G00 Z2.00000 ( retract )

G00 X-11.64248 Y80.98701 ( rapid move to begin. )
G01 F250.00000
G01 Z-0.20000
G04 P0 ( dwell for no time -- G64 should not smooth over this point )
G01 F500.00000
G01 X-11.64248 Y80.98701
G01 X-11.66194 Y80.79303
G01 X-11.73021 Y80.57418
G01 X-11.83633 Y80.39041
G01 X-11.96610 Y80.24492
G01 X-12.13547 Y80.11742
G01 X-12.32772 Y80.02788
G01 X-12.56864 Y79.97667
G01 X-12.76359 Y79.97756
G01 X-12.97113 Y80.02168
G01 X-13.14959 Y80.10017
G01 X-13.33666 Y80.23273
G01 X-13.47865 Y80.39041
G01 X-13.58474 Y80.57418
G01 X-13.65302 Y80.79303
G01 X-13.67250 Y80.98701
G01 X-13.65302 Y81.18099
G01 X-13.58474 Y81.39986
G01 X-13.47865 Y81.58361
G01 X-13.34888 Y81.72910
G01 X-13.14959 Y81.87388
G01 X-12.97113 Y81.95234
G01 X-12.74634 Y81.99735
G01 X-12.55139 Y81.99646
G01 X-12.34382 Y81.95234
G01 X-12.16534 Y81.87388
G01 X-11.97832 Y81.74131
G01 X-11.83633 Y81.58361
G01 X-11.73021 Y81.39986
G01 X-11.66194 Y81.18099
G01 X-11.64248 Y80.98701
G04 P0 ( dwell for no time -- G64 should not smooth over this point )
G00 Z2.00000 ( retract )

G00 X-11.43623 Y81.08315 ( rapid move to begin. )
G01 F250.00000
G01 Z-0.20000
G04 P0 ( dwell for no time -- G64 should not smooth over this point )
G01 F500.00000
G01 X-11.43623 Y81.08315
G01 X-11.45091 Y80.79273
G01 X-11.43623 Y81.08315
G01 X-11.46471 Y81.27337
G01 X-11.43969 Y81.01457
G01 X-11.45876 Y80.74726
G01 X-11.45091 Y80.79273
G01 X-11.45203 Y80.77093
G01 X-11.52419 Y80.51759
G01 X-11.49778 Y80.61023
G01 X-11.54677 Y80.47642
G01 X-11.52419 Y80.51759
G01 X-11.65373 Y80.29440
G01 X-11.62945 Y80.32567
G01 X-11.64395 Y80.29928
G01 X-11.99013 Y79.86679
G01 X-11.69018 Y80.23563
G04 P0 ( dwell for no time -- G64 should not smooth over this point )
G00 Z2.00000 ( retract )

G00 X-12.10174 Y79.71704 ( rapid move to begin. )
G01 F250.00000
G01 Z-0.20000
G04 P0 ( dwell for no time -- G64 should not smooth over this point )
G01 F500.00000
G01 X-12.10174 Y79.71704
G01 X-12.02940 Y79.62382
G01 X-12.02940 Y79.81023
G01 X-12.10174 Y79.71704
G01 X-11.80189 Y79.32717
G01 X-12.02813 Y79.61467
G01 X-12.24695 Y79.71048
G01 X-13.04365 Y79.71701
G01 X-12.10174 Y79.71704
G01 X-11.89645 Y79.98155
G01 X-12.02940 Y79.81023
G01 X-11.99013 Y79.86679
G01 X-12.02820 Y79.81935
G01 X-12.27126 Y79.71704
G01 X-12.53664 Y79.71701
G04 P0 ( dwell for no time -- G64 should not smooth over this point )
G00 Z2.00000 ( retract )

G00 X-13.04365 Y79.71701 ( rapid move to begin. )
G01 F250.00000
G01 Z-0.20000
G04 P0 ( dwell for no time -- G64 should not smooth over this point )
G01 F500.00000
G01 X-13.04365 Y79.71701
G01 X-13.27712 Y79.62026
G01 X-13.55520 Y79.42552
G01 X-13.69246 Y79.42552
G01 X-13.85888 Y79.36718
G01 X-13.66805 Y79.43929
G01 X-13.51550 Y79.66811
G01 X-13.46221 Y79.92775
G01 X-13.36747 Y79.71701
G01 X-13.04365 Y79.71701
G01 X-13.27712 Y79.81376
G01 X-13.47222 Y79.95003
G01 X-13.46221 Y79.92775
G01 X-13.76917 Y80.47914
G01 X-13.75970 Y80.45325
G04 P0 ( dwell for no time -- G64 should not smooth over this point )
G00 Z2.00000 ( retract )

G00 X-13.79076 Y80.51762 ( rapid move to begin. )
G01 F250.00000
G01 Z-0.20000
G04 P0 ( dwell for no time -- G64 should not smooth over this point )
G01 F500.00000
G01 X-13.79076 Y80.51762
G01 X-13.81710 Y80.61012
G01 X-13.76976 Y80.48079
G01 X-13.79076 Y80.51762
G01 X-13.49076 Y79.99123
G04 P0 ( dwell for no time -- G64 should not smooth over this point )
G00 Z2.00000 ( retract )

G00 X-13.57491 Y79.47452 ( rapid move to begin. )
G01 F250.00000
G01 Z-0.20000
G04 P0 ( dwell for no time -- G64 should not smooth over this point )
G01 F500.00000
G01 X-13.57491 Y79.47452
G01 X-13.36747 Y79.71701
G01 X-13.57491 Y79.47452
G01 X-13.85888 Y79.36718
G01 X-14.11365 Y79.32593
G01 X-14.53638 Y79.32227
G01 X-14.16401 Y79.32547
G01 X-14.18761 Y79.32227
G01 X-14.53638 Y79.32227
G01 X-14.78469 Y79.34698
G01 X-14.97778 Y79.50512
G01 X-17.29446 Y81.81835
G01 X-14.97778 Y79.50512
G04 P0 ( dwell for no time -- G64 should not smooth over this point )
G00 Z2.00000 ( retract )

G00 X-17.87749 Y82.04228 ( rapid move to begin. )
G01 F250.00000
G01 Z-0.20000
G04 P0 ( dwell for no time -- G64 should not smooth over this point )
G01 F500.00000
G01 X-17.87749 Y82.04228
G01 X-17.71506 Y82.02376
G01 X-17.87749 Y82.04228
G01 X-27.84621 Y82.04228
G01 X-28.11532 Y82.07901
G01 X-27.84621 Y82.04228
G04 P0 ( dwell for no time -- G64 should not smooth over this point )
G00 Z2.00000 ( retract )

G00 X-28.36269 Y82.15460 ( rapid move to begin. )
G01 F250.00000
G01 Z-0.20000
G04 P0 ( dwell for no time -- G64 should not smooth over this point )
G01 F500.00000
G01 X-28.36269 Y82.15460
G01 X-28.11532 Y82.07901
G01 X-28.34097 Y82.14550
G01 X-28.74742 Y82.14550
G01 X-28.97287 Y82.29696
G01 X-29.12566 Y82.36501
G01 X-29.35621 Y82.42391
G01 X-28.67194 Y82.31538
G01 X-28.36269 Y82.15460
G01 X-28.51832 Y82.38810
G01 X-28.56269 Y82.56402
G01 X-28.42235 Y82.92348
G01 X-28.39012 Y83.08238
G01 X-28.39607 Y83.01637
G01 X-28.39403 Y84.34652
G01 X-28.39017 Y83.10435
G01 X-28.41867 Y82.94411
G01 X-28.39607 Y83.01637
G04 P0 ( dwell for no time -- G64 should not smooth over this point )
G00 Z2.00000 ( retract )

G00 X-28.43645 Y82.88736 ( rapid move to begin. )
G01 F250.00000
G01 Z-0.20000
G04 P0 ( dwell for no time -- G64 should not smooth over this point )
G01 F500.00000
G01 X-28.43645 Y82.88736
G01 X-28.41867 Y82.94411
G01 X-28.50536 Y82.71073
G01 X-28.43648 Y82.88726
G04 P0 ( dwell for no time -- G64 should not smooth over this point )
G00 Z2.00000 ( retract )

G00 X-28.60249 Y83.10702 ( rapid move to begin. )
G01 F250.00000
G01 Z-0.20000
G04 P0 ( dwell for no time -- G64 should not smooth over this point )
G01 F500.00000
G01 X-28.60249 Y83.10702
G01 X-28.60950 Y84.37821
G01 X-28.68451 Y84.53481
G01 X-28.76470 Y84.61050
G01 X-28.89627 Y84.66501
G01 X-31.16749 Y84.67202
G01 X-31.43190 Y84.63440
G01 X-31.63627 Y84.54974
G01 X-31.76667 Y84.46262
G01 X-31.90256 Y84.33120
G01 X-32.02547 Y84.14728
G01 X-32.09486 Y83.97143
G01 X-32.12865 Y83.78543
G01 X-32.12547 Y83.59640
G01 X-32.08549 Y83.41164
G01 X-32.01021 Y83.23824
G01 X-31.90256 Y83.08281
G01 X-31.76667 Y82.95142
G01 X-31.60774 Y82.84903
G01 X-31.43190 Y82.77964
G01 X-31.16749 Y82.74202
G01 X-28.89627 Y82.74903
G01 X-28.76470 Y82.80352
G01 X-28.68451 Y82.87923
G01 X-28.61890 Y83.00486
G01 X-28.60249 Y83.10702
G04 P0 ( dwell for no time -- G64 should not smooth over this point )
G00 Z2.00000 ( retract )

G00 X-31.29134 Y82.43699 ( rapid move to begin. )
G01 F250.00000
G01 Z-0.20000
G04 P0 ( dwell for no time -- G64 should not smooth over this point )
G01 F500.00000
G01 X-31.29134 Y82.43699
G01 X-28.96749 Y82.42851
G01 X-28.83513 Y82.44154
G01 X-28.67326 Y82.49864
G01 X-28.56764 Y82.56290
G01 X-28.50536 Y82.71073
G01 X-28.67194 Y82.31538
G01 X-29.21735 Y82.41205
G01 X-29.41242 Y82.42871
G01 X-29.36833 Y82.42701
G01 X-29.38461 Y82.42963
G01 X-30.59731 Y82.43395
G01 X-29.42461 Y82.42976
G01 X-29.48387 Y82.43484
G01 X-31.31298 Y82.43649
G01 X-31.29306 Y82.43702
G04 P0 ( dwell for no time -- G64 should not smooth over this point )
G00 Z2.00000 ( retract )

G00 X-31.81737 Y82.20375 ( rapid move to begin. )
G01 F250.00000
G01 Z-0.20000
G04 P0 ( dwell for no time -- G64 should not smooth over this point )
G01 F500.00000
G01 X-31.81737 Y82.20375
G01 X-32.13825 Y81.82882
G01 X-31.73835 Y82.30756
G01 X-31.74925 Y82.29468
G01 X-31.72197 Y82.43705
G01 X-31.73799 Y82.56471
G01 X-32.10083 Y82.98909
G01 X-31.64221 Y82.43768
G01 X-31.73835 Y82.30756
G01 X-31.51420 Y82.39592
G01 X-31.31298 Y82.43649
G01 X-31.64221 Y82.43768
G01 X-31.29421 Y82.43720
G01 X-31.49306 Y82.47215
G01 X-31.73761 Y82.56478
G01 X-31.78986 Y82.63438
G04 P0 ( dwell for no time -- G64 should not smooth over this point )
G00 Z2.00000 ( retract )

G00 X-32.10083 Y82.98909 ( rapid move to begin. )
G01 F250.00000
G01 Z-0.20000
G04 P0 ( dwell for no time -- G64 should not smooth over this point )
G01 F500.00000
G01 X-32.10083 Y82.98909
G01 X-31.78986 Y82.63438
G01 X-32.10083 Y82.98909
G01 X-32.20868 Y83.16542
G01 X-32.11173 Y83.00377
G01 X-32.22296 Y83.18495
G01 X-32.20868 Y83.16542
G01 X-32.29085 Y83.36943
G01 X-32.25684 Y83.27197
G01 X-32.29093 Y83.36415
G01 X-32.28298 Y83.32983
G04 P0 ( dwell for no time -- G64 should not smooth over this point )
G00 Z2.00000 ( retract )

G00 X-32.33512 Y83.55477 ( rapid move to begin. )
G01 F250.00000
G01 Z-0.20000
G04 P0 ( dwell for no time -- G64 should not smooth over this point )
G01 F500.00000
G01 X-32.33512 Y83.55477
G01 X-32.29085 Y83.36943
G01 X-32.33649 Y83.59912
G01 X-32.29093 Y83.36415
G01 X-32.33512 Y83.55477
G01 X-32.33990 Y83.70702
G01 X-32.30622 Y84.00301
G01 X-32.34239 Y83.78545
G01 X-32.33629 Y83.82211
G01 X-32.33688 Y83.60103
G01 X-32.34239 Y83.78545
G04 P0 ( dwell for no time -- G64 should not smooth over this point )
G00 Z2.00000 ( retract )

G00 X-32.30454 Y84.01311 ( rapid move to begin. )
G01 F250.00000
G01 Z-0.20000
G04 P0 ( dwell for no time -- G64 should not smooth over this point )
G01 F500.00000
G01 X-32.30454 Y84.01311
G01 X-32.31529 Y83.94476
G01 X-32.26743 Y84.11093
G01 X-32.29146 Y84.04753
G01 X-32.28298 Y84.08424
G01 X-32.22265 Y84.22899
G01 X-32.23187 Y84.20989
G04 P0 ( dwell for no time -- G64 should not smooth over this point )
G00 Z2.00000 ( retract )

G00 X-32.00924 Y84.61797 ( rapid move to begin. )
G01 F250.00000
G01 Z-0.20000
G04 P0 ( dwell for no time -- G64 should not smooth over this point )
G01 F500.00000
G01 X-32.00924 Y84.61797
G01 X-31.98595 Y84.67473
G01 X-32.22537 Y84.22175
G01 X-31.97432 Y84.70308
G01 X-31.98310 Y84.80844
G01 X-32.09174 Y85.07069
G01 X-32.18290 Y85.17727
G01 X-32.45770 Y85.26150
G01 X-32.18958 Y85.18080
G01 X-32.40050 Y85.25441
G01 X-32.22984 Y85.20211
G04 P0 ( dwell for no time -- G64 should not smooth over this point )
G00 Z2.00000 ( retract )

G00 X-32.13269 Y85.16188 ( rapid move to begin. )
G01 F250.00000
G01 Z-0.20000
G04 P0 ( dwell for no time -- G64 should not smooth over this point )
G01 F500.00000
G01 X-32.13269 Y85.16188
G01 X-32.18290 Y85.17727
G01 X-31.85179 Y85.00201
G01 X-31.98595 Y84.67473
G01 X-31.97521 Y84.69508
G01 X-31.72771 Y84.85462
G01 X-31.49306 Y84.94187
G01 X-31.16749 Y84.98550
G01 X-28.96749 Y84.98550
G01 X-28.83513 Y84.97247
G01 X-28.67326 Y84.91537
G01 X-28.52853 Y84.81959
G01 X-28.60396 Y85.04336
G04 P0 ( dwell for no time -- G64 should not smooth over this point )
G00 Z2.00000 ( retract )

G00 X-28.52426 Y84.81677 ( rapid move to begin. )
G01 F250.00000
G01 Z-0.20000
G04 P0 ( dwell for no time -- G64 should not smooth over this point )
G01 F500.00000
G01 X-28.52426 Y84.81677
G01 X-28.46772 Y84.63925
G04 P0 ( dwell for no time -- G64 should not smooth over this point )
G00 Z2.00000 ( retract )

G00 X-28.46769 Y84.63912 ( rapid move to begin. )
G01 F250.00000
G01 Z-0.20000
G04 P0 ( dwell for no time -- G64 should not smooth over this point )
G01 F500.00000
G01 X-28.46769 Y84.63912
G01 X-28.43889 Y84.54870
G04 P0 ( dwell for no time -- G64 should not smooth over this point )
G00 Z2.00000 ( retract )

G00 X-28.43889 Y84.54867 ( rapid move to begin. )
G01 F250.00000
G01 Z-0.20000
G04 P0 ( dwell for no time -- G64 should not smooth over this point )
G01 F500.00000
G01 X-28.43889 Y84.54867
G01 X-28.39546 Y84.36899
G01 X-28.40432 Y84.44006
G04 P0 ( dwell for no time -- G64 should not smooth over this point )
G00 Z2.00000 ( retract )

G00 X-28.39408 Y84.35805 ( rapid move to begin. )
G01 F250.00000
G01 Z-0.20000
G04 P0 ( dwell for no time -- G64 should not smooth over this point )
G01 F500.00000
G01 X-28.39408 Y84.35805
G01 X-28.39546 Y84.36899
G01 X-28.39408 Y84.35802
G04 P0 ( dwell for no time -- G64 should not smooth over this point )
G00 Z2.00000 ( retract )

G00 X-28.39403 Y84.34657 ( rapid move to begin. )
G01 F250.00000
G01 Z-0.20000
G04 P0 ( dwell for no time -- G64 should not smooth over this point )
G01 F500.00000
G01 X-28.39403 Y84.34657
G01 X-28.39408 Y84.35802
G01 X-28.39012 Y83.08238
G01 X-28.38972 Y84.30704
G01 X-28.43889 Y84.54870
G01 X-28.52451 Y84.81758
G01 X-28.48982 Y84.94491
G01 X-28.33358 Y85.17915
G01 X-28.60396 Y85.04336
G01 X-28.96749 Y85.08690
G01 X-31.16749 Y85.08687
G01 X-31.51724 Y85.06386
G01 X-31.85179 Y85.00201
G01 X-32.19613 Y85.18817
G01 X-28.31176 Y85.18827
G04 P0 ( dwell for no time -- G64 should not smooth over this point )
G00 Z2.00000 ( retract )

G00 X-28.31174 Y85.18830 ( rapid move to begin. )
G01 F250.00000
G01 Z-0.20000
G04 P0 ( dwell for no time -- G64 should not smooth over this point )
G01 F500.00000
G01 X-28.31174 Y85.18830
G01 X-28.20198 Y85.22680
G01 X-28.33358 Y85.17915
G01 X-28.14659 Y85.24626
G01 X-28.19830 Y85.22769
G01 X-27.98883 Y85.27796
G01 X-27.81776 Y85.29117
G01 X-22.46555 Y85.28433
G01 X-27.81776 Y85.29117
G01 X-28.14659 Y85.24626
G04 P0 ( dwell for no time -- G64 should not smooth over this point )
G00 Z2.00000 ( retract )

G00 X-22.62221 Y88.16701 ( rapid move to begin. )
G01 F250.00000
G01 Z-0.20000
G04 P0 ( dwell for no time -- G64 should not smooth over this point )
G01 F500.00000
G01 X-22.62221 Y88.16701
G01 X-50.91085 Y88.16701
G01 X-51.19152 Y87.75614
G01 X-51.45195 Y87.46106
G01 X-22.45440 Y87.45901
G01 X-22.35752 Y87.57704
G01 X-22.23751 Y87.67554
G01 X-22.10057 Y87.74872
G01 X-21.95201 Y87.79380
G01 X-21.79748 Y87.80902
G01 X-20.09748 Y87.80902
G01 X-19.94297 Y87.79380
G01 X-19.79441 Y87.74872
G01 X-19.65748 Y87.67554
G01 X-19.53746 Y87.57704
G01 X-19.44061 Y87.45901
G01 X-10.16748 Y87.45901
G01 X-9.99229 Y87.44559
G01 X-9.74624 Y87.38684
G01 X-9.60281 Y87.32743
G01 X-9.31150 Y87.13279
G01 X-7.75392 Y85.58060
G01 X-7.55326 Y85.31814
G01 X-7.41920 Y84.99447
G01 X-7.37548 Y84.66701
G01 X-7.37927 Y12.18339
G01 X-7.41920 Y11.93355
G01 X-7.50706 Y11.69632
G01 X-7.70172 Y11.40503
G01 X-10.02549 Y9.08124
G01 X-10.31680 Y8.88660
G01 X-10.55404 Y8.79871
G01 X-10.80385 Y8.75883
G01 X-11.12559 Y8.75500
G01 X-11.22244 Y8.63699
G01 X-11.34248 Y8.53849
G01 X-11.47939 Y8.46531
G01 X-11.62798 Y8.42023
G01 X-11.78248 Y8.40501
G01 X-13.53501 Y8.41057
G01 X-13.41090 Y8.16701
G01 X-11.38795 Y8.16701
G04 P0 ( dwell for no time -- G64 should not smooth over this point )
G00 Z2.00000 ( retract )

G00 X-13.72271 Y8.16701 ( rapid move to begin. )
G01 F250.00000
G01 Z-0.20000
G04 P0 ( dwell for no time -- G64 should not smooth over this point )
G01 F500.00000
G01 X-13.72271 Y8.16701
G01 X-17.65748 Y8.16701
G01 X-17.65748 Y8.28865
G01 X-17.53584 Y8.16701
G04 P0 ( dwell for no time -- G64 should not smooth over this point )
G00 Z2.00000 ( retract )

G00 X-17.65748 Y8.28865 ( rapid move to begin. )
G01 F250.00000
G01 Z-0.20000
G04 P0 ( dwell for no time -- G64 should not smooth over this point )
G01 F500.00000
G01 X-17.65748 Y8.28865
G01 X-17.65748 Y32.16702
G01 X-18.72827 Y32.16702
G01 X-18.84308 Y32.30044
G01 X-18.97025 Y32.51815
G01 X-19.01531 Y32.66671
G01 X-19.04948 Y32.91652
G01 X-19.04948 Y34.31535
G01 X-19.08582 Y34.39919
G01 X-18.84399 Y34.87316
G01 X-18.51905 Y35.32568
G01 X-18.40980 Y35.52967
G01 X-18.31689 Y35.80333
G01 X-18.28633 Y36.09701
G01 X-18.28326 Y36.05766
G04 P0 ( dwell for no time -- G64 should not smooth over this point )
G00 Z2.00000 ( retract )

G00 X-18.49339 Y36.07976 ( rapid move to begin. )
G01 F250.00000
G01 Z-0.20000
G04 P0 ( dwell for no time -- G64 should not smooth over this point )
G01 F500.00000
G01 X-18.49339 Y36.07976
G01 X-18.51796 Y36.33922
G01 X-18.58702 Y36.55474
G01 X-18.72585 Y36.79520
G01 X-18.89136 Y36.97364
G01 X-19.09037 Y37.11377
G01 X-19.29748 Y37.20500
G01 X-19.53571 Y37.25563
G01 X-19.79631 Y37.25293
G01 X-20.01749 Y37.20500
G01 X-20.22461 Y37.11377
G01 X-20.44924 Y36.95057
G01 X-20.61244 Y36.76200
G01 X-25.20252 Y36.76200
G01 X-25.36574 Y36.95057
G01 X-25.59038 Y37.11377
G01 X-25.81416 Y37.20947
G01 X-26.03572 Y37.25563
G01 X-26.26201 Y37.25654
G01 X-26.53361 Y37.19881
G01 X-26.75446 Y37.09652
G01 X-26.94923 Y36.95057
G01 X-27.09998 Y36.78179
G01 X-27.22795 Y36.55474
G01 X-27.29703 Y36.33922
G01 X-27.32160 Y36.11202
G01 X-28.87361 Y36.11202
G01 X-28.93521 Y36.17503
G01 X-29.10038 Y36.29058
G01 X-29.26929 Y36.36480
G01 X-29.46663 Y36.40673
G01 X-31.26835 Y36.40673
G01 X-31.46568 Y36.36480
G01 X-31.63459 Y36.29058
G01 X-31.81320 Y36.16416
G01 X-31.93731 Y36.02766
G01 X-32.04907 Y35.83953
G01 X-32.10693 Y35.66434
G01 X-32.13159 Y35.42975
G01 X-32.10693 Y35.22970
G01 X-32.04907 Y35.05451
G01 X-31.94818 Y34.87979
G01 X-31.81320 Y34.72988
G01 X-31.66446 Y34.62071
G01 X-31.48181 Y34.53541
G01 X-31.28542 Y34.49000
G01 X-31.16749 Y34.48200
G01 X-29.44956 Y34.49000
G01 X-29.26929 Y34.52924
G01 X-29.10038 Y34.60343
G01 X-28.93521 Y34.71900
G01 X-28.87361 Y34.78202
G01 X-26.69376 Y34.79241
G01 X-26.53836 Y34.83955
G01 X-26.36239 Y34.95515
G01 X-26.26201 Y34.93750
G01 X-26.03572 Y34.93838
G01 X-25.78136 Y34.99523
G01 X-25.59038 Y35.08024
G01 X-25.39137 Y35.22038
G01 X-25.20252 Y35.43201
G01 X-20.61244 Y35.43201
G01 X-20.44924 Y35.24346
G01 X-20.22461 Y35.08024
G01 X-20.00081 Y34.98456
G01 X-19.77927 Y34.93838
G01 X-19.55295 Y34.93750
G01 X-19.29748 Y34.98903
G01 X-19.09037 Y35.08024
G01 X-18.86573 Y35.24346
G01 X-18.71498 Y35.41225
G01 X-18.60104 Y35.60778
G01 X-18.51796 Y35.85479
G01 X-18.49339 Y36.07976
G04 P0 ( dwell for no time -- G64 should not smooth over this point )
G00 Z2.00000 ( retract )

G00 X-18.89385 Y37.23990 ( rapid move to begin. )
G01 F250.00000
G01 Z-0.20000
G04 P0 ( dwell for no time -- G64 should not smooth over this point )
G01 F500.00000
G01 X-18.89385 Y37.23990
G01 X-18.91572 Y37.25253
G01 X-18.74983 Y37.13198
G01 X-18.91331 Y37.24973
G01 X-18.72270 Y37.10264
G01 X-18.74983 Y37.13198
G01 X-18.66621 Y37.04153
G01 X-18.70879 Y37.09190
G04 P0 ( dwell for no time -- G64 should not smooth over this point )
G00 Z2.00000 ( retract )

G00 X-18.62441 Y37.00300 ( rapid move to begin. )
G01 F250.00000
G01 Z-0.20000
G04 P0 ( dwell for no time -- G64 should not smooth over this point )
G01 F500.00000
G01 X-18.62441 Y37.00300
G01 X-18.69372 Y37.07427
G01 X-18.52194 Y36.87333
G04 P0 ( dwell for no time -- G64 should not smooth over this point )
G00 Z2.00000 ( retract )

G00 X-18.51381 Y36.86119 ( rapid move to begin. )
G01 F250.00000
G01 Z-0.20000
G04 P0 ( dwell for no time -- G64 should not smooth over this point )
G01 F500.00000
G01 X-18.51381 Y36.86119
G01 X-18.46848 Y36.78176
G01 X-18.54485 Y36.89792
G01 X-18.42387 Y36.70536
G04 P0 ( dwell for no time -- G64 should not smooth over this point )
G00 Z2.00000 ( retract )

G00 X-18.41742 Y36.69231 ( rapid move to begin. )
G01 F250.00000
G01 Z-0.20000
G04 P0 ( dwell for no time -- G64 should not smooth over this point )
G01 F500.00000
G01 X-18.41742 Y36.69231
G01 X-18.30736 Y36.36556
G01 X-18.31763 Y36.39548
G01 X-18.28633 Y36.09701
G01 X-18.30736 Y36.36556
G04 P0 ( dwell for no time -- G64 should not smooth over this point )
G00 Z2.00000 ( retract )

G00 X-18.28590 Y36.18692 ( rapid move to begin. )
G01 F250.00000
G01 Z-0.20000
G04 P0 ( dwell for no time -- G64 should not smooth over this point )
G01 F500.00000
G01 X-18.28590 Y36.18692
G01 X-18.29946 Y35.91781
G01 X-18.29456 Y35.95014
G01 X-18.32098 Y35.78801
G01 X-18.30736 Y35.82848
G04 P0 ( dwell for no time -- G64 should not smooth over this point )
G00 Z2.00000 ( retract )

G00 X-18.28590 Y36.00712 ( rapid move to begin. )
G01 F250.00000
G01 Z-0.20000
G04 P0 ( dwell for no time -- G64 should not smooth over this point )
G01 F500.00000
G01 X-18.28590 Y36.00712
G01 X-18.29456 Y35.95014
G01 X-18.28590 Y36.09142
G01 X-18.30736 Y35.82848
G01 X-18.41740 Y35.50178
G01 X-18.52192 Y35.32073
G01 X-18.85100 Y34.85500
G01 X-18.85191 Y34.70735
G01 X-18.83060 Y34.61601
G01 X-18.73599 Y34.40217
G01 X-18.72679 Y32.82317
G01 X-18.68062 Y32.63811
G01 X-18.52291 Y32.40209
G01 X-18.28689 Y32.24438
G01 X-18.10183 Y32.19821
G01 X-17.65461 Y32.18901
G01 X-17.63548 Y32.16991
G01 X-17.63548 Y9.00844
G01 X-17.58011 Y8.73003
G01 X-17.42240 Y8.49401
G01 X-17.33048 Y8.40209
G01 X-17.09446 Y8.24438
G01 X-16.90942 Y8.19820
G01 X-14.34913 Y8.19820
G01 X-14.16409 Y8.24438
G01 X-13.92807 Y8.40209
G01 X-13.77036 Y8.63811
G01 X-13.73623 Y8.80496
G01 X-13.72391 Y8.78693
G01 X-13.85198 Y9.14270
G01 X-13.85708 Y10.92789
G01 X-13.82373 Y11.05614
G01 X-13.85198 Y10.94745
G01 X-13.82373 Y11.05614
G01 X-13.77778 Y11.13058
G01 X-13.50869 Y11.37320
G01 X-13.47509 Y11.55494
G01 X-13.51766 Y11.64712
G01 X-13.42317 Y11.44244
G01 X-13.77778 Y11.13058
G01 X-13.50841 Y11.37295
G01 X-13.13717 Y11.37130
G01 X-13.42317 Y11.44244
G01 X-12.98784 Y11.34270
G01 X-12.94141 Y11.34024
G01 X-13.02830 Y11.35197
G01 X-12.81014 Y11.32400
G01 X-12.91169 Y11.33869
G01 X-12.72132 Y11.31936
G01 X-12.63247 Y11.32091
G01 X-12.76506 Y11.32400
G01 X-12.49943 Y11.32322
G01 X-12.93470 Y11.34201
G01 X-13.07090 Y11.36172
G01 X-13.25210 Y11.41377
G01 X-13.47242 Y11.56091
G01 X-13.76577 Y12.11760
G04 P0 ( dwell for no time -- G64 should not smooth over this point )
G00 Z2.00000 ( retract )

G00 X-13.83793 Y12.37099 ( rapid move to begin. )
G01 F250.00000
G01 Z-0.20000
G04 P0 ( dwell for no time -- G64 should not smooth over this point )
G01 F500.00000
G01 X-13.83793 Y12.37099
G01 X-13.83999 Y12.39931
G01 X-13.82525 Y12.30066
G01 X-13.76577 Y12.11760
G01 X-13.51766 Y11.64712
G01 X-13.76577 Y12.11760
G01 X-13.83338 Y12.35502
G01 X-13.85248 Y12.65923
G01 X-13.83046 Y12.83236
G01 X-13.85667 Y12.62636
G01 X-13.83999 Y12.39931
G01 X-13.85370 Y12.68316
G01 X-13.82525 Y12.87340
G01 X-13.83046 Y12.83236
G01 X-13.76577 Y13.05644
G01 X-13.82320 Y12.87894
G01 X-13.74590 Y13.09014
G01 X-13.76577 Y13.05644
G01 X-13.62866 Y13.28933
G01 X-13.69790 Y13.18011
G01 X-13.64601 Y13.27478
G01 X-13.44255 Y13.52916
G01 X-13.67697 Y13.22710
G01 X-13.76577 Y13.05644
G04 P0 ( dwell for no time -- G64 should not smooth over this point )
G00 Z2.00000 ( retract )

G00 X-13.76577 Y14.65760 ( rapid move to begin. )
G01 F250.00000
G01 Z-0.20000
G04 P0 ( dwell for no time -- G64 should not smooth over this point )
G01 F500.00000
G01 X-13.76577 Y14.65760
G01 X-13.82525 Y14.84066
G01 X-13.74311 Y14.61633
G01 X-13.76577 Y14.65760
G01 X-13.67697 Y14.48694
G01 X-13.66107 Y14.46675
G01 X-13.69808 Y14.53421
G01 X-13.59978 Y14.37564
G01 X-13.53869 Y14.30525
G01 X-13.63836 Y14.43789
G01 X-13.26038 Y13.94887
G01 X-13.64601 Y14.43926
G04 P0 ( dwell for no time -- G64 should not smooth over this point )
G00 Z2.00000 ( retract )

G00 X-13.18817 Y13.85702 ( rapid move to begin. )
G01 F250.00000
G01 Z-0.20000
G04 P0 ( dwell for no time -- G64 should not smooth over this point )
G01 F500.00000
G01 X-13.18817 Y13.85702
G01 X-13.26173 Y13.95931
G01 X-13.01865 Y13.85702
G01 X-13.25210 Y13.76027
G01 X-13.44255 Y13.52916
G01 X-13.26051 Y13.76375
G01 X-13.47814 Y13.48824
G01 X-13.18817 Y13.85702
G01 X-13.26038 Y13.94887
G01 X-13.26036 Y13.76517
G01 X-13.18817 Y13.85702
G01 X-12.24626 Y13.85702
G01 X-12.01286 Y13.76027
G01 X-11.73478 Y13.56553
G01 X-11.39699 Y13.56553
G01 X-11.38833 Y14.70739
G01 X-11.42086 Y14.53007
G01 X-11.50728 Y14.23340
G01 X-11.66768 Y13.85702
G01 X-12.24626 Y13.85702
G01 X-12.01286 Y13.95377
G01 X-11.78246 Y14.10823
G01 X-11.55772 Y14.34615
G01 X-11.41347 Y14.61033
G01 X-11.48995 Y14.29281
G01 X-11.66768 Y13.85702
G04 P0 ( dwell for no time -- G64 should not smooth over this point )
G00 Z2.00000 ( retract )

G00 X-11.37083 Y14.81051 ( rapid move to begin. )
G01 F250.00000
G01 Z-0.20000
G04 P0 ( dwell for no time -- G64 should not smooth over this point )
G01 F500.00000
G01 X-11.37083 Y14.81051
G01 X-11.41347 Y14.61033
G01 X-11.36095 Y14.90406
G01 X-11.35780 Y14.99471
G01 X-11.36887 Y14.84698
G01 X-11.36130 Y15.26387
G01 X-11.35780 Y14.99471
G01 X-11.35165 Y15.17231
G01 X-11.35165 Y15.08178
G04 P0 ( dwell for no time -- G64 should not smooth over this point )
G00 Z2.00000 ( retract )

G00 X-11.61749 Y15.12702 ( rapid move to begin. )
G01 F250.00000
G01 Z-0.20000
G04 P0 ( dwell for no time -- G64 should not smooth over this point )
G01 F500.00000
G01 X-11.61749 Y15.12702
G01 X-11.64413 Y14.89931
G01 X-11.70524 Y14.71417
G01 X-11.81134 Y14.53040
G01 X-11.94111 Y14.38493
G01 X-12.14037 Y14.24015
G01 X-12.31883 Y14.16169
G01 X-12.54365 Y14.11666
G01 X-12.75563 Y14.12027
G01 X-12.94613 Y14.16169
G01 X-13.12460 Y14.24015
G01 X-13.31167 Y14.37272
G01 X-13.45365 Y14.53040
G01 X-13.55190 Y14.69878
G01 X-13.62084 Y14.89931
G01 X-13.64748 Y15.12702
G01 X-13.62084 Y15.35473
G01 X-13.55975 Y15.53985
G01 X-13.45365 Y15.72361
G01 X-13.32386 Y15.86908
G01 X-13.15447 Y15.99661
G01 X-12.96226 Y16.08615
G01 X-12.72134 Y16.13736
G01 X-12.50933 Y16.13375
G01 X-12.31883 Y16.09235
G01 X-12.11047 Y15.99661
G01 X-11.95333 Y15.88130
G01 X-11.81134 Y15.72361
G01 X-11.69905 Y15.52372
G01 X-11.63697 Y15.32097
G01 X-11.61749 Y15.12702
G04 P0 ( dwell for no time -- G64 should not smooth over this point )
G00 Z2.00000 ( retract )

G00 X-11.50728 Y16.02067 ( rapid move to begin. )
G01 F250.00000
G01 Z-0.20000
G04 P0 ( dwell for no time -- G64 should not smooth over this point )
G01 F500.00000
G01 X-11.50728 Y16.02067
G01 X-11.40938 Y15.65968
G01 X-11.50728 Y16.02067
G01 X-11.66768 Y16.39702
G01 X-11.57550 Y16.59567
G01 X-11.45719 Y16.94528
G01 X-11.53410 Y16.71040
G01 X-11.66768 Y16.39702
G01 X-12.24631 Y16.39702
G01 X-11.92622 Y16.25026
G01 X-11.74355 Y16.11429
G01 X-11.55772 Y15.90789
G01 X-11.40192 Y15.61777
G01 X-11.40938 Y15.65968
G01 X-11.37083 Y15.44353
G01 X-11.36887 Y15.40711
G01 X-11.39381 Y15.57238
G01 X-11.35635 Y15.21762
G01 X-11.39699 Y15.60876
G01 X-11.39234 Y17.22978
G01 X-11.41487 Y17.14386
G01 X-11.37083 Y17.35051
G01 X-11.37989 Y17.30789
G01 X-11.36758 Y17.39641
G01 X-11.38838 Y17.26816
G01 X-11.35780 Y17.53471
G01 X-11.36095 Y17.44406
G04 P0 ( dwell for no time -- G64 should not smooth over this point )
G00 Z2.00000 ( retract )

G00 X-11.46849 Y16.89237 ( rapid move to begin. )
G01 F250.00000
G01 Z-0.20000
G04 P0 ( dwell for no time -- G64 should not smooth over this point )
G01 F500.00000
G01 X-11.46849 Y16.89237
G01 X-11.39732 Y17.18447
G01 X-11.45719 Y16.94528
G01 X-11.41487 Y17.14386
G01 X-11.58922 Y16.84721
G01 X-11.74355 Y16.67975
G01 X-12.01286 Y16.49377
G01 X-12.24631 Y16.39702
G01 X-12.90692 Y16.39702
G01 X-13.42973 Y16.05925
G01 X-13.61982 Y15.84434
G01 X-13.56399 Y15.92260
G01 X-13.67697 Y15.76710
G01 X-13.74319 Y15.63756
G01 X-13.66457 Y15.76832
G01 X-13.76577 Y15.59644
G01 X-13.82525 Y15.41340
G01 X-13.85370 Y15.18971
G01 X-13.82525 Y14.84066
G01 X-13.85667 Y15.16636
G01 X-13.82525 Y15.41340
G01 X-13.74319 Y15.63756
G01 X-13.76577 Y15.59644
G01 X-13.65731 Y15.79413
G01 X-13.61982 Y15.84434
G01 X-13.66457 Y15.76832
G01 X-13.57699 Y15.90263
G01 X-13.46000 Y16.02702
G01 X-13.56399 Y15.92260
G01 X-13.42973 Y16.05925
G01 X-12.90692 Y16.39702
G04 P0 ( dwell for no time -- G64 should not smooth over this point )
G00 Z2.00000 ( retract )

G00 X-13.57824 Y18.02587 ( rapid move to begin. )
G01 F250.00000
G01 Z-0.20000
G04 P0 ( dwell for no time -- G64 should not smooth over this point )
G01 F500.00000
G01 X-13.57824 Y18.02587
G01 X-13.71164 Y18.15925
G01 X-13.78830 Y17.94451
G01 X-13.81748 Y17.76026
G01 X-13.81748 Y17.57375
G01 X-13.78830 Y17.38952
G01 X-13.71207 Y17.17563
G01 X-13.57834 Y17.30855
G01 X-13.62800 Y17.47304
G01 X-13.64748 Y17.66702
G01 X-13.62800 Y17.86097
G01 X-13.57824 Y18.02587
G04 P0 ( dwell for no time -- G64 should not smooth over this point )
G00 Z2.00000 ( retract )

G00 X-11.46808 Y18.44020 ( rapid move to begin. )
G01 F250.00000
G01 Z-0.20000
G04 P0 ( dwell for no time -- G64 should not smooth over this point )
G01 F500.00000
G01 X-11.46808 Y18.44020
G01 X-11.41322 Y18.18261
G01 X-11.57057 Y18.46379
G01 X-11.44550 Y18.54436
G01 X-11.40179 Y18.59983
G01 X-11.46808 Y18.44020
G01 X-11.39897 Y18.16123
G01 X-11.39399 Y18.11993
G01 X-11.41322 Y18.18261
G01 X-11.37083 Y17.98353
G01 X-11.36885 Y17.94642
G01 X-11.38838 Y18.06600
G01 X-11.35635 Y17.75762
G01 X-11.39897 Y18.16123
G04 P0 ( dwell for no time -- G64 should not smooth over this point )
G00 Z2.00000 ( retract )

G00 X-11.35165 Y17.71231 ( rapid move to begin. )
G01 F250.00000
G01 Z-0.20000
G04 P0 ( dwell for no time -- G64 should not smooth over this point )
G01 F500.00000
G01 X-11.35165 Y17.71231
G01 X-11.36130 Y17.80387
G01 X-11.36143 Y17.52745
G01 X-11.35632 Y17.75666
G01 X-11.35165 Y17.71231
G01 X-11.35165 Y17.62178
G01 X-11.37083 Y17.98353
G01 X-11.39699 Y18.14876
G01 X-11.39290 Y18.61111
G01 X-11.40179 Y18.59983
G01 X-11.31472 Y18.87697
G01 X-11.37367 Y18.66753
G01 X-11.31472 Y18.87697
G01 X-11.29409 Y19.07802
G01 X-11.29374 Y33.38515
G04 P0 ( dwell for no time -- G64 should not smooth over this point )
G00 Z2.00000 ( retract )

G00 X-11.33859 Y33.71380 ( rapid move to begin. )
G01 F250.00000
G01 Z-0.20000
G04 P0 ( dwell for no time -- G64 should not smooth over this point )
G01 F500.00000
G01 X-11.33859 Y33.71380
G01 X-11.29374 Y33.38515
G01 X-11.30692 Y33.55622
G01 X-11.35521 Y33.75756
G01 X-11.33859 Y33.71380
G01 X-11.40603 Y33.90158
G01 X-11.63958 Y34.05726
G01 X-11.91799 Y34.11263
G01 X-12.18020 Y34.06361
G01 X-12.48131 Y33.89968
G01 X-12.66722 Y33.82269
G01 X-12.85993 Y33.77105
G01 X-13.05774 Y33.74502
G01 X-13.25723 Y33.74502
G01 X-13.45505 Y33.77105
G01 X-13.64778 Y33.82269
G01 X-13.83209 Y33.89904
G01 X-14.00488 Y33.99879
G01 X-14.16318 Y34.12025
G01 X-14.30422 Y34.26130
G01 X-14.42571 Y34.41964
G01 X-14.52546 Y34.59241
G01 X-14.60181 Y34.77674
G01 X-14.65345 Y34.96945
G01 X-14.67948 Y35.16726
G01 X-14.67948 Y35.36678
G01 X-14.65345 Y35.56457
G01 X-14.60181 Y35.75728
G01 X-14.52546 Y35.94161
G01 X-14.42571 Y36.11440
G01 X-14.30422 Y36.27272
G01 X-14.16318 Y36.41377
G01 X-14.00488 Y36.53523
G01 X-13.83206 Y36.63500
G01 X-13.64776 Y36.71133
G01 X-13.22879 Y36.80203
G01 X-13.05134 Y36.87199
G01 X-12.97509 Y36.92662
G01 X-12.83793 Y37.05913
G01 X-12.74542 Y37.22593
G01 X-12.71238 Y37.31372
G01 X-12.69310 Y37.49454
G01 X-12.61771 Y37.27066
G01 X-12.57095 Y37.06878
G01 X-12.53775 Y36.81026
G01 X-12.53849 Y36.47552
G01 X-12.02396 Y35.96099
G01 X-12.02396 Y34.73031
G01 X-11.70225 Y34.38789
G01 X-11.47220 Y34.03839
G01 X-11.41177 Y33.90651
G01 X-11.44781 Y34.00135
G01 X-11.39699 Y33.88009
G01 X-11.39699 Y36.22070
G01 X-12.69241 Y37.51613
G01 X-12.73143 Y37.58890
G01 X-12.64840 Y37.40312
G01 X-12.58071 Y37.14470
G01 X-12.55086 Y36.93122
G01 X-11.71048 Y36.09086
G01 X-11.71045 Y34.40036
G01 X-11.44781 Y34.00135
G04 P0 ( dwell for no time -- G64 should not smooth over this point )
G00 Z2.00000 ( retract )

G00 X-11.49973 Y34.09851 ( rapid move to begin. )
G01 F250.00000
G01 Z-0.20000
G04 P0 ( dwell for no time -- G64 should not smooth over this point )
G01 F500.00000
G01 X-11.49973 Y34.09851
G01 X-11.47405 Y34.04243
G01 X-11.71660 Y34.40112
G01 X-11.67512 Y34.35733
G04 P0 ( dwell for no time -- G64 should not smooth over this point )
G00 Z2.00000 ( retract )

G00 X-11.75487 Y34.45451 ( rapid move to begin. )
G01 F250.00000
G01 Z-0.20000
G04 P0 ( dwell for no time -- G64 should not smooth over this point )
G01 F500.00000
G01 X-11.75487 Y34.45451
G01 X-11.82663 Y34.52807
G01 X-11.71660 Y34.40112
G01 X-11.91799 Y34.42614
G01 X-12.16775 Y34.39198
G01 X-12.28960 Y34.35741
G01 X-12.61919 Y34.18192
G01 X-12.76823 Y34.12017
G01 X-12.92122 Y34.07920
G01 X-13.07827 Y34.05850
G01 X-13.23671 Y34.05850
G01 X-13.39376 Y34.07920
G01 X-13.54674 Y34.12017
G01 X-13.69315 Y34.18080
G01 X-13.83033 Y34.26003
G01 X-13.95604 Y34.35650
G01 X-14.06803 Y34.46848
G01 X-14.16447 Y34.59416
G01 X-14.24367 Y34.73135
G01 X-14.30432 Y34.87773
G01 X-14.34532 Y35.03074
G01 X-14.36599 Y35.18779
G01 X-14.36599 Y35.34623
G01 X-14.34532 Y35.50328
G01 X-14.30432 Y35.65629
G01 X-14.24369 Y35.80267
G01 X-14.16447 Y35.93986
G01 X-14.06803 Y36.06556
G01 X-13.95604 Y36.17755
G01 X-13.83031 Y36.27402
G01 X-13.69315 Y36.35322
G01 X-13.54677 Y36.41385
G01 X-13.12802 Y36.50516
G01 X-12.89460 Y36.60048
G01 X-12.69534 Y36.75497
G01 X-12.58921 Y36.86830
G01 X-12.55076 Y36.93015
G01 X-12.56882 Y37.05959
G01 X-12.55086 Y36.93137
G04 P0 ( dwell for no time -- G64 should not smooth over this point )
G00 Z2.00000 ( retract )

G00 X-12.55086 Y36.93122 ( rapid move to begin. )
G01 F250.00000
G01 Z-0.20000
G04 P0 ( dwell for no time -- G64 should not smooth over this point )
G01 F500.00000
G01 X-12.55086 Y36.93122
G01 X-12.53775 Y36.81026
G04 P0 ( dwell for no time -- G64 should not smooth over this point )
G00 Z2.00000 ( retract )

G00 X-12.53532 Y36.57272 ( rapid move to begin. )
G01 F250.00000
G01 Z-0.20000
G04 P0 ( dwell for no time -- G64 should not smooth over this point )
G01 F500.00000
G01 X-12.53532 Y36.57272
G01 X-12.53836 Y36.52906
G01 X-12.53775 Y36.81026
G01 X-12.54230 Y36.47270
G01 X-12.73783 Y36.32898
G01 X-12.93524 Y36.23953
G01 X-13.44580 Y36.11634
G01 X-13.55416 Y36.07145
G01 X-13.65581 Y36.01275
G01 X-13.83183 Y35.85840
G01 X-13.90326 Y35.76531
G01 X-14.00681 Y35.55530
G01 X-14.05248 Y35.32563
G01 X-14.03717 Y35.09200
G01 X-13.96191 Y34.87031
G01 X-13.90326 Y34.76871
G01 X-13.74890 Y34.59269
G01 X-13.55421 Y34.46259
G01 X-13.33242 Y34.38731
G01 X-13.21616 Y34.37202
G01 X-12.98253 Y34.38731
G01 X-12.86917 Y34.41768
G01 X-12.39897 Y34.65121
G01 X-12.22894 Y34.69945
G01 X-12.02635 Y34.72881
G04 P0 ( dwell for no time -- G64 should not smooth over this point )
G00 Z2.00000 ( retract )

G00 X-12.02396 Y34.73031 ( rapid move to begin. )
G01 F250.00000
G01 Z-0.20000
G04 P0 ( dwell for no time -- G64 should not smooth over this point )
G01 F500.00000
G01 X-12.02396 Y34.73031
G01 X-12.00334 Y34.70918
G04 P0 ( dwell for no time -- G64 should not smooth over this point )
G00 Z2.00000 ( retract )

G00 X-12.00278 Y34.70869 ( rapid move to begin. )
G01 F250.00000
G01 Z-0.20000
G04 P0 ( dwell for no time -- G64 should not smooth over this point )
G01 F500.00000
G01 X-12.00278 Y34.70869
G01 X-11.82691 Y34.52838
G04 P0 ( dwell for no time -- G64 should not smooth over this point )
G00 Z2.00000 ( retract )

G00 X-11.93775 Y34.65327 ( rapid move to begin. )
G01 F250.00000
G01 Z-0.20000
G04 P0 ( dwell for no time -- G64 should not smooth over this point )
G01 F500.00000
G01 X-11.93775 Y34.65327
G01 X-12.00283 Y34.70874
G04 P0 ( dwell for no time -- G64 should not smooth over this point )
G00 Z2.00000 ( retract )

G00 X-12.00339 Y34.70923 ( rapid move to begin. )
G01 F250.00000
G01 Z-0.20000
G04 P0 ( dwell for no time -- G64 should not smooth over this point )
G01 F500.00000
G01 X-12.00339 Y34.70923
G01 X-12.21047 Y34.89007
G01 X-12.02396 Y34.73033
G04 P0 ( dwell for no time -- G64 should not smooth over this point )
G00 Z2.00000 ( retract )

G00 X-12.16016 Y34.85202 ( rapid move to begin. )
G01 F250.00000
G01 Z-0.20000
G04 P0 ( dwell for no time -- G64 should not smooth over this point )
G01 F500.00000
G01 X-12.16016 Y34.85202
G01 X-12.25515 Y34.92386
G01 X-12.02638 Y34.72881
G01 X-12.27855 Y34.94918
G01 X-12.33699 Y34.99363
G01 X-12.25559 Y34.92419
G01 X-12.55500 Y35.15947
G01 X-12.33750 Y34.99401
G04 P0 ( dwell for no time -- G64 should not smooth over this point )
G00 Z2.00000 ( retract )

G00 X-12.33750 Y34.99404 ( rapid move to begin. )
G01 F250.00000
G01 Z-0.20000
G04 P0 ( dwell for no time -- G64 should not smooth over this point )
G01 F500.00000
G01 X-12.33750 Y34.99404
G01 X-12.33750 Y35.83114
G01 X-12.57090 Y36.06454
G01 X-12.53849 Y36.47552
G04 P0 ( dwell for no time -- G64 should not smooth over this point )
G00 Z2.00000 ( retract )

G00 X-12.57090 Y36.06454 ( rapid move to begin. )
G01 F250.00000
G01 Z-0.20000
G04 P0 ( dwell for no time -- G64 should not smooth over this point )
G01 F500.00000
G01 X-12.57090 Y36.06454
G01 X-12.62770 Y35.71093
G01 X-12.65099 Y35.67717
G01 X-12.65078 Y35.22304
G01 X-12.87181 Y35.36975
G01 X-12.64573 Y35.68570
G01 X-12.82569 Y35.61458
G01 X-13.20989 Y35.53043
G01 X-13.30671 Y35.49033
G01 X-13.38081 Y35.41623
G01 X-13.41182 Y35.35334
G01 X-13.42548 Y35.24948
G01 X-13.38081 Y35.11781
G01 X-13.30669 Y35.04369
G01 X-13.17501 Y34.99901
G01 X-13.03290 Y35.02853
G01 X-12.65099 Y35.22319
G04 P0 ( dwell for no time -- G64 should not smooth over this point )
G00 Z2.00000 ( retract )

G00 X-12.55500 Y35.15947 ( rapid move to begin. )
G01 F250.00000
G01 Z-0.20000
G04 P0 ( dwell for no time -- G64 should not smooth over this point )
G01 F500.00000
G01 X-12.55500 Y35.15947
G01 X-12.65078 Y35.22304
G01 X-12.34456 Y34.99147
G01 X-12.50834 Y34.94501
G01 X-12.97016 Y34.71519
G01 X-13.19556 Y34.68550
G01 X-13.34481 Y34.71519
G01 X-13.54171 Y34.82886
G01 X-13.64202 Y34.94324
G01 X-13.70930 Y35.07968
G01 X-13.73900 Y35.22888
G01 X-13.70930 Y35.45436
G01 X-13.64202 Y35.59078
G01 X-13.54171 Y35.70516
G01 X-13.34481 Y35.81882
G01 X-12.92648 Y35.91143
G01 X-12.57088 Y36.06477
G01 X-12.53951 Y36.50899
G01 X-12.56724 Y36.08740
G04 P0 ( dwell for no time -- G64 should not smooth over this point )
G00 Z2.00000 ( retract )

G00 X-12.53836 Y36.52903 ( rapid move to begin. )
G01 F250.00000
G01 Z-0.20000
G04 P0 ( dwell for no time -- G64 should not smooth over this point )
G01 F500.00000
G01 X-12.53836 Y36.52903
G01 X-12.53951 Y36.50899
G01 X-12.53836 Y36.52906
G04 P0 ( dwell for no time -- G64 should not smooth over this point )
G00 Z2.00000 ( retract )

G00 X-12.58071 Y37.14470 ( rapid move to begin. )
G01 F250.00000
G01 Z-0.20000
G04 P0 ( dwell for no time -- G64 should not smooth over this point )
G01 F500.00000
G01 X-12.58071 Y37.14470
G01 X-12.56882 Y37.05959
G01 X-12.64840 Y37.40312
G01 X-12.69117 Y37.51270
G01 X-12.72935 Y37.58423
G01 X-12.69310 Y37.49454
G01 X-12.82053 Y37.75509
G01 X-12.79310 Y37.70386
G01 X-12.97367 Y37.94343
G01 X-12.82053 Y37.75509
G04 P0 ( dwell for no time -- G64 should not smooth over this point )
G00 Z2.00000 ( retract )

G00 X-12.97367 Y37.94343 ( rapid move to begin. )
G01 F250.00000
G01 Z-0.20000
G04 P0 ( dwell for no time -- G64 should not smooth over this point )
G01 F500.00000
G01 X-12.97367 Y37.94343
G01 X-18.57638 Y43.54614
G01 X-18.70452 Y43.70725
G01 X-18.77714 Y43.86003
G01 X-18.70452 Y43.70725
G04 P0 ( dwell for no time -- G64 should not smooth over this point )
G00 Z2.00000 ( retract )

G00 X-18.80942 Y43.96049 ( rapid move to begin. )
G01 F250.00000
G01 Z-0.20000
G04 P0 ( dwell for no time -- G64 should not smooth over this point )
G01 F500.00000
G01 X-18.80942 Y43.96049
G01 X-18.77714 Y43.86003
G01 X-18.80942 Y43.96049
G01 X-18.83274 Y44.16501
G01 X-18.83274 Y56.82589
G01 X-18.85743 Y57.07426
G01 X-19.01557 Y57.26732
G01 X-21.53718 Y59.78893
G01 X-21.73027 Y59.94707
G01 X-21.97860 Y59.97176
G01 X-28.12009 Y59.96815
G01 X-21.97860 Y59.97176
G04 P0 ( dwell for no time -- G64 should not smooth over this point )
G00 Z2.00000 ( retract )

G00 X-21.35750 Y62.05702 ( rapid move to begin. )
G01 F250.00000
G01 Z-0.20000
G04 P0 ( dwell for no time -- G64 should not smooth over this point )
G01 F500.00000
G01 X-21.35750 Y62.05702
G01 X-25.55749 Y62.05702
G01 X-21.28777 Y62.05532
G01 X-21.04772 Y62.03648
G04 P0 ( dwell for no time -- G64 should not smooth over this point )
G00 Z2.00000 ( retract )

G00 X-20.80088 Y61.99225 ( rapid move to begin. )
G01 F250.00000
G01 Z-0.20000
G04 P0 ( dwell for no time -- G64 should not smooth over this point )
G01 F500.00000
G01 X-20.80088 Y61.99225
G01 X-21.04772 Y62.03648
G01 X-20.73210 Y61.97503
G04 P0 ( dwell for no time -- G64 should not smooth over this point )
G00 Z2.00000 ( retract )

G00 X-16.86518 Y58.38010 ( rapid move to begin. )
G01 F250.00000
G01 Z-0.20000
G04 P0 ( dwell for no time -- G64 should not smooth over this point )
G01 F500.00000
G01 X-16.86518 Y58.38010
G01 X-16.78479 Y58.12942
G01 X-16.72380 Y57.81911
G01 X-16.79705 Y58.01169
G01 X-16.92954 Y58.22724
G01 X-17.04392 Y58.36059
G01 X-20.44391 Y61.76061
G01 X-20.57726 Y61.87498
G01 X-20.72570 Y61.97089
G01 X-20.31203 Y61.83160
G01 X-20.73210 Y61.97503
G01 X-20.25265 Y61.97503
G01 X-16.71849 Y58.44085
G01 X-16.71847 Y57.80504
G01 X-16.72380 Y57.81911
G01 X-16.69380 Y57.46854
G01 X-16.71847 Y57.80504
G04 P0 ( dwell for no time -- G64 should not smooth over this point )
G00 Z2.00000 ( retract )

G00 X-16.69197 Y57.44700 ( rapid move to begin. )
G01 F250.00000
G01 Z-0.20000
G04 P0 ( dwell for no time -- G64 should not smooth over this point )
G01 F500.00000
G01 X-16.69197 Y57.44700
G01 X-16.69380 Y57.46854
G01 X-16.69197 Y46.93602
G01 X-16.69197 Y57.44700
G01 X-16.69012 Y46.91446
G01 X-16.69197 Y46.93602
G01 X-16.66088 Y46.57280
G01 X-16.69197 Y46.93602
G04 P0 ( dwell for no time -- G64 should not smooth over this point )
G00 Z2.00000 ( retract )

G00 X-16.54643 Y46.08030 ( rapid move to begin. )
G01 F250.00000
G01 Z-0.20000
G04 P0 ( dwell for no time -- G64 should not smooth over this point )
G01 F500.00000
G01 X-16.54643 Y46.08030
G01 X-16.62370 Y46.35162
G01 X-16.66683 Y46.59660
G01 X-16.66548 Y44.70019
G01 X-14.29945 Y42.33415
G04 P0 ( dwell for no time -- G64 should not smooth over this point )
G00 Z2.00000 ( retract )

G00 X-14.61293 Y43.09100 ( rapid move to begin. )
G01 F250.00000
G01 Z-0.20000
G04 P0 ( dwell for no time -- G64 should not smooth over this point )
G01 F500.00000
G01 X-14.61293 Y43.09100
G01 X-14.61298 Y43.91701
G01 X-14.59711 Y44.07789
G01 X-14.43595 Y44.17603
G01 X-14.92645 Y43.87736
G01 X-14.92645 Y43.84787
G01 X-14.61293 Y43.09100
G01 X-16.35200 Y44.83003
G01 X-16.35194 Y45.59097
G04 P0 ( dwell for no time -- G64 should not smooth over this point )
G00 Z2.00000 ( retract )

G00 X-14.92647 Y43.87751 ( rapid move to begin. )
G01 F250.00000
G01 Z-0.20000
G04 P0 ( dwell for no time -- G64 should not smooth over this point )
G01 F500.00000
G01 X-14.92647 Y43.87751
G01 X-14.93620 Y43.87144
G01 X-15.00519 Y43.92765
G01 X-14.92342 Y43.87941
G01 X-14.93620 Y43.87144
G01 X-14.92645 Y43.84784
G04 P0 ( dwell for no time -- G64 should not smooth over this point )
G00 Z2.00000 ( retract )

G00 X-14.56417 Y44.10418 ( rapid move to begin. )
G01 F250.00000
G01 Z-0.20000
G04 P0 ( dwell for no time -- G64 should not smooth over this point )
G01 F500.00000
G01 X-14.56417 Y44.10418
G01 X-14.59653 Y44.08393
G01 X-14.48753 Y44.15213
G04 P0 ( dwell for no time -- G64 should not smooth over this point )
G00 Z2.00000 ( retract )

G00 X-14.56411 Y44.10420 ( rapid move to begin. )
G01 F250.00000
G01 Z-0.20000
G04 P0 ( dwell for no time -- G64 should not smooth over this point )
G01 F500.00000
G01 X-14.56411 Y44.10420
G01 X-14.36564 Y44.21886
G04 P0 ( dwell for no time -- G64 should not smooth over this point )
G00 Z2.00000 ( retract )

G00 X-14.36521 Y44.21911 ( rapid move to begin. )
G01 F250.00000
G01 Z-0.20000
G04 P0 ( dwell for no time -- G64 should not smooth over this point )
G01 F500.00000
G01 X-14.36521 Y44.21911
G01 X-14.43595 Y44.17603
G01 X-14.18868 Y44.31462
G01 X-14.23920 Y44.22010
G01 X-14.28426 Y44.07151
G01 X-14.29950 Y43.91701
G01 X-14.29937 Y42.33398
G04 P0 ( dwell for no time -- G64 should not smooth over this point )
G00 Z2.00000 ( retract )

G00 X-14.29935 Y42.33395 ( rapid move to begin. )
G01 F250.00000
G01 Z-0.20000
G04 P0 ( dwell for no time -- G64 should not smooth over this point )
G01 F500.00000
G01 X-14.29935 Y42.33395
G01 X-14.92645 Y43.84784
G01 X-15.32510 Y44.18835
G01 X-15.00519 Y43.92765
G01 X-15.32510 Y44.18835
G01 X-16.08293 Y44.94149
G01 X-16.54643 Y46.08030
G01 X-16.61031 Y46.30466
G01 X-16.66088 Y46.57280
G01 X-16.58692 Y46.37133
G01 X-16.45446 Y46.15579
G01 X-16.34006 Y46.02244
G01 X-14.95347 Y44.64124
G01 X-14.66218 Y44.44660
G01 X-14.42495 Y44.35871
G01 X-14.27265 Y44.32843
G01 X-14.16897 Y44.32869
G01 X-14.18868 Y44.31462
G01 X-14.09749 Y44.36575
G01 X-14.14745 Y44.33773
G01 X-13.84916 Y44.46298
G01 X-14.09749 Y44.36575
G01 X-14.36521 Y44.21911
G01 X-14.27814 Y44.27215
G04 P0 ( dwell for no time -- G64 should not smooth over this point )
G00 Z2.00000 ( retract )

G00 X-13.04365 Y46.87702 ( rapid move to begin. )
G01 F250.00000
G01 Z-0.20000
G04 P0 ( dwell for no time -- G64 should not smooth over this point )
G01 F500.00000
G01 X-13.04365 Y46.87702
G01 X-13.27712 Y46.78027
G01 X-13.55520 Y46.58550
G01 X-13.69218 Y46.58550
G01 X-14.44799 Y47.34131
G01 X-14.45683 Y51.19047
G01 X-14.43381 Y51.14021
G01 X-14.20539 Y50.98796
G01 X-13.96010 Y50.93584
G01 X-13.98599 Y50.68702
G01 X-13.95596 Y50.41877
G01 X-14.14763 Y50.22550
G01 X-14.28588 Y49.99990
G01 X-14.32853 Y49.81384
G01 X-14.32043 Y49.60775
G01 X-14.26333 Y49.42560
G01 X-14.17011 Y49.28166
G01 X-14.01865 Y49.14166
G01 X-13.84949 Y49.05327
G01 X-13.66104 Y49.01677
G01 X-13.92066 Y48.91517
G01 X-14.13742 Y48.85022
G01 X-14.18964 Y48.55144
G01 X-14.21502 Y48.22137
G01 X-14.20570 Y47.89500
G01 X-14.14293 Y47.46767
G01 X-13.89350 Y47.15368
G01 X-13.61057 Y46.87705
G01 X-13.04367 Y46.87702
G04 P0 ( dwell for no time -- G64 should not smooth over this point )
G00 Z2.00000 ( retract )

G00 X-13.34804 Y49.16310 ( rapid move to begin. )
G01 F250.00000
G01 Z-0.20000
G04 P0 ( dwell for no time -- G64 should not smooth over this point )
G01 F500.00000
G01 X-13.34804 Y49.16310
G01 X-13.62548 Y49.03069
G01 X-13.34804 Y49.16310
G01 X-12.93191 Y49.41702
G01 X-12.38302 Y49.41702
G01 X-12.01014 Y49.18918
G01 X-11.86140 Y49.08029
G01 X-11.72597 Y48.94262
G01 X-11.61299 Y48.78710
G01 X-11.52419 Y48.61644
G01 X-11.46092 Y48.39434
G01 X-11.52419 Y48.61644
G01 X-11.63262 Y48.81413
G01 X-11.86140 Y49.08029
G04 P0 ( dwell for no time -- G64 should not smooth over this point )
G00 Z2.00000 ( retract )

G00 X-11.64248 Y48.14702 ( rapid move to begin. )
G01 F250.00000
G01 Z-0.20000
G04 P0 ( dwell for no time -- G64 should not smooth over this point )
G01 F500.00000
G01 X-11.64248 Y48.14702
G01 X-11.66194 Y47.95304
G01 X-11.73021 Y47.73417
G01 X-11.83633 Y47.55040
G01 X-11.96610 Y47.40493
G01 X-12.16534 Y47.26015
G01 X-12.34382 Y47.18169
G01 X-12.56864 Y47.13666
G01 X-12.78065 Y47.14027
G01 X-12.97113 Y47.18169
G01 X-13.14959 Y47.26015
G01 X-13.33666 Y47.39272
G01 X-13.47865 Y47.55040
G01 X-13.57689 Y47.71878
G01 X-13.64583 Y47.91931
G01 X-13.67250 Y48.14702
G01 X-13.65302 Y48.34097
G01 X-13.58474 Y48.55985
G01 X-13.47865 Y48.74361
G01 X-13.34888 Y48.88908
G01 X-13.17946 Y49.01661
G01 X-12.98726 Y49.10615
G01 X-12.74634 Y49.15736
G01 X-12.53432 Y49.15375
G01 X-12.34382 Y49.11235
G01 X-12.13547 Y49.01661
G01 X-11.97832 Y48.90130
G01 X-11.83633 Y48.74361
G01 X-11.72404 Y48.54372
G01 X-11.66194 Y48.34097
G01 X-11.64248 Y48.14702
G04 P0 ( dwell for no time -- G64 should not smooth over this point )
G00 Z2.00000 ( retract )

G00 X-11.43323 Y48.10768 ( rapid move to begin. )
G01 F250.00000
G01 Z-0.20000
G04 P0 ( dwell for no time -- G64 should not smooth over this point )
G01 F500.00000
G01 X-11.43323 Y48.10768
G01 X-11.46092 Y48.39434
G01 X-11.43323 Y48.10768
G01 X-11.46471 Y47.86069
G01 X-11.54947 Y47.62899
G01 X-11.46471 Y47.86069
G04 P0 ( dwell for no time -- G64 should not smooth over this point )
G00 Z2.00000 ( retract )

G00 X-11.61299 Y47.50694 ( rapid move to begin. )
G01 F250.00000
G01 Z-0.20000
G04 P0 ( dwell for no time -- G64 should not smooth over this point )
G01 F500.00000
G01 X-11.61299 Y47.50694
G01 X-11.54947 Y47.62899
G01 X-11.65152 Y47.45794
G01 X-11.61299 Y47.50694
G01 X-12.02688 Y46.98093
G01 X-11.65368 Y47.45449
G01 X-12.02940 Y46.97021
G01 X-12.02940 Y46.78380
G01 X-12.10174 Y46.87702
G01 X-12.02688 Y46.98093
G01 X-12.27126 Y46.87702
G01 X-12.10174 Y46.87702
G01 X-11.69018 Y46.35843
G01 X-11.54954 Y46.12518
G01 X-11.61297 Y46.24710
G01 X-11.77685 Y46.45830
G01 X-11.69018 Y46.35843
G01 X-11.89694 Y46.61306
G01 X-11.77685 Y46.45830
G01 X-11.86826 Y46.56366
G01 X-12.02940 Y46.78380
G01 X-11.99582 Y46.73488
G01 X-12.02813 Y46.77466
G01 X-12.27126 Y46.87702
G04 P0 ( dwell for no time -- G64 should not smooth over this point )
G00 Z2.00000 ( retract )

G00 X-12.27128 Y46.87702 ( rapid move to begin. )
G01 F250.00000
G01 Z-0.20000
G04 P0 ( dwell for no time -- G64 should not smooth over this point )
G01 F500.00000
G01 X-12.27128 Y46.87702
G01 X-13.04367 Y46.87702
G01 X-13.36374 Y47.02378
G01 X-13.54644 Y47.15975
G01 X-13.73226 Y47.36615
G01 X-13.88908 Y47.65342
G01 X-13.96480 Y47.92027
G01 X-13.98599 Y48.14702
G01 X-13.96480 Y48.37377
G01 X-13.88908 Y48.64059
G01 X-13.75954 Y48.88588
G01 X-13.65652 Y49.01590
G01 X-13.62548 Y49.03069
G01 X-13.65652 Y49.01590
G04 P0 ( dwell for no time -- G64 should not smooth over this point )
G00 Z2.00000 ( retract )

G00 X-14.24524 Y49.06259 ( rapid move to begin. )
G01 F250.00000
G01 Z-0.20000
G04 P0 ( dwell for no time -- G64 should not smooth over this point )
G01 F500.00000
G01 X-14.24524 Y49.06259
G01 X-14.13742 Y48.85022
G01 X-14.27057 Y49.13970
G01 X-14.24524 Y49.06259
G01 X-14.31969 Y49.26934
G01 X-14.37407 Y49.51476
G01 X-14.36066 Y49.46043
G01 X-14.39061 Y49.69858
G01 X-14.36986 Y49.95898
G01 X-14.33033 Y50.16406
G01 X-14.38177 Y49.90102
G01 X-14.39061 Y49.69858
G01 X-14.37768 Y49.59586
G01 X-14.38527 Y49.76543
G01 X-14.35705 Y50.02139
G01 X-14.32434 Y50.18087
G01 X-14.20928 Y50.50305
G01 X-14.33033 Y50.16406
G01 X-14.31644 Y50.21941
G04 P0 ( dwell for no time -- G64 should not smooth over this point )
G00 Z2.00000 ( retract )

G00 X-14.20928 Y50.50305 ( rapid move to begin. )
G01 F250.00000
G01 Z-0.20000
G04 P0 ( dwell for no time -- G64 should not smooth over this point )
G01 F500.00000
G01 X-14.20928 Y50.50305
G01 X-14.21573 Y50.74613
G01 X-14.34522 Y50.94676
G01 X-14.48784 Y51.27988
G01 X-14.45683 Y51.19047
G01 X-14.47689 Y51.23426
G01 X-14.50636 Y51.33144
G01 X-14.48784 Y51.27988
G01 X-14.54758 Y51.63353
G01 X-14.51911 Y51.41026
G01 X-14.53800 Y51.48902
G01 X-14.55121 Y51.66007
G01 X-14.54758 Y51.63353
G01 X-14.54887 Y57.41571
G01 X-14.51916 Y57.67174
G01 X-14.42952 Y57.91403
G01 X-14.26579 Y58.03847
G01 X-14.43031 Y58.15569
G01 X-14.38393 Y58.03737
G01 X-14.51916 Y57.67174
G01 X-14.44799 Y57.89173
G01 X-14.44799 Y58.18350
G01 X-14.50636 Y58.34967
G01 X-14.43031 Y58.15569
G01 X-14.50636 Y58.34967
G01 X-14.53938 Y58.55376
G01 X-14.50636 Y58.34967
G04 P0 ( dwell for no time -- G64 should not smooth over this point )
G00 Z2.00000 ( retract )

G00 X-14.51916 Y57.67174 ( rapid move to begin. )
G01 F250.00000
G01 Z-0.20000
G04 P0 ( dwell for no time -- G64 should not smooth over this point )
G01 F500.00000
G01 X-14.51916 Y57.67174
G01 X-14.55121 Y57.39574
G01 X-14.55121 Y51.66007
G04 P0 ( dwell for no time -- G64 should not smooth over this point )
G00 Z2.00000 ( retract )

G00 X-12.16524 Y51.76616 ( rapid move to begin. )
G01 F250.00000
G01 Z-0.20000
G04 P0 ( dwell for no time -- G64 should not smooth over this point )
G01 F500.00000
G01 X-12.16524 Y51.76616
G01 X-12.29833 Y51.63307
G01 X-12.53432 Y51.69375
G01 X-12.74634 Y51.69736
G01 X-13.01665 Y51.63307
G01 X-13.14972 Y51.76616
G01 X-12.93498 Y51.84282
G01 X-12.75076 Y51.87201
G01 X-12.56422 Y51.87201
G01 X-12.37999 Y51.84282
G01 X-12.16524 Y51.76616
G04 P0 ( dwell for no time -- G64 should not smooth over this point )
G00 Z2.00000 ( retract )

G00 X-11.47250 Y50.59370 ( rapid move to begin. )
G01 F250.00000
G01 Z-0.20000
G04 P0 ( dwell for no time -- G64 should not smooth over this point )
G01 F500.00000
G01 X-11.47250 Y50.59370
G01 X-11.47250 Y50.78031
G01 X-11.50166 Y50.96451
G01 X-11.57832 Y51.17927
G01 X-11.71175 Y51.04585
G01 X-11.66194 Y50.88097
G01 X-11.64248 Y50.68702
G01 X-11.66194 Y50.49304
G01 X-11.71175 Y50.32817
G01 X-11.57832 Y50.19477
G01 X-11.50166 Y50.40952
G01 X-11.47250 Y50.59370
G04 P0 ( dwell for no time -- G64 should not smooth over this point )
G00 Z2.00000 ( retract )

G00 X-6.65748 Y48.31143 ( rapid move to begin. )
G01 F250.00000
G01 Z-0.20000
G04 P0 ( dwell for no time -- G64 should not smooth over this point )
G01 F500.00000
G01 X-6.65748 Y48.31143
G01 X-6.65748 Y10.70424
G01 X-6.65748 Y86.22378
G01 X-6.65750 Y10.70419
G01 X-6.86720 Y10.46071
G01 X-9.16913 Y8.16701
G01 X-8.71754 Y8.16701
G01 X-6.65750 Y10.22705
G01 X-6.65750 Y9.78370
G01 X-8.27419 Y8.16701
G01 X-7.83083 Y8.16701
G04 P0 ( dwell for no time -- G64 should not smooth over this point )
G00 Z2.00000 ( retract )

G00 X-8.27419 Y8.16701 ( rapid move to begin. )
G01 F250.00000
G01 Z-0.20000
G04 P0 ( dwell for no time -- G64 should not smooth over this point )
G01 F500.00000
G01 X-8.27419 Y8.16701
G01 X-8.71754 Y8.16701
G04 P0 ( dwell for no time -- G64 should not smooth over this point )
G00 Z2.00000 ( retract )

G00 X-6.65748 Y8.45365 ( rapid move to begin. )
G01 F250.00000
G01 Z-0.20000
G04 P0 ( dwell for no time -- G64 should not smooth over this point )
G01 F500.00000
G01 X-6.65748 Y8.45365
G01 X-6.65748 Y8.16701
G01 X-6.94411 Y8.16701
G01 X-6.65748 Y8.45365
G01 X-6.65748 Y10.22708
G01 X-6.65748 Y8.89701
G01 X-7.38747 Y8.16701
G01 X-6.94411 Y8.16701
G04 P0 ( dwell for no time -- G64 should not smooth over this point )
G00 Z2.00000 ( retract )

G00 X-7.38747 Y8.16701 ( rapid move to begin. )
G01 F250.00000
G01 Z-0.20000
G04 P0 ( dwell for no time -- G64 should not smooth over this point )
G01 F500.00000
G01 X-7.38747 Y8.16701
G01 X-7.83083 Y8.16701
G01 X-6.65750 Y9.34037
G01 X-6.65748 Y10.70419
G04 P0 ( dwell for no time -- G64 should not smooth over this point )
G00 Z2.00000 ( retract )

G00 X-9.16913 Y8.16701 ( rapid move to begin. )
G01 F250.00000
G01 Z-0.20000
G04 P0 ( dwell for no time -- G64 should not smooth over this point )
G01 F500.00000
G01 X-9.16913 Y8.16701
G01 X-9.69173 Y8.16701
G01 X-9.50461 Y8.29203
G01 X-9.30286 Y8.46838
G01 X-7.08887 Y10.68240
G01 X-6.91252 Y10.88415
G01 X-6.72382 Y11.16652
G01 X-6.65750 Y11.30158
G01 X-6.74848 Y12.26101
G01 X-8.00248 Y12.26101
G01 X-8.01290 Y12.14729
G01 X-8.04762 Y12.02177
G01 X-8.10622 Y11.90544
G01 X-8.19722 Y11.79078
G01 X-10.41127 Y9.57679
G01 X-10.52592 Y9.48576
G01 X-10.64223 Y9.42718
G01 X-10.86529 Y9.38281
G01 X-11.61749 Y9.38202
G01 X-11.63006 Y9.13386
G01 X-11.69082 Y9.05982
G01 X-11.75030 Y9.03519
G01 X-13.48248 Y9.03201
G01 X-13.57415 Y9.05982
G01 X-13.61969 Y9.10534
G01 X-13.64748 Y9.19701
G01 X-13.64748 Y10.89701
G01 X-13.61969 Y10.98867
G01 X-13.57415 Y11.03422
G01 X-13.48248 Y11.06200
G01 X-11.75030 Y11.05885
G01 X-11.69082 Y11.03422
G01 X-11.63006 Y10.96015
G01 X-11.61749 Y10.71202
G01 X-11.15691 Y10.71202
G01 X-9.33248 Y12.53647
G01 X-9.33248 Y42.40202
G01 X-11.64248 Y42.40202
G01 X-11.65505 Y42.15386
G01 X-11.71581 Y42.07982
G01 X-11.77530 Y42.05519
G01 X-13.50747 Y42.05201
G01 X-13.57062 Y42.06458
G01 X-13.64469 Y42.12534
G01 X-13.67250 Y42.21701
G01 X-13.67250 Y43.91701
G01 X-13.65993 Y43.98015
G01 X-13.62416 Y44.03369
G01 X-13.57062 Y44.06946
G01 X-13.50747 Y44.08200
G01 X-11.80748 Y44.08200
G01 X-11.71581 Y44.05422
G01 X-11.65505 Y43.98015
G01 X-11.64248 Y43.73202
G01 X-9.33248 Y43.73202
G01 X-9.33248 Y75.24201
G01 X-11.64248 Y75.24201
G01 X-11.65505 Y74.99388
G01 X-11.71581 Y74.91981
G01 X-11.77530 Y74.89518
G01 X-13.50747 Y74.89200
G01 X-13.59917 Y74.91981
G01 X-13.65993 Y74.99388
G01 X-13.67250 Y75.24201
G01 X-17.85204 Y75.24201
G01 X-19.71727 Y73.37679
G01 X-19.80502 Y73.30374
G01 X-19.91836 Y73.23955
G01 X-20.04206 Y73.19873
G01 X-20.18750 Y73.18202
G01 X-21.96979 Y73.18202
G01 X-22.09829 Y73.04468
G01 X-22.26499 Y72.92469
G01 X-22.45226 Y72.84032
G01 X-22.68617 Y72.78784
G01 X-22.90880 Y72.78784
G01 X-23.10992 Y72.82967
G01 X-23.32999 Y72.92469
G01 X-23.49669 Y73.04468
G01 X-23.65909 Y73.22101
G01 X-23.76257 Y73.39846
G01 X-23.83473 Y73.60889
G01 X-23.86250 Y73.84702
G01 X-23.84192 Y74.05139
G01 X-23.77659 Y74.26406
G01 X-23.64822 Y74.48644
G01 X-23.49669 Y74.64933
G01 X-23.32999 Y74.76932
G01 X-23.14271 Y74.85370
G01 X-22.92587 Y74.90348
G01 X-22.68617 Y74.90617
G01 X-22.45226 Y74.85370
G01 X-22.25051 Y74.75992
G01 X-22.09829 Y74.64933
G01 X-21.96979 Y74.51202
G01 X-20.46293 Y74.51202
G01 X-18.59771 Y76.37724
G01 X-18.50995 Y76.45029
G01 X-18.39662 Y76.51448
G01 X-18.24120 Y76.56162
G01 X-13.67250 Y76.57201
G01 X-13.65993 Y76.82017
G01 X-13.59917 Y76.89421
G01 X-13.50747 Y76.92202
G01 X-11.77530 Y76.91884
G01 X-11.71581 Y76.89421
G01 X-11.65505 Y76.82017
G01 X-11.64248 Y76.57201
G01 X-9.33248 Y76.57201
G01 X-9.33248 Y84.39155
G01 X-10.44291 Y85.50201
G01 X-19.93248 Y85.50201
G01 X-19.94505 Y85.25388
G01 X-20.00581 Y85.17981
G01 X-20.09748 Y85.15200
G01 X-21.82968 Y85.15518
G01 X-21.91416 Y85.20034
G01 X-21.94993 Y85.25388
G01 X-21.96250 Y85.50201
G01 X-51.38304 Y85.50102
G01 X-51.99249 Y84.89155
G01 X-51.99249 Y82.46247
G01 X-51.36203 Y81.83202
G01 X-49.64136 Y81.83202
G01 X-49.57977 Y81.89503
G01 X-49.41459 Y82.01058
G01 X-49.22902 Y82.08927
G01 X-49.04835 Y82.12673
G01 X-47.34749 Y82.13202
G01 X-47.22956 Y82.12404
G01 X-47.04929 Y82.08480
G01 X-46.85051 Y81.99333
G01 X-46.68955 Y81.87195
G01 X-46.55737 Y81.71975
G01 X-46.45973 Y81.54340
G01 X-46.40088 Y81.35061
G01 X-46.38338 Y81.14977
G01 X-46.40804 Y80.94970
G01 X-46.46591 Y80.77451
G01 X-46.55737 Y80.61426
G01 X-46.68955 Y80.46207
G01 X-46.88038 Y80.32343
G01 X-47.06598 Y80.24477
G01 X-47.34749 Y80.20200
G01 X-49.06542 Y80.21000
G01 X-49.24568 Y80.24924
G01 X-49.41459 Y80.32343
G01 X-49.57977 Y80.43900
G01 X-49.64136 Y80.50200
G01 X-51.63750 Y80.50202
G01 X-51.78294 Y80.51874
G01 X-51.90661 Y80.55955
G01 X-52.09571 Y80.68592
G01 X-53.12772 Y81.71678
G01 X-53.20077 Y81.80456
G01 X-53.26495 Y81.91789
G01 X-53.30577 Y82.04157
G01 X-53.32248 Y82.18701
G01 X-53.31209 Y85.28073
G01 X-53.27732 Y85.40625
G01 X-53.21875 Y85.52259
G01 X-53.12772 Y85.63724
G01 X-52.11672 Y86.64712
G01 X-52.01405 Y86.72726
G01 X-51.89772 Y86.78586
G01 X-51.67466 Y86.83023
G01 X-21.96247 Y86.83201
G01 X-21.94993 Y87.08017
G01 X-21.88914 Y87.15421
G01 X-21.79748 Y87.18202
G01 X-20.06530 Y87.17884
G01 X-20.00581 Y87.15421
G01 X-19.94505 Y87.08017
G01 X-19.93248 Y86.83201
G01 X-10.16748 Y86.83201
G01 X-10.05376 Y86.82162
G01 X-9.92826 Y86.78685
G01 X-9.81193 Y86.72827
G01 X-9.70926 Y86.64811
G01 X-8.19722 Y85.13724
G01 X-8.10622 Y85.02259
G01 X-8.01920 Y84.81245
G01 X-8.00248 Y84.66701
G01 X-8.00248 Y12.26101
G04 P0 ( dwell for no time -- G64 should not smooth over this point )
G00 Z2.00000 ( retract )

G00 X-9.75348 Y13.09700 ( rapid move to begin. )
G01 F250.00000
G01 Z-0.20000
G04 P0 ( dwell for no time -- G64 should not smooth over this point )
G01 F500.00000
G01 X-9.75348 Y13.09700
G01 X-9.75348 Y36.62601
G01 X-9.76390 Y36.73973
G01 X-9.81104 Y36.89512
G01 X-9.87520 Y37.00848
G01 X-9.94822 Y37.09624
G01 X-17.29248 Y44.44047
G01 X-17.29248 Y57.44700
G01 X-17.30919 Y57.59247
G01 X-17.35004 Y57.71614
G01 X-17.41420 Y57.82947
G01 X-17.48727 Y57.91723
G01 X-20.88727 Y61.31725
G01 X-21.00192 Y61.40826
G01 X-21.21206 Y61.49530
G01 X-21.35750 Y61.51202
G01 X-28.87361 Y61.51202
G01 X-29.07051 Y61.67333
G01 X-29.25316 Y61.75860
G01 X-29.44956 Y61.80404
G01 X-29.56749 Y61.81204
G01 X-31.26835 Y61.80673
G01 X-31.46568 Y61.76480
G01 X-31.63459 Y61.69058
G01 X-31.82542 Y61.55195
G01 X-31.94818 Y61.41423
G01 X-32.04907 Y61.23955
G01 X-32.11409 Y61.03059
G01 X-32.13159 Y60.86424
G01 X-32.11409 Y60.66343
G01 X-32.04122 Y60.43912
G01 X-31.94818 Y60.27979
G01 X-31.81320 Y60.12988
G01 X-31.63459 Y60.00343
G01 X-31.46568 Y59.92924
G01 X-31.28542 Y59.89000
G01 X-29.44956 Y59.89000
G01 X-29.26929 Y59.92924
G01 X-29.10038 Y60.00343
G01 X-28.93521 Y60.11900
G01 X-28.87361 Y60.18202
G01 X-21.63293 Y60.18202
G01 X-18.62248 Y57.17156
G01 X-18.62248 Y44.16501
G01 X-18.61209 Y44.05130
G01 X-18.57731 Y43.92577
G01 X-18.51874 Y43.80944
G01 X-18.42771 Y43.69478
G01 X-11.08348 Y36.35055
G01 X-11.08348 Y13.37246
G01 X-11.20390 Y13.25202
G01 X-11.87171 Y13.25202
G01 X-11.95333 Y13.34130
G01 X-12.11047 Y13.45661
G01 X-12.31883 Y13.55235
G01 X-12.50933 Y13.59375
G01 X-12.72134 Y13.59736
G01 X-12.96226 Y13.54615
G01 X-13.12460 Y13.47386
G01 X-13.29823 Y13.35217
G01 X-13.46305 Y13.16914
G01 X-13.55975 Y12.99985
G01 X-13.62084 Y12.81473
G01 X-13.64748 Y12.58702
G01 X-13.62800 Y12.39304
G01 X-13.55190 Y12.15878
G01 X-13.45365 Y11.99040
G01 X-13.29823 Y11.82184
G01 X-13.12460 Y11.70015
G01 X-12.94613 Y11.62169
G01 X-12.72134 Y11.57666
G01 X-12.50933 Y11.58027
G01 X-12.31883 Y11.62169
G01 X-12.14037 Y11.70015
G01 X-11.96674 Y11.82184
G01 X-11.87169 Y11.92202
G01 X-10.91231 Y11.92281
G01 X-10.68924 Y11.96718
G01 X-10.57291 Y12.02576
G01 X-10.45823 Y12.11679
G01 X-9.87520 Y12.71455
G01 X-9.79862 Y12.85778
G01 X-9.76390 Y12.98329
G01 X-9.75348 Y13.09700
G04 P0 ( dwell for no time -- G64 should not smooth over this point )
G00 Z2.00000 ( retract )

G00 X-9.54294 Y13.09700 ( rapid move to begin. )
G01 F250.00000
G01 Z-0.20000
G04 P0 ( dwell for no time -- G64 should not smooth over this point )
G01 F500.00000
G01 X-9.54294 Y13.09700
G01 X-9.54868 Y36.68992
G01 X-9.54868 Y13.03307
G01 X-9.54294 Y13.09700
G01 X-9.55615 Y12.88666
G01 X-9.60179 Y12.64803
G01 X-9.56692 Y12.83028
G01 X-9.60179 Y12.64803
G01 X-9.72148 Y12.50871
G01 X-9.64142 Y12.59814
G01 X-9.71363 Y12.51618
G01 X-9.67771 Y12.55250
G04 P0 ( dwell for no time -- G64 should not smooth over this point )
G00 Z2.00000 ( retract )

G00 X-10.31127 Y11.91217 ( rapid move to begin. )
G01 F250.00000
G01 Z-0.20000
G04 P0 ( dwell for no time -- G64 should not smooth over this point )
G01 F500.00000
G01 X-10.31127 Y11.91217
G01 X-9.71363 Y12.51618
G01 X-10.34223 Y11.88796
G01 X-9.72453 Y12.50516
G01 X-10.31127 Y11.91217
G01 X-10.49608 Y11.76777
G01 X-10.34898 Y11.88120
G01 X-10.44863 Y11.79322
G01 X-10.40565 Y11.83104
G01 X-10.63547 Y11.67026
G01 X-10.50339 Y11.75453
G01 X-10.56615 Y11.71024
G01 X-10.52821 Y11.73421
G04 P0 ( dwell for no time -- G64 should not smooth over this point )
G00 Z2.00000 ( retract )

G00 X-10.69006 Y11.63208 ( rapid move to begin. )
G01 F250.00000
G01 Z-0.20000
G04 P0 ( dwell for no time -- G64 should not smooth over this point )
G01 F500.00000
G01 X-10.69006 Y11.63208
G01 X-10.56615 Y11.71024
G01 X-10.66651 Y11.65177
G01 X-10.63354 Y11.66835
G01 X-11.28680 Y11.02550
G01 X-11.32381 Y11.02550
G01 X-11.38462 Y11.16284
G01 X-11.51665 Y11.29487
G01 X-11.59938 Y11.33909
G01 X-11.78248 Y11.37552
G01 X-12.15282 Y11.36556
G01 X-11.68914 Y11.48837
G01 X-11.47504 Y11.45233
G01 X-11.26095 Y11.37775
G01 X-10.72757 Y11.61534
G01 X-10.92849 Y11.51547
G01 X-11.26095 Y11.37775
G01 X-10.65150 Y11.65906
G01 X-10.72757 Y11.61534
G01 X-10.66651 Y11.65177
G01 X-10.88157 Y11.61082
G01 X-11.73478 Y11.60851
G01 X-12.01286 Y11.41377
G01 X-12.18243 Y11.35774
G01 X-12.16610 Y11.36312
G01 X-12.49986 Y11.32400
G01 X-12.22213 Y11.35281
G01 X-12.49943 Y11.32322
G01 X-12.45482 Y11.32400
G04 P0 ( dwell for no time -- G64 should not smooth over this point )
G00 Z2.00000 ( retract )

G00 X-13.85708 Y10.92789 ( rapid move to begin. )
G01 F250.00000
G01 Z-0.20000
G04 P0 ( dwell for no time -- G64 should not smooth over this point )
G01 F500.00000
G01 X-13.85708 Y10.92789
G01 X-13.85198 Y9.14275
G01 X-13.85708 Y9.16615
G04 P0 ( dwell for no time -- G64 should not smooth over this point )
G00 Z2.00000 ( retract )

G00 X-13.85198 Y9.14270 ( rapid move to begin. )
G01 F250.00000
G01 Z-0.20000
G04 P0 ( dwell for no time -- G64 should not smooth over this point )
G01 F500.00000
G01 X-13.85198 Y9.14270
G01 X-13.83290 Y9.05512
G01 X-13.73696 Y8.80686
G01 X-13.84164 Y9.09533
G01 X-13.73534 Y8.80369
G01 X-13.83290 Y9.05512
G04 P0 ( dwell for no time -- G64 should not smooth over this point )
G00 Z2.00000 ( retract )

G00 X-13.72805 Y8.78860 ( rapid move to begin. )
G01 F250.00000
G01 Z-0.20000
G04 P0 ( dwell for no time -- G64 should not smooth over this point )
G01 F500.00000
G01 X-13.72805 Y8.78860
G01 X-13.73468 Y8.80186
G01 X-13.72805 Y8.78858
G04 P0 ( dwell for no time -- G64 should not smooth over this point )
G00 Z2.00000 ( retract )

G00 X-13.57926 Y8.49061 ( rapid move to begin. )
G01 F250.00000
G01 Z-0.20000
G04 P0 ( dwell for no time -- G64 should not smooth over this point )
G01 F500.00000
G01 X-13.57926 Y8.49061
G01 X-13.41090 Y8.16701
G01 X-13.72271 Y8.16701
G01 X-13.53501 Y8.41057
G01 X-13.71329 Y8.75901
G04 P0 ( dwell for no time -- G64 should not smooth over this point )
G00 Z2.00000 ( retract )

G00 X-13.71329 Y8.75904 ( rapid move to begin. )
G01 F250.00000
G01 Z-0.20000
G04 P0 ( dwell for no time -- G64 should not smooth over this point )
G01 F500.00000
G01 X-13.71329 Y8.75904
G01 X-13.72805 Y8.78858
G01 X-13.71535 Y8.76447
G01 X-13.72391 Y8.78693
G01 X-13.57583 Y8.72772
G01 X-13.48248 Y8.71852
G01 X-11.68914 Y8.72772
G01 X-11.51665 Y8.79914
G01 X-11.44413 Y8.85866
G01 X-11.38462 Y8.93117
G01 X-11.32381 Y9.06851
G01 X-10.73705 Y9.08042
G01 X-10.55122 Y9.12718
G01 X-10.37814 Y9.20928
G01 X-10.18957 Y9.35510
G01 X-7.94401 Y11.60391
G01 X-7.82974 Y11.75766
G01 X-7.74764 Y11.93076
G01 X-7.69126 Y12.21412
G01 X-7.68897 Y84.66701
G01 X-7.71917 Y84.90346
G01 X-7.82974 Y85.17036
G01 X-7.97558 Y85.35891
G01 X-9.51035 Y86.89045
G01 X-9.75059 Y87.05096
G01 X-10.02305 Y87.13361
G01 X-10.16748 Y87.14552
G01 X-19.63886 Y87.14552
G01 X-19.69964 Y87.28286
G01 X-19.75913 Y87.35537
G01 X-19.91437 Y87.45908
G01 X-20.00413 Y87.48631
G01 X-21.79748 Y87.49551
G01 X-21.89085 Y87.48631
G01 X-22.06334 Y87.41486
G01 X-22.19534 Y87.28286
G01 X-22.25612 Y87.14549
G01 X-51.70539 Y87.14222
G01 X-51.83821 Y87.11849
G01 X-51.45162 Y87.45802
G04 P0 ( dwell for no time -- G64 should not smooth over this point )
G00 Z2.00000 ( retract )

G00 X-51.49986 Y87.40785 ( rapid move to begin. )
G01 F250.00000
G01 Z-0.20000
G04 P0 ( dwell for no time -- G64 should not smooth over this point )
G01 F500.00000
G01 X-51.49986 Y87.40785
G01 X-51.47415 Y87.43711
G01 X-51.52734 Y87.38786
G01 X-51.45195 Y87.46106
G01 X-51.45995 Y87.45329
G01 X-51.47481 Y87.66053
G01 X-51.56635 Y87.89545
G01 X-51.64486 Y88.02939
G01 X-51.77130 Y88.16701
G01 X-51.36389 Y88.16701
G04 P0 ( dwell for no time -- G64 should not smooth over this point )
G00 Z2.00000 ( retract )

G00 X-50.96333 Y88.08504 ( rapid move to begin. )
G01 F250.00000
G01 Z-0.20000
G04 P0 ( dwell for no time -- G64 should not smooth over this point )
G01 F500.00000
G01 X-50.96333 Y88.08504
G01 X-51.00227 Y88.16701
G01 X-50.91085 Y88.16701
G04 P0 ( dwell for no time -- G64 should not smooth over this point )
G00 Z2.00000 ( retract )

G00 X-51.00227 Y88.16701 ( rapid move to begin. )
G01 F250.00000
G01 Z-0.20000
G04 P0 ( dwell for no time -- G64 should not smooth over this point )
G01 F500.00000
G01 X-51.00227 Y88.16701
G01 X-51.36389 Y88.16701
G01 X-51.24098 Y87.93846
G01 X-51.18180 Y87.77033
G01 X-51.45205 Y87.46183
G01 X-51.19152 Y87.75614
G04 P0 ( dwell for no time -- G64 should not smooth over this point )
G00 Z2.00000 ( retract )

G00 X-51.77130 Y88.16701 ( rapid move to begin. )
G01 F250.00000
G01 Z-0.20000
G04 P0 ( dwell for no time -- G64 should not smooth over this point )
G01 F500.00000
G01 X-51.77130 Y88.16701
G01 X-55.59583 Y88.16701
G01 X-55.65748 Y88.10536
G01 X-55.65748 Y58.16701
G01 X-86.59582 Y58.16701
G01 X-86.65749 Y58.10534
G01 X-86.65749 Y32.22866
G01 X-86.59582 Y32.16702
G01 X-75.31703 Y32.16702
G04 P0 ( dwell for no time -- G64 should not smooth over this point )
G00 Z2.00000 ( retract )

G00 X-75.26430 Y32.16702 ( rapid move to begin. )
G01 F250.00000
G01 Z-0.20000
G04 P0 ( dwell for no time -- G64 should not smooth over this point )
G01 F500.00000
G01 X-75.26430 Y32.16702
G01 X-75.31703 Y32.16702
G01 X-75.28843 Y32.21078
G01 X-75.71769 Y32.97413
G01 X-75.71202 Y32.91652
G01 X-75.74017 Y32.72787
G01 X-75.81162 Y32.55538
G01 X-75.92510 Y32.40209
G01 X-76.16112 Y32.24438
G01 X-76.43953 Y32.18901
G01 X-85.87606 Y32.18901
G01 X-86.15447 Y32.24438
G01 X-86.31797 Y32.34258
G01 X-86.48193 Y32.50651
G01 X-86.58010 Y32.67004
G01 X-86.63550 Y32.94842
G01 X-86.62630 Y57.47895
G01 X-86.58010 Y57.66399
G01 X-86.48193 Y57.82749
G01 X-86.39049 Y57.93194
G01 X-86.15447 Y58.08965
G01 X-85.87606 Y58.14502
G01 X-55.64900 Y58.14652
G01 X-55.63548 Y58.16412
G01 X-55.63548 Y87.38560
G01 X-55.58011 Y87.66398
G01 X-55.42240 Y87.90000
G01 X-55.31798 Y87.99144
G01 X-55.15446 Y88.08964
G01 X-54.87607 Y88.14501
G01 X-52.48705 Y88.14501
G01 X-52.34555 Y88.13084
G01 X-52.10694 Y88.03782
G01 X-51.89848 Y87.84514
G01 X-51.81037 Y87.67597
G01 X-51.76678 Y87.49441
G01 X-51.76851 Y87.30371
G01 X-51.82104 Y87.13556
G01 X-51.65848 Y87.26048
G01 X-51.52734 Y87.38786
G01 X-51.71261 Y87.21623
G04 P0 ( dwell for no time -- G64 should not smooth over this point )
G00 Z2.00000 ( retract )

G00 X-52.25065 Y86.81034 ( rapid move to begin. )
G01 F250.00000
G01 Z-0.20000
G04 P0 ( dwell for no time -- G64 should not smooth over this point )
G01 F500.00000
G01 X-52.25065 Y86.81034
G01 X-51.82104 Y87.13556
G01 X-52.22703 Y86.83175
G01 X-52.24202 Y86.81677
G01 X-52.02012 Y86.98255
G01 X-52.26254 Y86.79629
G01 X-52.24202 Y86.81677
G01 X-52.25065 Y86.81034
G01 X-52.77252 Y86.28738
G01 X-52.25065 Y86.81034
G01 X-52.27176 Y86.78921
G04 P0 ( dwell for no time -- G64 should not smooth over this point )
G00 Z2.00000 ( retract )

G00 X-52.27189 Y86.78911 ( rapid move to begin. )
G01 F250.00000
G01 Z-0.20000
G04 P0 ( dwell for no time -- G64 should not smooth over this point )
G01 F500.00000
G01 X-52.27189 Y86.78911
G01 X-53.30176 Y85.75926
G01 X-52.77252 Y86.28738
G01 X-53.28962 Y85.76919
G01 X-53.28118 Y85.77981
G04 P0 ( dwell for no time -- G64 should not smooth over this point )
G00 Z2.00000 ( retract )

G00 X-55.59583 Y88.16701 ( rapid move to begin. )
G01 F250.00000
G01 Z-0.20000
G04 P0 ( dwell for no time -- G64 should not smooth over this point )
G01 F500.00000
G01 X-55.59583 Y88.16701
G01 X-55.65748 Y88.16701
G01 X-55.65748 Y88.10536
G04 P0 ( dwell for no time -- G64 should not smooth over this point )
G00 Z2.00000 ( retract )

G00 X-53.30176 Y85.75926 ( rapid move to begin. )
G01 F250.00000
G01 Z-0.20000
G04 P0 ( dwell for no time -- G64 should not smooth over this point )
G01 F500.00000
G01 X-53.30176 Y85.75926
G01 X-53.30889 Y85.74989
G01 X-53.28962 Y85.76919
G01 X-53.40452 Y85.62482
G01 X-53.30889 Y85.74989
G01 X-53.40452 Y85.62482
G01 X-53.46734 Y85.50249
G01 X-53.50943 Y85.37156
G01 X-53.53028 Y85.18832
G01 X-53.50943 Y85.37156
G04 P0 ( dwell for no time -- G64 should not smooth over this point )
G00 Z2.00000 ( retract )

G00 X-53.53272 Y85.16704 ( rapid move to begin. )
G01 F250.00000
G01 Z-0.20000
G04 P0 ( dwell for no time -- G64 should not smooth over this point )
G01 F500.00000
G01 X-53.53272 Y85.16704
G01 X-53.53272 Y82.18701
G01 X-53.53028 Y85.18832
G01 X-53.53025 Y82.11835
G01 X-53.50943 Y81.98251
G01 X-53.44722 Y81.81241
G01 X-53.50943 Y81.98251
G01 X-53.53272 Y82.18701
G04 P0 ( dwell for no time -- G64 should not smooth over this point )
G00 Z2.00000 ( retract )

G00 X-53.40452 Y81.72925 ( rapid move to begin. )
G01 F250.00000
G01 Z-0.20000
G04 P0 ( dwell for no time -- G64 should not smooth over this point )
G01 F500.00000
G01 X-53.40452 Y81.72925
G01 X-53.44722 Y81.81241
G01 X-53.32319 Y81.61845
G04 P0 ( dwell for no time -- G64 should not smooth over this point )
G00 Z2.00000 ( retract )

G00 X-53.30872 Y81.60395 ( rapid move to begin. )
G01 F250.00000
G01 Z-0.20000
G04 P0 ( dwell for no time -- G64 should not smooth over this point )
G01 F500.00000
G01 X-53.30872 Y81.60395
G01 X-53.34047 Y81.64548
G01 X-52.22965 Y80.52270
G04 P0 ( dwell for no time -- G64 should not smooth over this point )
G00 Z2.00000 ( retract )

G00 X-52.09310 Y80.41886 ( rapid move to begin. )
G01 F250.00000
G01 Z-0.20000
G04 P0 ( dwell for no time -- G64 should not smooth over this point )
G01 F500.00000
G01 X-52.09310 Y80.41886
G01 X-52.24994 Y80.54304
G01 X-52.09302 Y80.41881
G04 P0 ( dwell for no time -- G64 should not smooth over this point )
G00 Z2.00000 ( retract )

G00 X-52.09272 Y80.41863 ( rapid move to begin. )
G01 F250.00000
G01 Z-0.20000
G04 P0 ( dwell for no time -- G64 should not smooth over this point )
G01 F500.00000
G01 X-52.09272 Y80.41863
G01 X-51.93795 Y80.34520
G01 X-51.97146 Y80.36110
G01 X-51.84199 Y80.31508
G01 X-51.90854 Y80.33873
G01 X-51.70613 Y80.29425
G01 X-51.68586 Y80.29420
G01 X-51.75657 Y80.30532
G01 X-51.65866 Y80.29417
G01 X-51.68586 Y80.29420
G01 X-51.67433 Y80.29268
G01 X-50.10468 Y80.29176
G01 X-51.64532 Y80.29265
G01 X-50.10468 Y80.29176
G01 X-49.93361 Y80.27858
G01 X-49.76994 Y80.24337
G01 X-50.10468 Y80.29176
G04 P0 ( dwell for no time -- G64 should not smooth over this point )
G00 Z2.00000 ( retract )

G00 X-49.75099 Y80.23931 ( rapid move to begin. )
G01 F250.00000
G01 Z-0.20000
G04 P0 ( dwell for no time -- G64 should not smooth over this point )
G01 F500.00000
G01 X-49.75099 Y80.23931
G01 X-49.76994 Y80.24337
G01 X-49.69188 Y80.19781
G01 X-49.53953 Y80.06733
G01 X-49.72191 Y80.21533
G01 X-49.46562 Y80.00403
G01 X-49.51807 Y80.04726
G01 X-49.45871 Y79.99181
G01 X-49.39813 Y79.82001
G01 X-49.27306 Y79.86187
G01 X-49.07375 Y79.89687
G01 X-49.35711 Y79.89687
G01 X-49.46562 Y80.00403
G01 X-49.38932 Y79.96903
G01 X-49.07068 Y79.89705
G04 P0 ( dwell for no time -- G64 should not smooth over this point )
G00 Z2.00000 ( retract )

G00 X-49.02160 Y79.89722 ( rapid move to begin. )
G01 F250.00000
G01 Z-0.20000
G04 P0 ( dwell for no time -- G64 should not smooth over this point )
G01 F500.00000
G01 X-49.02160 Y79.89722
G01 X-49.07375 Y79.89687
G01 X-47.16461 Y79.90444
G01 X-47.00078 Y79.93812
G01 X-46.77784 Y80.02595
G04 P0 ( dwell for no time -- G64 should not smooth over this point )
G00 Z2.00000 ( retract )

G00 X-46.77655 Y82.30753 ( rapid move to begin. )
G01 F250.00000
G01 Z-0.20000
G04 P0 ( dwell for no time -- G64 should not smooth over this point )
G01 F500.00000
G01 X-46.77655 Y82.30753
G01 X-47.00078 Y82.39592
G01 X-47.22440 Y82.43705
G04 P0 ( dwell for no time -- G64 should not smooth over this point )
G00 Z2.00000 ( retract )

G00 X-49.07057 Y82.43705 ( rapid move to begin. )
G01 F250.00000
G01 Z-0.20000
G04 P0 ( dwell for no time -- G64 should not smooth over this point )
G01 F500.00000
G01 X-49.07057 Y82.43705
G01 X-49.86305 Y82.43702
G01 X-49.94286 Y82.46862
G01 X-49.86305 Y82.43702
G04 P0 ( dwell for no time -- G64 should not smooth over this point )
G00 Z2.00000 ( retract )

G00 X-49.93069 Y82.45899 ( rapid move to begin. )
G01 F250.00000
G01 Z-0.20000
G04 P0 ( dwell for no time -- G64 should not smooth over this point )
G01 F500.00000
G01 X-49.93069 Y82.45899
G01 X-51.10232 Y82.45902
G01 X-51.36549 Y82.72219
G01 X-51.36549 Y84.63183
G01 X-51.12333 Y84.87402
G01 X-50.02406 Y84.87407
G01 X-49.75896 Y84.96612
G01 X-49.40217 Y85.04494
G01 X-49.68957 Y84.98103
G01 X-49.56237 Y85.01299
G01 X-49.61662 Y85.00438
G01 X-49.96669 Y84.89241
G01 X-49.70750 Y84.97717
G01 X-49.75896 Y84.96612
G01 X-50.16618 Y84.81205
G01 X-50.02874 Y84.86915
G01 X-50.18327 Y84.70720
G01 X-50.28060 Y84.57326
G01 X-50.40186 Y84.35454
G01 X-50.48325 Y84.11809
G01 X-50.53514 Y83.78980
G01 X-50.53514 Y83.62424
G01 X-50.50471 Y83.37601
G01 X-50.40186 Y83.05947
G01 X-50.28060 Y82.84078
G01 X-50.18327 Y82.70682
G01 X-49.94286 Y82.46862
G01 X-50.29356 Y82.60748
G01 X-50.55858 Y82.74875
G01 X-50.29356 Y82.60748
G04 P0 ( dwell for no time -- G64 should not smooth over this point )
G00 Z2.00000 ( retract )

G00 X-50.89086 Y84.39945 ( rapid move to begin. )
G01 F250.00000
G01 Z-0.20000
G04 P0 ( dwell for no time -- G64 should not smooth over this point )
G01 F500.00000
G01 X-50.89086 Y84.39945
G01 X-50.94253 Y83.89749
G01 X-50.89086 Y84.39945
G01 X-50.54995 Y84.61344
G01 X-50.65294 Y84.54878
G01 X-50.78139 Y84.21497
G01 X-50.82945 Y83.98891
G01 X-50.84692 Y83.82259
G01 X-50.84692 Y83.59148
G01 X-50.81134 Y83.31083
G01 X-50.68825 Y82.93196
G01 X-50.60590 Y82.77768
G01 X-50.87946 Y82.94505
G01 X-50.94916 Y83.58078
G01 X-50.94253 Y83.89749
G01 X-50.94039 Y83.41352
G01 X-50.87946 Y82.94505
G04 P0 ( dwell for no time -- G64 should not smooth over this point )
G00 Z2.00000 ( retract )

G00 X-50.60313 Y82.77250 ( rapid move to begin. )
G01 F250.00000
G01 Z-0.20000
G04 P0 ( dwell for no time -- G64 should not smooth over this point )
G01 F500.00000
G01 X-50.60313 Y82.77250
G01 X-50.55858 Y82.74875
G01 X-50.60313 Y82.77250
G01 X-50.97245 Y82.77250
G01 X-51.05198 Y82.85203
G01 X-51.05198 Y84.50199
G01 X-50.99346 Y84.56054
G01 X-50.64672 Y84.56054
G01 X-50.45426 Y84.67352
G01 X-50.34570 Y84.72571
G01 X-50.54995 Y84.61344
G01 X-50.16618 Y84.81205
G01 X-50.45426 Y84.67352
G04 P0 ( dwell for no time -- G64 should not smooth over this point )
G00 Z2.00000 ( retract )

G00 X-49.32061 Y85.06038 ( rapid move to begin. )
G01 F250.00000
G01 Z-0.20000
G04 P0 ( dwell for no time -- G64 should not smooth over this point )
G01 F500.00000
G01 X-49.32061 Y85.06038
G01 X-49.48056 Y85.02597
G01 X-49.27832 Y85.05810
G01 X-49.38279 Y85.04700
G01 X-49.32061 Y85.06038
G01 X-49.03108 Y85.08439
G01 X-47.31635 Y85.08439
G01 X-49.06590 Y85.07824
G01 X-47.26385 Y85.08441
G04 P0 ( dwell for no time -- G64 should not smooth over this point )
G00 Z2.00000 ( retract )

G00 X-46.97431 Y85.06041 ( rapid move to begin. )
G01 F250.00000
G01 Z-0.20000
G04 P0 ( dwell for no time -- G64 should not smooth over this point )
G01 F500.00000
G01 X-46.97431 Y85.06041
G01 X-47.31391 Y85.08423
G01 X-46.97431 Y85.06041
G01 X-46.67236 Y85.00316
G04 P0 ( dwell for no time -- G64 should not smooth over this point )
G00 Z2.00000 ( retract )

G00 X-46.44101 Y85.13676 ( rapid move to begin. )
G01 F250.00000
G01 Z-0.20000
G04 P0 ( dwell for no time -- G64 should not smooth over this point )
G01 F500.00000
G01 X-46.44101 Y85.13676
G01 X-46.67236 Y85.00316
G01 X-46.54604 Y84.69559
G01 X-46.75287 Y84.83696
G01 X-46.90566 Y84.90501
G01 X-47.16438 Y84.97070
G01 X-47.34749 Y84.98553
G01 X-48.94749 Y84.98553
G01 X-49.13059 Y84.97070
G01 X-49.38932 Y84.90501
G01 X-49.58673 Y84.81423
G01 X-49.76404 Y84.68865
G01 X-49.95030 Y84.49744
G01 X-50.09272 Y84.27166
G01 X-50.13341 Y84.18027
G01 X-50.20588 Y83.92338
G01 X-50.22338 Y83.75703
G01 X-50.19805 Y83.44118
G01 X-50.13341 Y83.23374
G01 X-50.00910 Y82.99752
G01 X-49.80298 Y82.75688
G01 X-49.54210 Y82.57705
G01 X-49.29420 Y82.47812
G01 X-49.07057 Y82.43705
G01 X-47.22440 Y82.43705
G01 X-46.90566 Y82.50903
G01 X-46.77660 Y82.56646
G04 P0 ( dwell for no time -- G64 should not smooth over this point )
G00 Z2.00000 ( retract )

G00 X-46.29534 Y83.18157 ( rapid move to begin. )
G01 F250.00000
G01 Z-0.20000
G04 P0 ( dwell for no time -- G64 should not smooth over this point )
G01 F500.00000
G01 X-46.29534 Y83.18157
G01 X-46.39237 Y83.01893
G01 X-46.28981 Y83.19297
G01 X-46.19847 Y83.46859
G01 X-46.20728 Y83.42444
G04 P0 ( dwell for no time -- G64 should not smooth over this point )
G00 Z2.00000 ( retract )

G00 X-46.19047 Y83.50133 ( rapid move to begin. )
G01 F250.00000
G01 Z-0.20000
G04 P0 ( dwell for no time -- G64 should not smooth over this point )
G01 F500.00000
G01 X-46.19047 Y83.50133
G01 X-46.19847 Y83.46859
G01 X-46.18099 Y83.59282
G01 X-46.20462 Y83.44347
G01 X-46.17751 Y83.62653
G01 X-46.18569 Y83.57878
G01 X-46.19047 Y83.91271
G01 X-46.17947 Y83.62335
G01 X-46.17660 Y83.77865
G01 X-46.17751 Y83.62653
G01 X-46.17327 Y83.66770
G04 P0 ( dwell for no time -- G64 should not smooth over this point )
G00 Z2.00000 ( retract )

G00 X-46.38338 Y83.68975 ( rapid move to begin. )
G01 F250.00000
G01 Z-0.20000
G04 P0 ( dwell for no time -- G64 should not smooth over this point )
G01 F500.00000
G01 X-46.38338 Y83.68975
G01 X-46.40357 Y83.90765
G01 X-46.46591 Y84.09953
G01 X-46.55737 Y84.25975
G01 X-46.68955 Y84.41195
G01 X-46.85051 Y84.53333
G01 X-47.03316 Y84.61860
G01 X-47.22956 Y84.66404
G01 X-47.34749 Y84.67202
G01 X-48.94749 Y84.67202
G01 X-49.06542 Y84.66404
G01 X-49.26181 Y84.61860
G01 X-49.42998 Y84.54273
G01 X-49.57977 Y84.43503
G01 X-49.73760 Y84.25975
G01 X-49.82907 Y84.09953
G01 X-49.88693 Y83.92434
G01 X-49.91159 Y83.72427
G01 X-49.89140 Y83.50636
G01 X-49.82907 Y83.31451
G01 X-49.73760 Y83.15426
G01 X-49.60542 Y83.00207
G01 X-49.44446 Y82.88071
G01 X-49.26181 Y82.79541
G01 X-49.06542 Y82.75000
G01 X-48.94749 Y82.74200
G01 X-47.34749 Y82.74200
G01 X-47.22956 Y82.75000
G01 X-47.04929 Y82.78924
G01 X-46.85051 Y82.88071
G01 X-46.68955 Y83.00207
G01 X-46.57767 Y83.12638
G01 X-46.45973 Y83.33062
G01 X-46.40804 Y83.48970
G01 X-46.38338 Y83.68975
G04 P0 ( dwell for no time -- G64 should not smooth over this point )
G00 Z2.00000 ( retract )

G00 X-46.19047 Y83.91271 ( rapid move to begin. )
G01 F250.00000
G01 Z-0.20000
G04 P0 ( dwell for no time -- G64 should not smooth over this point )
G01 F500.00000
G01 X-46.19047 Y83.91271
G01 X-46.18521 Y83.82739
G01 X-46.21539 Y83.99841
G01 X-46.19047 Y83.91271
G01 X-46.25049 Y84.11906
G01 X-46.22567 Y84.05660
G04 P0 ( dwell for no time -- G64 should not smooth over this point )
G00 Z2.00000 ( retract )

G00 X-46.29656 Y84.23496 ( rapid move to begin. )
G01 F250.00000
G01 Z-0.20000
G04 P0 ( dwell for no time -- G64 should not smooth over this point )
G01 F500.00000
G01 X-46.29656 Y84.23496
G01 X-46.48831 Y84.58558
G01 X-46.27180 Y84.17265
G01 X-46.54604 Y84.69559
G01 X-46.53875 Y84.67781
G04 P0 ( dwell for no time -- G64 should not smooth over this point )
G00 Z2.00000 ( retract )

G00 X-46.25910 Y84.14862 ( rapid move to begin. )
G01 F250.00000
G01 Z-0.20000
G04 P0 ( dwell for no time -- G64 should not smooth over this point )
G01 F500.00000
G01 X-46.25910 Y84.14862
G01 X-46.27180 Y84.17265
G01 X-46.25049 Y84.11906
G01 X-46.29656 Y84.23496
G01 X-46.54868 Y84.70201
G01 X-46.52412 Y84.85515
G01 X-46.45267 Y85.02764
G01 X-46.34508 Y85.17318
G01 X-46.44101 Y85.13676
G01 X-46.20896 Y85.22650
G01 X-46.25069 Y85.21649
G04 P0 ( dwell for no time -- G64 should not smooth over this point )
G00 Z2.00000 ( retract )

G00 X-46.15354 Y85.24598 ( rapid move to begin. )
G01 F250.00000
G01 Z-0.20000
G04 P0 ( dwell for no time -- G64 should not smooth over this point )
G01 F500.00000
G01 X-46.15354 Y85.24598
G01 X-46.20896 Y85.22650
G01 X-46.09385 Y85.25411
G01 X-46.20921 Y85.22482
G01 X-45.99583 Y85.27765
G01 X-45.87132 Y85.28726
G01 X-45.99882 Y85.26709
G01 X-45.82476 Y85.29086
G01 X-45.85090 Y85.28728
G01 X-43.15502 Y85.29091
G01 X-42.98392 Y85.27770
G01 X-42.77084 Y85.22657
G01 X-43.15502 Y85.29091
G01 X-45.82476 Y85.29086
G04 P0 ( dwell for no time -- G64 should not smooth over this point )
G00 Z2.00000 ( retract )

G00 X-46.31945 Y85.18766 ( rapid move to begin. )
G01 F250.00000
G01 Z-0.20000
G04 P0 ( dwell for no time -- G64 should not smooth over this point )
G01 F500.00000
G01 X-46.31945 Y85.18766
G01 X-51.25317 Y85.18751
G01 X-51.67898 Y84.76170
G01 X-51.67900 Y82.59232
G01 X-51.23216 Y82.14550
G01 X-49.76755 Y82.14550
G01 X-49.58673 Y82.27423
G01 X-49.38932 Y82.36501
G01 X-49.09054 Y82.43702
G01 X-46.87231 Y82.43705
G01 X-46.76603 Y82.29514
G01 X-46.79298 Y82.43702
G01 X-46.77683 Y82.56448
G01 X-46.39237 Y83.01893
G01 X-46.69760 Y82.67027
G01 X-46.87231 Y82.43705
G04 P0 ( dwell for no time -- G64 should not smooth over this point )
G00 Z2.00000 ( retract )

G00 X-46.39237 Y81.85511 ( rapid move to begin. )
G01 F250.00000
G01 Z-0.20000
G04 P0 ( dwell for no time -- G64 should not smooth over this point )
G01 F500.00000
G01 X-46.39237 Y81.85511
G01 X-46.76603 Y82.29514
G01 X-46.39237 Y81.85511
G01 X-46.29534 Y81.69249
G01 X-46.39237 Y81.85511
G01 X-46.27040 Y81.62953
G01 X-46.28981 Y81.68112
G01 X-46.22567 Y81.51660
G01 X-46.25072 Y81.57985
G01 X-46.18348 Y81.33029
G01 X-46.18170 Y81.28805
G01 X-46.18927 Y81.35592
G01 X-46.17944 Y81.08338
G01 X-46.18348 Y81.33029
G01 X-46.17751 Y81.08648
G01 X-46.17327 Y81.20634
G04 P0 ( dwell for no time -- G64 should not smooth over this point )
G00 Z2.00000 ( retract )

G00 X-46.18348 Y81.00377 ( rapid move to begin. )
G01 F250.00000
G01 Z-0.20000
G04 P0 ( dwell for no time -- G64 should not smooth over this point )
G01 F500.00000
G01 X-46.18348 Y81.00377
G01 X-46.17751 Y81.08648
G01 X-46.20129 Y80.92508
G01 X-46.18826 Y80.98262
G01 X-46.19047 Y80.96136
G01 X-46.24165 Y80.78963
G01 X-46.20157 Y80.92313
G01 X-46.21584 Y80.86080
G01 X-46.20728 Y80.88444
G04 P0 ( dwell for no time -- G64 should not smooth over this point )
G00 Z2.00000 ( retract )

G00 X-46.29534 Y80.64157 ( rapid move to begin. )
G01 F250.00000
G01 Z-0.20000
G04 P0 ( dwell for no time -- G64 should not smooth over this point )
G01 F500.00000
G01 X-46.29534 Y80.64157
G01 X-46.21584 Y80.86080
G01 X-46.27680 Y80.69265
G01 X-46.25249 Y80.74970
G01 X-46.25910 Y80.72544
G01 X-46.38092 Y80.50009
G01 X-46.27759 Y80.69049
G01 X-46.29534 Y80.64157
G01 X-46.39237 Y80.47893
G01 X-46.38092 Y80.50009
G01 X-46.83652 Y79.95054
G01 X-46.77853 Y80.02044
G01 X-46.79341 Y79.90550
G01 X-47.17302 Y79.90408
G01 X-46.83652 Y79.95054
G04 P0 ( dwell for no time -- G64 should not smooth over this point )
G00 Z2.00000 ( retract )

G00 X-50.03585 Y76.52862 ( rapid move to begin. )
G01 F250.00000
G01 Z-0.20000
G04 P0 ( dwell for no time -- G64 should not smooth over this point )
G01 F500.00000
G01 X-50.03585 Y76.52862
G01 X-50.02452 Y76.54953
G01 X-50.10580 Y76.27107
G01 X-50.04421 Y76.49985
G01 X-50.06928 Y76.43660
G01 X-50.11147 Y76.25027
G01 X-50.12046 Y76.03294
G01 X-50.10606 Y75.90386
G01 X-50.12168 Y76.12634
G01 X-50.10580 Y76.27107
G01 X-50.11093 Y75.97358
G01 X-50.04235 Y75.66939
G01 X-50.10606 Y75.90386
G01 X-50.10448 Y75.88136
G04 P0 ( dwell for no time -- G64 should not smooth over this point )
G00 Z2.00000 ( retract )

G00 X-49.92036 Y75.42878 ( rapid move to begin. )
G01 F250.00000
G01 Z-0.20000
G04 P0 ( dwell for no time -- G64 should not smooth over this point )
G01 F500.00000
G01 X-49.92036 Y75.42878
G01 X-49.94593 Y75.47678
G01 X-49.66613 Y75.02865
G01 X-49.67255 Y74.91316
G01 X-49.71873 Y74.72812
G01 X-49.81693 Y74.56459
G01 X-49.87677 Y74.49264
G01 X-50.06214 Y74.42716
G01 X-49.89054 Y74.48552
G01 X-49.81462 Y74.48552
G01 X-49.58673 Y74.65423
G01 X-49.29420 Y74.77592
G01 X-49.09061 Y74.81702
G01 X-49.55561 Y74.81702
G01 X-49.67685 Y75.04999
G01 X-49.54210 Y74.95705
G01 X-49.38932 Y74.88903
G01 X-49.07057 Y74.81705
G04 P0 ( dwell for no time -- G64 should not smooth over this point )
G00 Z2.00000 ( retract )

G00 X-49.55561 Y74.81702 ( rapid move to begin. )
G01 F250.00000
G01 Z-0.20000
G04 P0 ( dwell for no time -- G64 should not smooth over this point )
G01 F500.00000
G01 X-49.55561 Y74.81702
G01 X-49.82546 Y74.51077
G01 X-50.06214 Y74.42716
G01 X-50.26928 Y74.39360
G01 X-50.06214 Y74.42716
G04 P0 ( dwell for no time -- G64 should not smooth over this point )
G00 Z2.00000 ( retract )

G00 X-50.63618 Y74.37981 ( rapid move to begin. )
G01 F250.00000
G01 Z-0.20000
G04 P0 ( dwell for no time -- G64 should not smooth over this point )
G01 F500.00000
G01 X-50.63618 Y74.37981
G01 X-50.26928 Y74.39360
G01 X-50.63618 Y74.37981
G01 X-50.77199 Y74.35898
G01 X-50.92348 Y74.30508
G01 X-50.77199 Y74.35898
G04 P0 ( dwell for no time -- G64 should not smooth over this point )
G00 Z2.00000 ( retract )

G00 X-49.70047 Y75.09439 ( rapid move to begin. )
G01 F250.00000
G01 Z-0.20000
G04 P0 ( dwell for no time -- G64 should not smooth over this point )
G01 F500.00000
G01 X-49.70047 Y75.09439
G01 X-50.00019 Y75.56281
G01 X-49.95642 Y75.49647
G01 X-50.04304 Y75.67015
G01 X-50.03585 Y75.64544
G04 P0 ( dwell for no time -- G64 should not smooth over this point )
G00 Z2.00000 ( retract )

G00 X-49.90258 Y76.77511 ( rapid move to begin. )
G01 F250.00000
G01 Z-0.20000
G04 P0 ( dwell for no time -- G64 should not smooth over this point )
G01 F500.00000
G01 X-49.90258 Y76.77511
G01 X-50.02452 Y76.54953
G01 X-49.90258 Y76.77511
G01 X-49.76298 Y76.93386
G01 X-49.35033 Y77.30109
G01 X-49.37515 Y77.27693
G01 X-49.35254 Y77.29695
G01 X-49.09326 Y77.35636
G01 X-49.29361 Y77.35628
G01 X-49.35033 Y77.30109
G01 X-49.32386 Y77.40757
G01 X-49.07355 Y77.35707
G01 X-49.09326 Y77.35636
G01 X-46.79341 Y77.34851
G01 X-46.77792 Y77.22913
G01 X-46.83652 Y77.30353
G01 X-47.14919 Y77.34744
G01 X-47.00078 Y77.31592
G01 X-46.76827 Y77.21689
G01 X-46.77779 Y77.22806
G04 P0 ( dwell for no time -- G64 should not smooth over this point )
G00 Z2.00000 ( retract )

G00 X-46.39237 Y76.77511 ( rapid move to begin. )
G01 F250.00000
G01 Z-0.20000
G04 P0 ( dwell for no time -- G64 should not smooth over this point )
G01 F500.00000
G01 X-46.39237 Y76.77511
G01 X-46.76827 Y77.21689
G01 X-46.39237 Y76.77511
G01 X-46.29534 Y76.61249
G01 X-46.20728 Y76.36962
G01 X-46.18435 Y76.20556
G01 X-46.21343 Y76.38659
G01 X-46.29534 Y76.61249
G04 P0 ( dwell for no time -- G64 should not smooth over this point )
G00 Z2.00000 ( retract )

G00 X-46.38338 Y76.06975 ( rapid move to begin. )
G01 F250.00000
G01 Z-0.20000
G04 P0 ( dwell for no time -- G64 should not smooth over this point )
G01 F500.00000
G01 X-46.38338 Y76.06975
G01 X-46.40804 Y75.86970
G01 X-46.45973 Y75.71062
G01 X-46.57767 Y75.50638
G01 X-46.68955 Y75.38207
G01 X-46.85051 Y75.26071
G01 X-47.04929 Y75.16924
G01 X-47.22956 Y75.13000
G01 X-47.34749 Y75.12200
G01 X-48.94749 Y75.12200
G01 X-49.06542 Y75.13000
G01 X-49.26181 Y75.17541
G01 X-49.44446 Y75.26071
G01 X-49.60542 Y75.38207
G01 X-49.73760 Y75.53426
G01 X-49.82907 Y75.69451
G01 X-49.89140 Y75.88636
G01 X-49.91159 Y76.10427
G01 X-49.88693 Y76.30434
G01 X-49.82907 Y76.47953
G01 X-49.73760 Y76.63975
G01 X-49.57977 Y76.81503
G01 X-49.42998 Y76.92273
G01 X-49.26181 Y76.99860
G01 X-49.06542 Y77.04404
G01 X-48.94749 Y77.05202
G01 X-47.34749 Y77.05202
G01 X-47.22956 Y77.04404
G01 X-47.03316 Y76.99860
G01 X-46.85051 Y76.91333
G01 X-46.68955 Y76.79195
G01 X-46.55737 Y76.63975
G01 X-46.46591 Y76.47953
G01 X-46.40357 Y76.28765
G01 X-46.38338 Y76.06975
G04 P0 ( dwell for no time -- G64 should not smooth over this point )
G00 Z2.00000 ( retract )

G00 X-46.17327 Y76.04770 ( rapid move to begin. )
G01 F250.00000
G01 Z-0.20000
G04 P0 ( dwell for no time -- G64 should not smooth over this point )
G01 F500.00000
G01 X-46.17327 Y76.04770
G01 X-46.18435 Y76.20556
G01 X-46.18435 Y75.96843
G01 X-46.17327 Y76.04770
G01 X-46.20462 Y75.82347
G01 X-46.19047 Y75.88133
G04 P0 ( dwell for no time -- G64 should not smooth over this point )
G00 Z2.00000 ( retract )

G00 X-46.22567 Y75.73744 ( rapid move to begin. )
G01 F250.00000
G01 Z-0.20000
G04 P0 ( dwell for no time -- G64 should not smooth over this point )
G01 F500.00000
G01 X-46.22567 Y75.73744
G01 X-46.20462 Y75.82347
G01 X-46.28981 Y75.57297
G01 X-46.39237 Y75.39893
G01 X-46.29534 Y75.56157
G04 P0 ( dwell for no time -- G64 should not smooth over this point )
G00 Z2.00000 ( retract )

G00 X-46.77660 Y74.94646 ( rapid move to begin. )
G01 F250.00000
G01 Z-0.20000
G04 P0 ( dwell for no time -- G64 should not smooth over this point )
G01 F500.00000
G01 X-46.77660 Y74.94646
G01 X-46.90566 Y74.88903
G01 X-47.22440 Y74.81705
G01 X-47.20433 Y74.81702
G01 X-49.09061 Y74.81702
G01 X-47.22440 Y74.81705
G04 P0 ( dwell for no time -- G64 should not smooth over this point )
G00 Z2.00000 ( retract )

G00 X-46.87231 Y74.81702 ( rapid move to begin. )
G01 F250.00000
G01 Z-0.20000
G04 P0 ( dwell for no time -- G64 should not smooth over this point )
G01 F500.00000
G01 X-46.87231 Y74.81702
G01 X-46.69760 Y75.05027
G01 X-46.39237 Y75.39893
G01 X-46.77683 Y74.94445
G01 X-46.79298 Y74.81702
G01 X-46.77678 Y74.68949
G01 X-46.87231 Y74.81702
G01 X-47.20433 Y74.81702
G01 X-46.90566 Y74.74501
G01 X-46.77678 Y74.68949
G01 X-46.39237 Y74.23511
G01 X-46.52910 Y74.39129
G01 X-46.34198 Y74.15068
G01 X-46.39237 Y74.23511
G04 P0 ( dwell for no time -- G64 should not smooth over this point )
G00 Z2.00000 ( retract )

G00 X-46.29534 Y74.07249 ( rapid move to begin. )
G01 F250.00000
G01 Z-0.20000
G04 P0 ( dwell for no time -- G64 should not smooth over this point )
G01 F500.00000
G01 X-46.29534 Y74.07249
G01 X-46.34198 Y74.15068
G01 X-46.28981 Y74.06112
G01 X-46.22567 Y73.89660
G01 X-46.29354 Y74.06752
G01 X-46.21584 Y73.85327
G01 X-46.22567 Y73.89660
G01 X-46.18927 Y73.73592
G01 X-46.18546 Y73.68144
G01 X-46.20208 Y73.79243
G01 X-46.17698 Y73.56056
G01 X-46.19047 Y73.34133
G01 X-46.17327 Y73.50770
G01 X-46.18435 Y73.42843
G01 X-46.17944 Y73.63064
G01 X-46.17327 Y73.50770
G01 X-46.17327 Y73.58631
G01 X-46.20728 Y73.82962
G04 P0 ( dwell for no time -- G64 should not smooth over this point )
G00 Z2.00000 ( retract )

G00 X-46.38338 Y73.52975 ( rapid move to begin. )
G01 F250.00000
G01 Z-0.20000
G04 P0 ( dwell for no time -- G64 should not smooth over this point )
G01 F500.00000
G01 X-46.38338 Y73.52975
G01 X-46.40804 Y73.76434
G01 X-46.46591 Y73.93953
G01 X-46.57767 Y74.12766
G01 X-46.71521 Y74.27503
G01 X-46.88038 Y74.39058
G01 X-47.04929 Y74.46480
G01 X-47.24663 Y74.50673
G01 X-49.04835 Y74.50673
G01 X-49.22902 Y74.46927
G01 X-49.42998 Y74.38273
G01 X-49.59404 Y74.26340
G01 X-49.67542 Y74.17201
G01 X-50.56750 Y74.17201
G01 X-50.71294 Y74.15530
G01 X-50.92305 Y74.06825
G01 X-51.03770 Y73.97724
G01 X-53.09772 Y71.91723
G01 X-53.17077 Y71.82947
G01 X-53.23495 Y71.71614
G01 X-53.27577 Y71.59246
G01 X-53.29249 Y71.44702
G01 X-53.29249 Y56.77245
G01 X-54.94295 Y55.12201
G01 X-68.00381 Y55.12201
G01 X-69.31120 Y55.35310
G01 X-69.59314 Y55.36700
G01 X-69.79636 Y55.32105
G01 X-69.93959 Y55.25727
G01 X-70.09631 Y55.14787
G01 X-70.23774 Y54.99483
G01 X-70.33337 Y54.82918
G01 X-70.39519 Y54.63019
G01 X-70.41249 Y54.45701
G01 X-70.39519 Y54.28384
G01 X-70.33337 Y54.08485
G01 X-70.22687 Y53.90576
G01 X-70.09631 Y53.76616
G01 X-69.93959 Y53.65676
G01 X-69.79636 Y53.59298
G01 X-69.59314 Y53.54703
G01 X-69.41910 Y53.54612
G01 X-68.00442 Y53.79202
G01 X-54.66749 Y53.79202
G01 X-54.55377 Y53.80241
G01 X-54.42825 Y53.83718
G01 X-54.31191 Y53.89575
G01 X-54.20925 Y53.97591
G01 X-52.15726 Y56.02679
G01 X-52.08421 Y56.11454
G01 X-52.02002 Y56.22790
G01 X-51.97288 Y56.38330
G01 X-51.96249 Y56.49702
G01 X-51.96249 Y71.17156
G01 X-50.29203 Y72.84202
G01 X-49.60535 Y72.84202
G01 X-49.44446 Y72.72071
G01 X-49.26181 Y72.63541
G01 X-49.03110 Y72.58639
G01 X-47.22956 Y72.59000
G01 X-47.04929 Y72.62924
G01 X-46.88038 Y72.70343
G01 X-46.68955 Y72.84207
G01 X-46.55737 Y72.99426
G01 X-46.46591 Y73.15451
G01 X-46.40804 Y73.32970
G01 X-46.38338 Y73.52975
G04 P0 ( dwell for no time -- G64 should not smooth over this point )
G00 Z2.00000 ( retract )

G00 X-46.22567 Y73.19746 ( rapid move to begin. )
G01 F250.00000
G01 Z-0.20000
G04 P0 ( dwell for no time -- G64 should not smooth over this point )
G01 F500.00000
G01 X-46.22567 Y73.19746
G01 X-46.18569 Y73.41878
G01 X-46.20728 Y73.26444
G01 X-46.29344 Y73.02678
G01 X-46.22567 Y73.19746
G01 X-46.29534 Y73.02157
G01 X-46.39237 Y72.85893
G01 X-46.29534 Y73.02157
G04 P0 ( dwell for no time -- G64 should not smooth over this point )
G00 Z2.00000 ( retract )

G00 X-46.77660 Y72.40646 ( rapid move to begin. )
G01 F250.00000
G01 Z-0.20000
G04 P0 ( dwell for no time -- G64 should not smooth over this point )
G01 F500.00000
G01 X-46.77660 Y72.40646
G01 X-46.90566 Y72.34903
G01 X-47.22440 Y72.27702
G01 X-47.20446 Y72.27702
G04 P0 ( dwell for no time -- G64 should not smooth over this point )
G00 Z2.00000 ( retract )

G00 X-46.87231 Y72.27702 ( rapid move to begin. )
G01 F250.00000
G01 Z-0.20000
G04 P0 ( dwell for no time -- G64 should not smooth over this point )
G01 F500.00000
G01 X-46.87231 Y72.27702
G01 X-46.69760 Y72.51027
G01 X-46.39237 Y72.85893
G01 X-46.77683 Y72.40445
G01 X-46.79298 Y72.27702
G01 X-46.77678 Y72.14949
G01 X-46.87231 Y72.27702
G01 X-47.20446 Y72.27702
G01 X-47.00078 Y72.23592
G01 X-46.77678 Y72.14949
G01 X-46.39237 Y71.69511
G01 X-46.77655 Y72.14753
G04 P0 ( dwell for no time -- G64 should not smooth over this point )
G00 Z2.00000 ( retract )

G00 X-46.38338 Y70.98975 ( rapid move to begin. )
G01 F250.00000
G01 Z-0.20000
G04 P0 ( dwell for no time -- G64 should not smooth over this point )
G01 F500.00000
G01 X-46.38338 Y70.98975
G01 X-46.40804 Y70.78970
G01 X-46.45973 Y70.63062
G01 X-46.57767 Y70.42638
G01 X-46.68955 Y70.30207
G01 X-46.85051 Y70.18071
G01 X-47.04929 Y70.08924
G01 X-47.22956 Y70.05000
G01 X-47.34749 Y70.04200
G01 X-48.94749 Y70.04200
G01 X-49.06542 Y70.05000
G01 X-49.26181 Y70.09541
G01 X-49.44446 Y70.18071
G01 X-49.60542 Y70.30207
G01 X-49.73760 Y70.45426
G01 X-49.82907 Y70.61451
G01 X-49.89140 Y70.80636
G01 X-49.91159 Y71.02427
G01 X-49.88693 Y71.22434
G01 X-49.82907 Y71.39953
G01 X-49.73760 Y71.55975
G01 X-49.57977 Y71.73503
G01 X-49.42998 Y71.84273
G01 X-49.26181 Y71.91860
G01 X-49.06542 Y71.96404
G01 X-48.94749 Y71.97202
G01 X-47.34749 Y71.97202
G01 X-47.22956 Y71.96404
G01 X-47.03316 Y71.91860
G01 X-46.85051 Y71.83333
G01 X-46.68955 Y71.71195
G01 X-46.55737 Y71.55975
G01 X-46.46591 Y71.39953
G01 X-46.40357 Y71.20765
G01 X-46.38338 Y70.98975
G04 P0 ( dwell for no time -- G64 should not smooth over this point )
G00 Z2.00000 ( retract )

G00 X-46.29534 Y71.53249 ( rapid move to begin. )
G01 F250.00000
G01 Z-0.20000
G04 P0 ( dwell for no time -- G64 should not smooth over this point )
G01 F500.00000
G01 X-46.29534 Y71.53249
G01 X-46.39237 Y71.69511
G01 X-46.29534 Y71.53249
G01 X-46.22567 Y71.35660
G01 X-46.29346 Y71.52731
G01 X-46.20728 Y71.28962
G01 X-46.20459 Y71.27052
G01 X-46.21584 Y71.31327
G01 X-46.18435 Y71.12556
G01 X-46.18927 Y71.19592
G01 X-46.18348 Y71.17029
G01 X-46.18435 Y70.88843
G01 X-46.17327 Y70.96770
G01 X-46.17944 Y71.09064
G01 X-46.17327 Y70.96770
G01 X-46.19047 Y70.80133
G01 X-46.22567 Y70.65746
G04 P0 ( dwell for no time -- G64 should not smooth over this point )
G00 Z2.00000 ( retract )

G00 X-46.29534 Y70.48157 ( rapid move to begin. )
G01 F250.00000
G01 Z-0.20000
G04 P0 ( dwell for no time -- G64 should not smooth over this point )
G01 F500.00000
G01 X-46.29534 Y70.48157
G01 X-46.22567 Y70.65746
G01 X-46.25186 Y70.59023
G01 X-46.20213 Y70.76120
G01 X-46.18435 Y70.88843
G01 X-46.20728 Y70.72444
G01 X-46.27680 Y70.53265
G01 X-46.25186 Y70.59023
G01 X-46.25910 Y70.56544
G01 X-46.39237 Y70.31893
G01 X-46.29534 Y70.48157
G01 X-46.39237 Y70.31893
G01 X-46.76613 Y69.87875
G01 X-46.39237 Y70.31893
G04 P0 ( dwell for no time -- G64 should not smooth over this point )
G00 Z2.00000 ( retract )

G00 X-46.77660 Y69.86646 ( rapid move to begin. )
G01 F250.00000
G01 Z-0.20000
G04 P0 ( dwell for no time -- G64 should not smooth over this point )
G01 F500.00000
G01 X-46.77660 Y69.86646
G01 X-46.90566 Y69.80903
G01 X-47.22440 Y69.73705
G01 X-49.13059 Y69.74334
G01 X-49.29420 Y69.77812
G01 X-49.51835 Y69.86646
G01 X-49.42264 Y69.73705
G04 P0 ( dwell for no time -- G64 should not smooth over this point )
G00 Z2.00000 ( retract )

G00 X-49.99960 Y68.99249 ( rapid move to begin. )
G01 F250.00000
G01 Z-0.20000
G04 P0 ( dwell for no time -- G64 should not smooth over this point )
G01 F500.00000
G01 X-49.99960 Y68.99249
G01 X-50.08149 Y68.76659
G01 X-49.99960 Y68.99249
G01 X-49.90258 Y69.15511
G01 X-49.52909 Y69.59488
G01 X-49.90258 Y69.15511
G04 P0 ( dwell for no time -- G64 should not smooth over this point )
G00 Z2.00000 ( retract )

G00 X-49.51838 Y69.60753 ( rapid move to begin. )
G01 F250.00000
G01 Z-0.20000
G04 P0 ( dwell for no time -- G64 should not smooth over this point )
G01 F500.00000
G01 X-49.51838 Y69.60753
G01 X-49.52909 Y69.59488
G01 X-49.50199 Y69.73702
G01 X-49.52879 Y69.87875
G01 X-49.51835 Y69.86646
G04 P0 ( dwell for no time -- G64 should not smooth over this point )
G00 Z2.00000 ( retract )

G00 X-49.90258 Y70.31893 ( rapid move to begin. )
G01 F250.00000
G01 Z-0.20000
G04 P0 ( dwell for no time -- G64 should not smooth over this point )
G01 F500.00000
G01 X-49.90258 Y70.31893
G01 X-49.52879 Y69.87875
G01 X-49.90258 Y70.31893
G01 X-49.99960 Y70.48157
G01 X-50.06928 Y70.65744
G01 X-50.10667 Y70.82262
G01 X-50.06928 Y70.65744
G04 P0 ( dwell for no time -- G64 should not smooth over this point )
G00 Z2.00000 ( retract )

G00 X-50.12168 Y70.96773 ( rapid move to begin. )
G01 F250.00000
G01 Z-0.20000
G04 P0 ( dwell for no time -- G64 should not smooth over this point )
G01 F500.00000
G01 X-50.12168 Y70.96773
G01 X-50.10667 Y70.82262
G01 X-50.12168 Y71.04634
G01 X-50.10131 Y71.53283
G01 X-50.13557 Y72.06018
G01 X-49.97791 Y72.21548
G01 X-49.79501 Y72.27702
G01 X-50.02584 Y72.19937
G01 X-50.13778 Y72.08436
G01 X-50.10319 Y71.56117
G01 X-50.18853 Y71.69290
G01 X-50.41286 Y71.86684
G01 X-50.59419 Y71.92594
G01 X-50.74301 Y71.93976
G01 X-50.52307 Y72.01296
G01 X-50.16478 Y72.07936
G01 X-50.13557 Y72.06018
G04 P0 ( dwell for no time -- G64 should not smooth over this point )
G00 Z2.00000 ( retract )

G00 X-50.16770 Y72.07961 ( rapid move to begin. )
G01 F250.00000
G01 Z-0.20000
G04 P0 ( dwell for no time -- G64 should not smooth over this point )
G01 F500.00000
G01 X-50.16770 Y72.07961
G01 X-50.13778 Y72.08436
G01 X-50.57281 Y72.00377
G04 P0 ( dwell for no time -- G64 should not smooth over this point )
G00 Z2.00000 ( retract )

G00 X-49.09051 Y72.27702 ( rapid move to begin. )
G01 F250.00000
G01 Z-0.20000
G04 P0 ( dwell for no time -- G64 should not smooth over this point )
G01 F500.00000
G01 X-49.09051 Y72.27702
G01 X-49.79501 Y72.27702
G01 X-49.98185 Y72.21502
G01 X-50.03232 Y72.21502
G01 X-50.16775 Y72.07959
G01 X-50.57281 Y72.00377
G01 X-50.75353 Y71.93717
G01 X-50.16219 Y72.52851
G01 X-49.71332 Y72.52851
G01 X-49.54210 Y72.41705
G01 X-49.38932 Y72.34903
G01 X-49.07057 Y72.27702
G04 P0 ( dwell for no time -- G64 should not smooth over this point )
G00 Z2.00000 ( retract )

G00 X-47.22440 Y72.27702 ( rapid move to begin. )
G01 F250.00000
G01 Z-0.20000
G04 P0 ( dwell for no time -- G64 should not smooth over this point )
G01 F500.00000
G01 X-47.22440 Y72.27702
G01 X-49.09051 Y72.27702
G01 X-49.29420 Y72.23592
G01 X-49.58673 Y72.11423
G01 X-49.76404 Y71.98865
G01 X-49.95030 Y71.79744
G01 X-50.10032 Y71.55675
G01 X-50.09706 Y71.46851
G01 X-50.10308 Y71.56102
G01 X-50.11970 Y71.00753
G01 X-50.09706 Y71.46851
G04 P0 ( dwell for no time -- G64 should not smooth over this point )
G00 Z2.00000 ( retract )

G00 X-53.24636 Y72.06592 ( rapid move to begin. )
G01 F250.00000
G01 Z-0.20000
G04 P0 ( dwell for no time -- G64 should not smooth over this point )
G01 F500.00000
G01 X-53.24636 Y72.06592
G01 X-51.16343 Y74.14539
G01 X-50.92348 Y74.30508
G01 X-51.08365 Y74.21324
G01 X-51.18637 Y74.12591
G01 X-53.24636 Y72.06592
G01 X-53.37450 Y71.90481
G01 X-53.43734 Y71.78248
G01 X-53.47943 Y71.65154
G01 X-53.50272 Y71.44702
G01 X-53.50635 Y57.04423
G01 X-53.52741 Y56.86981
G01 X-53.63592 Y56.73153
G01 X-54.88329 Y55.48414
G01 X-53.63592 Y56.73153
G04 P0 ( dwell for no time -- G64 should not smooth over this point )
G00 Z2.00000 ( retract )

G00 X-51.88042 Y56.03923 ( rapid move to begin. )
G01 F250.00000
G01 Z-0.20000
G04 P0 ( dwell for no time -- G64 should not smooth over this point )
G01 F500.00000
G01 X-51.88042 Y56.03923
G01 X-51.97618 Y55.91396
G01 X-51.88042 Y56.03923
G01 X-51.81761 Y56.16156
G01 X-51.77552 Y56.29249
G01 X-51.75223 Y56.49702
G01 X-51.74857 Y70.89988
G01 X-51.72752 Y71.07425
G01 X-51.56940 Y71.26732
G01 X-51.09064 Y71.73608
G01 X-50.87118 Y71.88263
G01 X-50.93973 Y71.83684
G01 X-50.74578 Y71.94004
G01 X-50.95137 Y71.82907
G01 X-51.11047 Y71.71662
G01 X-51.56940 Y71.26732
G01 X-51.72752 Y71.07425
G01 X-51.74857 Y70.86254
G01 X-51.75223 Y56.49702
G01 X-51.77072 Y56.33463
G01 X-51.81761 Y56.16156
G04 P0 ( dwell for no time -- G64 should not smooth over this point )
G00 Z2.00000 ( retract )

G00 X-50.08767 Y55.48444 ( rapid move to begin. )
G01 F250.00000
G01 Z-0.20000
G04 P0 ( dwell for no time -- G64 should not smooth over this point )
G01 F500.00000
G01 X-50.08767 Y55.48444
G01 X-50.11147 Y55.60377
G01 X-50.06928 Y55.41744
G01 X-49.99960 Y55.24157
G01 X-49.90258 Y55.07893
G01 X-49.76973 Y54.92770
G01 X-49.90258 Y55.07893
G01 X-50.00202 Y55.24769
G01 X-50.07883 Y55.45971
G01 X-50.11393 Y55.66283
G01 X-50.11393 Y55.87124
G01 X-50.12071 Y55.70888
G01 X-50.11147 Y55.60377
G01 X-50.11147 Y55.93027
G01 X-50.10667 Y55.95137
G01 X-50.11393 Y55.87124
G01 X-50.06928 Y56.11660
G01 X-50.07710 Y56.08203
G01 X-50.00514 Y56.28112
G01 X-50.02452 Y56.22953
G01 X-49.90258 Y56.45511
G01 X-50.00199 Y56.28642
G01 X-49.90258 Y56.45511
G01 X-49.52909 Y56.89488
G01 X-49.90258 Y56.45511
G04 P0 ( dwell for no time -- G64 should not smooth over this point )
G00 Z2.00000 ( retract )

G00 X-49.51838 Y56.90753 ( rapid move to begin. )
G01 F250.00000
G01 Z-0.20000
G04 P0 ( dwell for no time -- G64 should not smooth over this point )
G01 F500.00000
G01 X-49.51838 Y56.90753
G01 X-49.52909 Y56.89488
G01 X-49.50199 Y57.03702
G01 X-49.52879 Y57.17875
G01 X-49.51835 Y57.16646
G04 P0 ( dwell for no time -- G64 should not smooth over this point )
G00 Z2.00000 ( retract )

G00 X-49.42264 Y57.03705 ( rapid move to begin. )
G01 F250.00000
G01 Z-0.20000
G04 P0 ( dwell for no time -- G64 should not smooth over this point )
G01 F500.00000
G01 X-49.42264 Y57.03705
G01 X-49.51835 Y57.16646
G01 X-49.34256 Y57.09107
G01 X-49.07057 Y57.03705
G04 P0 ( dwell for no time -- G64 should not smooth over this point )
G00 Z2.00000 ( retract )

G00 X-50.11147 Y58.14377 ( rapid move to begin. )
G01 F250.00000
G01 Z-0.20000
G04 P0 ( dwell for no time -- G64 should not smooth over this point )
G01 F500.00000
G01 X-50.11147 Y58.14377
G01 X-50.11393 Y58.42119
G01 X-50.11147 Y58.14377
G01 X-50.06928 Y57.95744
G01 X-50.00202 Y57.78769
G01 X-49.90258 Y57.61893
G01 X-49.52879 Y57.17875
G01 X-49.90258 Y57.61893
G01 X-50.00514 Y57.79297
G01 X-50.06928 Y57.95744
G01 X-50.10448 Y58.10136
G01 X-50.11937 Y58.31347
G01 X-50.09678 Y58.52421
G01 X-50.10667 Y58.49137
G01 X-50.08149 Y58.60659
G01 X-50.11393 Y58.42119
G01 X-50.11147 Y58.47027
G04 P0 ( dwell for no time -- G64 should not smooth over this point )
G00 Z2.00000 ( retract )

G00 X-50.06928 Y58.65660 ( rapid move to begin. )
G01 F250.00000
G01 Z-0.20000
G04 P0 ( dwell for no time -- G64 should not smooth over this point )
G01 F500.00000
G01 X-50.06928 Y58.65660
G01 X-50.09678 Y58.52421
G01 X-50.03585 Y58.74862
G01 X-50.02384 Y58.77128
G01 X-50.05327 Y58.68444
G01 X-49.99960 Y58.83249
G01 X-50.01733 Y58.78355
G01 X-49.91840 Y58.96856
G01 X-49.99960 Y58.83249
G04 P0 ( dwell for no time -- G64 should not smooth over this point )
G00 Z2.00000 ( retract )

G00 X-49.90258 Y58.99511 ( rapid move to begin. )
G01 F250.00000
G01 Z-0.20000
G04 P0 ( dwell for no time -- G64 should not smooth over this point )
G01 F500.00000
G01 X-49.90258 Y58.99511
G01 X-49.91840 Y58.96856
G01 X-49.52909 Y59.43488
G01 X-49.59737 Y59.34375
G04 P0 ( dwell for no time -- G64 should not smooth over this point )
G00 Z2.00000 ( retract )

G00 X-49.51838 Y59.44753 ( rapid move to begin. )
G01 F250.00000
G01 Z-0.20000
G04 P0 ( dwell for no time -- G64 should not smooth over this point )
G01 F500.00000
G01 X-49.51838 Y59.44753
G01 X-49.52909 Y59.43488
G01 X-49.50199 Y59.57702
G01 X-49.52879 Y59.71875
G01 X-49.51835 Y59.70646
G04 P0 ( dwell for no time -- G64 should not smooth over this point )
G00 Z2.00000 ( retract )

G00 X-49.42264 Y59.57705 ( rapid move to begin. )
G01 F250.00000
G01 Z-0.20000
G04 P0 ( dwell for no time -- G64 should not smooth over this point )
G01 F500.00000
G01 X-49.42264 Y59.57705
G01 X-49.51835 Y59.70646
G01 X-49.34256 Y59.63107
G01 X-49.07057 Y59.57705
G04 P0 ( dwell for no time -- G64 should not smooth over this point )
G00 Z2.00000 ( retract )

G00 X-50.11147 Y60.68377 ( rapid move to begin. )
G01 F250.00000
G01 Z-0.20000
G04 P0 ( dwell for no time -- G64 should not smooth over this point )
G01 F500.00000
G01 X-50.11147 Y60.68377
G01 X-50.11393 Y60.96119
G01 X-50.11147 Y60.68377
G01 X-50.06928 Y60.49744
G01 X-50.00202 Y60.32769
G01 X-49.90258 Y60.15893
G01 X-49.52879 Y59.71875
G01 X-49.90258 Y60.15893
G01 X-50.00514 Y60.33297
G01 X-50.06928 Y60.49744
G01 X-50.10448 Y60.64136
G01 X-50.11937 Y60.85347
G01 X-50.09681 Y61.06419
G01 X-50.10667 Y61.03137
G01 X-50.08149 Y61.14664
G01 X-50.11393 Y60.96119
G01 X-50.11147 Y61.01027
G04 P0 ( dwell for no time -- G64 should not smooth over this point )
G00 Z2.00000 ( retract )

G00 X-50.06928 Y61.19663 ( rapid move to begin. )
G01 F250.00000
G01 Z-0.20000
G04 P0 ( dwell for no time -- G64 should not smooth over this point )
G01 F500.00000
G01 X-50.06928 Y61.19663
G01 X-50.09681 Y61.06419
G01 X-50.03585 Y61.28862
G01 X-50.02386 Y61.31126
G01 X-50.05325 Y61.22449
G01 X-49.99960 Y61.37249
G01 X-50.01733 Y61.32355
G01 X-49.91840 Y61.50856
G01 X-49.99960 Y61.37249
G04 P0 ( dwell for no time -- G64 should not smooth over this point )
G00 Z2.00000 ( retract )

G00 X-49.90258 Y61.53511 ( rapid move to begin. )
G01 F250.00000
G01 Z-0.20000
G04 P0 ( dwell for no time -- G64 should not smooth over this point )
G01 F500.00000
G01 X-49.90258 Y61.53511
G01 X-49.91840 Y61.50856
G01 X-49.52902 Y61.97496
G01 X-49.59737 Y61.88375
G04 P0 ( dwell for no time -- G64 should not smooth over this point )
G00 Z2.00000 ( retract )

G00 X-49.51838 Y61.98753 ( rapid move to begin. )
G01 F250.00000
G01 Z-0.20000
G04 P0 ( dwell for no time -- G64 should not smooth over this point )
G01 F500.00000
G01 X-49.51838 Y61.98753
G01 X-49.52902 Y61.97496
G01 X-49.50199 Y62.11702
G01 X-49.52876 Y62.25873
G01 X-49.51835 Y62.24646
G04 P0 ( dwell for no time -- G64 should not smooth over this point )
G00 Z2.00000 ( retract )

G00 X-49.42264 Y62.11702 ( rapid move to begin. )
G01 F250.00000
G01 Z-0.20000
G04 P0 ( dwell for no time -- G64 should not smooth over this point )
G01 F500.00000
G01 X-49.42264 Y62.11702
G01 X-49.51838 Y61.98753
G01 X-49.38932 Y62.04501
G01 X-49.09051 Y62.11702
G04 P0 ( dwell for no time -- G64 should not smooth over this point )
G00 Z2.00000 ( retract )

G00 X-50.10448 Y63.18136 ( rapid move to begin. )
G01 F250.00000
G01 Z-0.20000
G04 P0 ( dwell for no time -- G64 should not smooth over this point )
G01 F500.00000
G01 X-50.10448 Y63.18136
G01 X-50.10565 Y63.19812
G01 X-50.06928 Y63.03744
G01 X-50.00514 Y62.87297
G01 X-49.90258 Y62.69893
G01 X-49.52876 Y62.25873
G01 X-49.90258 Y62.69893
G01 X-50.00199 Y62.86764
G01 X-50.06928 Y63.03744
G01 X-50.10545 Y63.19723
G01 X-50.12018 Y63.43688
G01 X-50.09031 Y63.65054
G01 X-50.12168 Y63.42634
G01 X-50.10565 Y63.19812
G01 X-50.12168 Y63.42634
G01 X-50.08149 Y63.68656
G01 X-50.08767 Y63.66962
G04 P0 ( dwell for no time -- G64 should not smooth over this point )
G00 Z2.00000 ( retract )

G00 X-49.99960 Y63.91249 ( rapid move to begin. )
G01 F250.00000
G01 Z-0.20000
G04 P0 ( dwell for no time -- G64 should not smooth over this point )
G01 F500.00000
G01 X-49.99960 Y63.91249
G01 X-50.08149 Y63.68656
G01 X-49.99960 Y63.91249
G01 X-49.90258 Y64.07513
G01 X-49.51807 Y64.52961
G01 X-49.90258 Y64.07513
G04 P0 ( dwell for no time -- G64 should not smooth over this point )
G00 Z2.00000 ( retract )

G00 X-49.51835 Y64.52758 ( rapid move to begin. )
G01 F250.00000
G01 Z-0.20000
G04 P0 ( dwell for no time -- G64 should not smooth over this point )
G01 F500.00000
G01 X-49.51835 Y64.52758
G01 X-49.38932 Y64.58501
G01 X-49.09006 Y64.65712
G01 X-47.31856 Y64.65494
G01 X-47.11985 Y64.64076
G01 X-49.07426 Y64.65722
G01 X-47.34749 Y64.65702
G01 X-47.22773 Y64.65179
G01 X-49.42221 Y64.65768
G01 X-49.07619 Y64.65755
G01 X-49.27306 Y64.69217
G01 X-49.50771 Y64.77940
G01 X-49.55239 Y64.83111
G01 X-49.42221 Y64.65768
G01 X-49.51807 Y64.52961
G01 X-49.50197 Y64.65705
G01 X-49.51797 Y64.78468
G01 X-49.88083 Y65.20911
G01 X-49.55239 Y64.83111
G01 X-49.88083 Y65.20911
G01 X-50.03326 Y65.47680
G01 X-50.01078 Y65.42151
G04 P0 ( dwell for no time -- G64 should not smooth over this point )
G00 Z2.00000 ( retract )

G00 X-50.06298 Y65.54983 ( rapid move to begin. )
G01 F250.00000
G01 Z-0.20000
G04 P0 ( dwell for no time -- G64 should not smooth over this point )
G01 F500.00000
G01 X-50.06298 Y65.54983
G01 X-50.01878 Y65.44315
G01 X-50.06689 Y65.57325
G01 X-50.05825 Y65.53843
G01 X-50.06298 Y65.54983
G01 X-50.10783 Y65.73817
G01 X-50.07164 Y65.58608
G01 X-50.08454 Y65.62095
G01 X-50.11243 Y65.75664
G01 X-50.10783 Y65.73817
G01 X-50.11655 Y66.04211
G01 X-50.11332 Y65.76570
G01 X-50.12239 Y66.00545
G04 P0 ( dwell for no time -- G64 should not smooth over this point )
G00 Z2.00000 ( retract )

G00 X-50.08896 Y66.21539 ( rapid move to begin. )
G01 F250.00000
G01 Z-0.20000
G04 P0 ( dwell for no time -- G64 should not smooth over this point )
G01 F500.00000
G01 X-50.08896 Y66.21539
G01 X-50.11688 Y66.03304
G01 X-50.06298 Y66.30424
G01 X-50.03064 Y66.37576
G01 X-50.07085 Y66.26456
G01 X-50.00296 Y66.44912
G01 X-50.02678 Y66.38430
G01 X-49.96796 Y66.51457
G01 X-49.88706 Y66.63563
G01 X-49.98322 Y66.48071
G01 X-49.89173 Y66.63029
G04 P0 ( dwell for no time -- G64 should not smooth over this point )
G00 Z2.00000 ( retract )

G00 X-49.56986 Y66.99969 ( rapid move to begin. )
G01 F250.00000
G01 Z-0.20000
G04 P0 ( dwell for no time -- G64 should not smooth over this point )
G01 F500.00000
G01 X-49.56986 Y66.99969
G01 X-49.88665 Y66.63621
G01 X-49.51766 Y67.06921
G01 X-49.50197 Y67.19699
G01 X-49.51805 Y67.32440
G01 X-49.90258 Y67.77893
G01 X-50.00202 Y67.94769
G01 X-50.06928 Y68.11744
G01 X-50.10565 Y68.27812
G01 X-50.12168 Y68.50634
G01 X-50.08149 Y68.76659
G01 X-50.12168 Y68.50634
G01 X-50.11147 Y68.30377
G01 X-50.06928 Y68.11744
G01 X-50.00514 Y67.95297
G01 X-49.90258 Y67.77893
G01 X-49.51832 Y67.32646
G04 P0 ( dwell for no time -- G64 should not smooth over this point )
G00 Z2.00000 ( retract )

G00 X-49.42221 Y67.19638 ( rapid move to begin. )
G01 F250.00000
G01 Z-0.20000
G04 P0 ( dwell for no time -- G64 should not smooth over this point )
G01 F500.00000
G01 X-49.42221 Y67.19638
G01 X-49.51766 Y67.06921
G01 X-49.27306 Y67.16187
G01 X-49.07395 Y67.19682
G01 X-49.42221 Y67.19638
G01 X-49.51832 Y67.32646
G01 X-49.29420 Y67.23812
G01 X-49.07080 Y67.19705
G04 P0 ( dwell for no time -- G64 should not smooth over this point )
G00 Z2.00000 ( retract )

G00 X-49.07078 Y67.19705 ( rapid move to begin. )
G01 F250.00000
G01 Z-0.20000
G04 P0 ( dwell for no time -- G64 should not smooth over this point )
G01 F500.00000
G01 X-49.07078 Y67.19705
G01 X-47.26387 Y67.19920
G01 X-49.07078 Y67.19705
G01 X-47.20990 Y67.20380
G01 X-47.26387 Y67.19920
G01 X-46.99735 Y67.22201
G01 X-46.69908 Y67.27896
G01 X-46.60144 Y67.45600
G01 X-46.62778 Y67.41500
G01 X-46.75287 Y67.33705
G01 X-46.90566 Y67.26903
G01 X-47.18224 Y67.20390
G01 X-46.74749 Y67.20550
G01 X-46.61513 Y67.19247
G01 X-46.27805 Y66.86540
G01 X-46.69908 Y67.27896
G04 P0 ( dwell for no time -- G64 should not smooth over this point )
G00 Z2.00000 ( retract )

G00 X-46.87231 Y69.73705 ( rapid move to begin. )
G01 F250.00000
G01 Z-0.20000
G04 P0 ( dwell for no time -- G64 should not smooth over this point )
G01 F500.00000
G01 X-46.87231 Y69.73705
G01 X-46.76613 Y69.87875
G01 X-46.79298 Y69.73702
G01 X-46.77678 Y69.60951
G01 X-46.87231 Y69.73705
G01 X-49.42264 Y69.73705
G01 X-49.51838 Y69.60753
G01 X-49.38932 Y69.66501
G01 X-49.09051 Y69.73702
G01 X-47.20446 Y69.73702
G01 X-47.00078 Y69.69592
G01 X-46.76603 Y69.59514
G01 X-46.77655 Y69.60753
G04 P0 ( dwell for no time -- G64 should not smooth over this point )
G00 Z2.00000 ( retract )

G00 X-46.69758 Y69.50375 ( rapid move to begin. )
G01 F250.00000
G01 Z-0.20000
G04 P0 ( dwell for no time -- G64 should not smooth over this point )
G01 F500.00000
G01 X-46.69758 Y69.50375
G01 X-46.76603 Y69.59514
G01 X-46.36794 Y69.11416
G01 X-46.39237 Y69.15511
G04 P0 ( dwell for no time -- G64 should not smooth over this point )
G00 Z2.00000 ( retract )

G00 X-46.29534 Y68.99249 ( rapid move to begin. )
G01 F250.00000
G01 Z-0.20000
G04 P0 ( dwell for no time -- G64 should not smooth over this point )
G01 F500.00000
G01 X-46.29534 Y68.99249
G01 X-46.36794 Y69.11416
G01 X-46.27759 Y68.94355
G01 X-46.29534 Y68.99249
G01 X-46.20728 Y68.74962
G01 X-46.20208 Y68.71243
G01 X-46.24165 Y68.84441
G01 X-46.18927 Y68.65592
G01 X-46.19814 Y68.68427
G01 X-46.18435 Y68.58556
G01 X-46.18887 Y68.65018
G01 X-46.18348 Y68.63029
G01 X-46.18435 Y68.34843
G01 X-46.17327 Y68.42770
G01 X-46.17947 Y68.38335
G01 X-46.18348 Y68.63029
G01 X-46.22567 Y68.81660
G04 P0 ( dwell for no time -- G64 should not smooth over this point )
G00 Z2.00000 ( retract )

G00 X-46.38338 Y68.44975 ( rapid move to begin. )
G01 F250.00000
G01 Z-0.20000
G04 P0 ( dwell for no time -- G64 should not smooth over this point )
G01 F500.00000
G01 X-46.38338 Y68.44975
G01 X-46.40804 Y68.24970
G01 X-46.45973 Y68.09062
G01 X-46.57767 Y67.88638
G01 X-46.68955 Y67.76207
G01 X-46.85051 Y67.64071
G01 X-47.04929 Y67.54924
G01 X-47.22956 Y67.51000
G01 X-47.34749 Y67.50200
G01 X-48.94749 Y67.50200
G01 X-49.06542 Y67.51000
G01 X-49.26181 Y67.55541
G01 X-49.44446 Y67.64071
G01 X-49.60542 Y67.76207
G01 X-49.73760 Y67.91426
G01 X-49.82907 Y68.07451
G01 X-49.89140 Y68.26636
G01 X-49.91159 Y68.48427
G01 X-49.88693 Y68.68434
G01 X-49.82907 Y68.85953
G01 X-49.73760 Y69.01975
G01 X-49.57977 Y69.19503
G01 X-49.42998 Y69.30273
G01 X-49.26181 Y69.37860
G01 X-49.06542 Y69.42404
G01 X-48.94749 Y69.43202
G01 X-47.34749 Y69.43202
G01 X-47.22956 Y69.42404
G01 X-47.03316 Y69.37860
G01 X-46.85051 Y69.29333
G01 X-46.68955 Y69.17195
G01 X-46.55737 Y69.01975
G01 X-46.46591 Y68.85953
G01 X-46.40357 Y68.66765
G01 X-46.38338 Y68.44975
G04 P0 ( dwell for no time -- G64 should not smooth over this point )
G00 Z2.00000 ( retract )

G00 X-46.56182 Y67.52791 ( rapid move to begin. )
G01 F250.00000
G01 Z-0.20000
G04 P0 ( dwell for no time -- G64 should not smooth over this point )
G01 F500.00000
G01 X-46.56182 Y67.52791
G01 X-46.60144 Y67.45600
G01 X-46.28981 Y67.95297
G01 X-46.33738 Y67.87860
G01 X-46.25910 Y68.02544
G01 X-46.25343 Y68.04619
G01 X-46.27378 Y67.99786
G01 X-46.20728 Y68.18444
G01 X-46.20213 Y68.22120
G01 X-46.24348 Y68.08284
G01 X-46.19047 Y68.26133
G01 X-46.18887 Y68.28389
G01 X-46.19814 Y68.24980
G01 X-46.18099 Y68.35282
G01 X-46.22567 Y68.11746
G01 X-46.28981 Y67.95297
G01 X-46.62755 Y67.40863
G01 X-46.62900 Y67.32826
G01 X-46.59821 Y67.18630
G01 X-46.27805 Y66.86540
G01 X-46.20606 Y66.72463
G01 X-46.17759 Y66.59888
G01 X-46.19844 Y66.69105
G01 X-46.27805 Y66.86540
G04 P0 ( dwell for no time -- G64 should not smooth over this point )
G00 Z2.00000 ( retract )

G00 X-46.16974 Y66.52702 ( rapid move to begin. )
G01 F250.00000
G01 Z-0.20000
G04 P0 ( dwell for no time -- G64 should not smooth over this point )
G01 F500.00000
G01 X-46.16974 Y66.52702
G01 X-46.17599 Y65.29095
G01 X-46.17759 Y66.59888
G01 X-46.16974 Y65.32702
G04 P0 ( dwell for no time -- G64 should not smooth over this point )
G00 Z2.00000 ( retract )

G00 X-46.25524 Y65.02281 ( rapid move to begin. )
G01 F250.00000
G01 Z-0.20000
G04 P0 ( dwell for no time -- G64 should not smooth over this point )
G01 F500.00000
G01 X-46.25524 Y65.02281
G01 X-46.17629 Y65.23436
G01 X-46.23096 Y65.07084
G01 X-46.31361 Y64.94833
G01 X-46.69697 Y64.57470
G01 X-46.50776 Y64.75908
G01 X-46.61513 Y64.66154
G01 X-46.74749 Y64.64851
G01 X-47.18968 Y64.65011
G01 X-46.99735 Y64.63205
G01 X-46.69697 Y64.57470
G01 X-46.61650 Y64.42184
G01 X-46.75287 Y64.51696
G01 X-46.95242 Y64.60294
G01 X-47.11985 Y64.64076
G01 X-46.99735 Y64.63205
G04 P0 ( dwell for no time -- G64 should not smooth over this point )
G00 Z2.00000 ( retract )

G00 X-46.38249 Y65.32702 ( rapid move to begin. )
G01 F250.00000
G01 Z-0.20000
G04 P0 ( dwell for no time -- G64 should not smooth over this point )
G01 F500.00000
G01 X-46.38249 Y65.32702
G01 X-46.39890 Y65.22486
G01 X-46.46451 Y65.09923
G01 X-46.54470 Y65.02352
G01 X-46.67627 Y64.96903
G01 X-49.05810 Y64.96903
G01 X-49.24286 Y65.00901
G01 X-49.41627 Y65.08427
G01 X-49.54667 Y65.17142
G01 X-49.68256 Y65.30281
G01 X-49.80547 Y65.48676
G01 X-49.86549 Y65.63164
G01 X-49.90547 Y65.81640
G01 X-49.90547 Y66.03761
G01 X-49.86549 Y66.22237
G01 X-49.79021 Y66.39580
G01 X-49.68256 Y66.55120
G01 X-49.54667 Y66.68262
G01 X-49.41627 Y66.76974
G01 X-49.24286 Y66.84500
G01 X-49.05810 Y66.88498
G01 X-46.67627 Y66.88501
G01 X-46.54470 Y66.83050
G01 X-46.46451 Y66.75481
G01 X-46.38950 Y66.59821
G01 X-46.38249 Y65.32702
G01 X-46.17614 Y65.32702
G01 X-46.17629 Y65.23436
G01 X-46.17599 Y65.29095
G01 X-46.19418 Y65.18641
G01 X-46.24518 Y65.04973
G01 X-46.29098 Y64.98183
G01 X-46.60025 Y64.66568
G01 X-46.63136 Y64.46723
G01 X-46.59415 Y64.37937
G01 X-46.60367 Y64.40188
G01 X-46.37459 Y64.04529
G01 X-46.34523 Y63.99022
G01 X-46.59415 Y64.37937
G01 X-46.29476 Y63.91130
G01 X-46.33873 Y63.97803
G01 X-46.27058 Y63.85016
G01 X-46.28981 Y63.90114
G01 X-46.22567 Y63.73660
G01 X-46.25082 Y63.80023
G01 X-46.19047 Y63.59273
G01 X-46.21539 Y63.67846
G01 X-46.18399 Y63.50046
G01 X-46.19047 Y63.59273
G04 P0 ( dwell for no time -- G64 should not smooth over this point )
G00 Z2.00000 ( retract )

G00 X-46.38338 Y63.36975 ( rapid move to begin. )
G01 F250.00000
G01 Z-0.20000
G04 P0 ( dwell for no time -- G64 should not smooth over this point )
G01 F500.00000
G01 X-46.38338 Y63.36975
G01 X-46.40804 Y63.16970
G01 X-46.45973 Y63.01062
G01 X-46.56679 Y62.81979
G01 X-46.71521 Y62.65903
G01 X-46.88038 Y62.54346
G01 X-47.04929 Y62.46924
G01 X-47.22956 Y62.43002
G01 X-47.34749 Y62.42200
G01 X-48.94749 Y62.42200
G01 X-49.06542 Y62.43002
G01 X-49.26181 Y62.47541
G01 X-49.44446 Y62.56073
G01 X-49.60542 Y62.68207
G01 X-49.72818 Y62.81979
G01 X-49.82907 Y62.99451
G01 X-49.89140 Y63.18636
G01 X-49.91159 Y63.40427
G01 X-49.88693 Y63.60434
G01 X-49.83524 Y63.76340
G01 X-49.72818 Y63.95425
G01 X-49.57977 Y64.11503
G01 X-49.41459 Y64.23058
G01 X-49.24568 Y64.30480
G01 X-49.06542 Y64.34404
G01 X-48.94749 Y64.35202
G01 X-47.34749 Y64.35202
G01 X-47.22956 Y64.34404
G01 X-47.03316 Y64.29860
G01 X-46.85051 Y64.21333
G01 X-46.68955 Y64.09195
G01 X-46.56679 Y63.95425
G01 X-46.45973 Y63.76340
G01 X-46.40357 Y63.58765
G01 X-46.38338 Y63.36975
G04 P0 ( dwell for no time -- G64 should not smooth over this point )
G00 Z2.00000 ( retract )

G00 X-46.17327 Y63.34773 ( rapid move to begin. )
G01 F250.00000
G01 Z-0.20000
G04 P0 ( dwell for no time -- G64 should not smooth over this point )
G01 F500.00000
G01 X-46.17327 Y63.34773
G01 X-46.18399 Y63.50046
G01 X-46.18043 Y63.29637
G01 X-46.17327 Y63.34773
G01 X-46.20208 Y63.14163
G01 X-46.18170 Y63.26596
G01 X-46.19047 Y63.18133
G01 X-46.22567 Y63.03746
G01 X-46.21584 Y63.08077
G01 X-46.29534 Y62.86160
G01 X-46.22567 Y63.03746
G04 P0 ( dwell for no time -- G64 should not smooth over this point )
G00 Z2.00000 ( retract )

G00 X-46.29534 Y62.86160 ( rapid move to begin. )
G01 F250.00000
G01 Z-0.20000
G04 P0 ( dwell for no time -- G64 should not smooth over this point )
G01 F500.00000
G01 X-46.29534 Y62.86160
G01 X-46.39237 Y62.69893
G01 X-46.76616 Y62.25873
G01 X-46.39237 Y62.69893
G04 P0 ( dwell for no time -- G64 should not smooth over this point )
G00 Z2.00000 ( retract )

G00 X-46.77660 Y62.24646 ( rapid move to begin. )
G01 F250.00000
G01 Z-0.20000
G04 P0 ( dwell for no time -- G64 should not smooth over this point )
G01 F500.00000
G01 X-46.77660 Y62.24646
G01 X-46.90566 Y62.18905
G01 X-47.22440 Y62.11707
G01 X-49.07057 Y62.11707
G01 X-49.34256 Y62.17107
G01 X-49.51835 Y62.24646
G01 X-49.42264 Y62.11702
G01 X-47.20446 Y62.11702
G04 P0 ( dwell for no time -- G64 should not smooth over this point )
G00 Z2.00000 ( retract )

G00 X-46.87231 Y62.11702 ( rapid move to begin. )
G01 F250.00000
G01 Z-0.20000
G04 P0 ( dwell for no time -- G64 should not smooth over this point )
G01 F500.00000
G01 X-46.87231 Y62.11702
G01 X-46.76616 Y62.25873
G01 X-46.79298 Y62.11702
G01 X-46.77678 Y61.98949
G01 X-46.87231 Y62.11702
G01 X-47.20446 Y62.11702
G01 X-46.95242 Y62.06294
G01 X-46.76608 Y61.97521
G01 X-46.77655 Y61.98753
G04 P0 ( dwell for no time -- G64 should not smooth over this point )
G00 Z2.00000 ( retract )

G00 X-46.39237 Y61.53511 ( rapid move to begin. )
G01 F250.00000
G01 Z-0.20000
G04 P0 ( dwell for no time -- G64 should not smooth over this point )
G01 F500.00000
G01 X-46.39237 Y61.53511
G01 X-46.76608 Y61.97521
G01 X-46.39237 Y61.53511
G01 X-46.29534 Y61.37249
G04 P0 ( dwell for no time -- G64 should not smooth over this point )
G00 Z2.00000 ( retract )

G00 X-46.38338 Y60.82977 ( rapid move to begin. )
G01 F250.00000
G01 Z-0.20000
G04 P0 ( dwell for no time -- G64 should not smooth over this point )
G01 F500.00000
G01 X-46.38338 Y60.82977
G01 X-46.40357 Y61.04765
G01 X-46.45973 Y61.22342
G01 X-46.56679 Y61.41423
G01 X-46.68955 Y61.55195
G01 X-46.85051 Y61.67333
G01 X-47.03316 Y61.75860
G01 X-47.22956 Y61.80404
G01 X-47.34749 Y61.81204
G01 X-48.94749 Y61.81204
G01 X-49.06542 Y61.80404
G01 X-49.24568 Y61.76480
G01 X-49.41459 Y61.69058
G01 X-49.57977 Y61.57503
G01 X-49.72818 Y61.41423
G01 X-49.83524 Y61.22342
G01 X-49.88693 Y61.06434
G01 X-49.91159 Y60.86429
G01 X-49.89140 Y60.64636
G01 X-49.82907 Y60.45451
G01 X-49.72818 Y60.27979
G01 X-49.60542 Y60.14207
G01 X-49.44446 Y60.02071
G01 X-49.26181 Y59.93541
G01 X-49.06542 Y59.89000
G01 X-48.94749 Y59.88200
G01 X-47.34749 Y59.88200
G01 X-47.22956 Y59.89000
G01 X-47.04929 Y59.92924
G01 X-46.88038 Y60.00343
G01 X-46.71521 Y60.11900
G01 X-46.56679 Y60.27979
G01 X-46.45973 Y60.47062
G01 X-46.40804 Y60.62970
G01 X-46.38338 Y60.82977
G04 P0 ( dwell for no time -- G64 should not smooth over this point )
G00 Z2.00000 ( retract )

G00 X-46.22567 Y61.19663 ( rapid move to begin. )
G01 F250.00000
G01 Z-0.20000
G04 P0 ( dwell for no time -- G64 should not smooth over this point )
G01 F500.00000
G01 X-46.22567 Y61.19663
G01 X-46.29534 Y61.37249
G01 X-46.21584 Y61.15329
G01 X-46.22567 Y61.19663
G01 X-46.18546 Y60.98146
G01 X-46.18927 Y61.03592
G01 X-46.18348 Y61.01029
G01 X-46.18569 Y60.71878
G01 X-46.17327 Y60.80770
G01 X-46.18023 Y60.94595
G01 X-46.17327 Y60.80770
G01 X-46.19047 Y60.64133
G04 P0 ( dwell for no time -- G64 should not smooth over this point )
G00 Z2.00000 ( retract )

G00 X-46.22567 Y60.49746 ( rapid move to begin. )
G01 F250.00000
G01 Z-0.20000
G04 P0 ( dwell for no time -- G64 should not smooth over this point )
G01 F500.00000
G01 X-46.22567 Y60.49746
G01 X-46.18569 Y60.71878
G01 X-46.20728 Y60.56444
G01 X-46.29344 Y60.32678
G01 X-46.22567 Y60.49746
G01 X-46.29534 Y60.32157
G01 X-46.39237 Y60.15893
G01 X-46.29534 Y60.32157
G04 P0 ( dwell for no time -- G64 should not smooth over this point )
G00 Z2.00000 ( retract )

G00 X-46.77660 Y59.70646 ( rapid move to begin. )
G01 F250.00000
G01 Z-0.20000
G04 P0 ( dwell for no time -- G64 should not smooth over this point )
G01 F500.00000
G01 X-46.77660 Y59.70646
G01 X-46.90566 Y59.64903
G01 X-47.22440 Y59.57705
G04 P0 ( dwell for no time -- G64 should not smooth over this point )
G00 Z2.00000 ( retract )

G00 X-46.87231 Y59.57705 ( rapid move to begin. )
G01 F250.00000
G01 Z-0.20000
G04 P0 ( dwell for no time -- G64 should not smooth over this point )
G01 F500.00000
G01 X-46.87231 Y59.57705
G01 X-46.69760 Y59.81027
G01 X-46.39237 Y60.15893
G01 X-46.77683 Y59.70448
G01 X-46.79298 Y59.57702
G01 X-46.77678 Y59.44951
G01 X-46.87231 Y59.57705
G01 X-49.42264 Y59.57705
G01 X-49.51838 Y59.44753
G01 X-49.38932 Y59.50501
G01 X-49.09051 Y59.57702
G01 X-47.20446 Y59.57702
G01 X-46.95242 Y59.52294
G01 X-46.76603 Y59.43514
G01 X-46.77655 Y59.44753
G04 P0 ( dwell for no time -- G64 should not smooth over this point )
G00 Z2.00000 ( retract )

G00 X-46.39237 Y58.99511 ( rapid move to begin. )
G01 F250.00000
G01 Z-0.20000
G04 P0 ( dwell for no time -- G64 should not smooth over this point )
G01 F500.00000
G01 X-46.39237 Y58.99511
G01 X-46.76603 Y59.43514
G01 X-46.39237 Y58.99511
G01 X-46.29534 Y58.83249
G01 X-46.22567 Y58.65660
G01 X-46.18927 Y58.49592
G01 X-46.22567 Y58.65660
G04 P0 ( dwell for no time -- G64 should not smooth over this point )
G00 Z2.00000 ( retract )

G00 X-46.38338 Y58.28975 ( rapid move to begin. )
G01 F250.00000
G01 Z-0.20000
G04 P0 ( dwell for no time -- G64 should not smooth over this point )
G01 F500.00000
G01 X-46.38338 Y58.28975
G01 X-46.40804 Y58.08970
G01 X-46.45973 Y57.93062
G01 X-46.56679 Y57.73979
G01 X-46.71521 Y57.57900
G01 X-46.88038 Y57.46343
G01 X-47.04929 Y57.38924
G01 X-47.22956 Y57.35000
G01 X-47.34749 Y57.34200
G01 X-48.94749 Y57.34200
G01 X-49.06542 Y57.35000
G01 X-49.26181 Y57.39541
G01 X-49.44446 Y57.48071
G01 X-49.60542 Y57.60207
G01 X-49.72818 Y57.73979
G01 X-49.82907 Y57.91451
G01 X-49.89140 Y58.10636
G01 X-49.91159 Y58.32427
G01 X-49.88693 Y58.52434
G01 X-49.83524 Y58.68340
G01 X-49.72818 Y58.87423
G01 X-49.57977 Y59.03503
G01 X-49.41459 Y59.15058
G01 X-49.24568 Y59.22480
G01 X-49.06542 Y59.26404
G01 X-48.94749 Y59.27202
G01 X-47.34749 Y59.27202
G01 X-47.22956 Y59.26404
G01 X-47.03316 Y59.21860
G01 X-46.85051 Y59.13333
G01 X-46.68955 Y59.01195
G01 X-46.56679 Y58.87423
G01 X-46.45973 Y58.68340
G01 X-46.40357 Y58.50765
G01 X-46.38338 Y58.28975
G04 P0 ( dwell for no time -- G64 should not smooth over this point )
G00 Z2.00000 ( retract )

G00 X-46.18348 Y58.47029 ( rapid move to begin. )
G01 F250.00000
G01 Z-0.20000
G04 P0 ( dwell for no time -- G64 should not smooth over this point )
G01 F500.00000
G01 X-46.18348 Y58.47029
G01 X-46.17327 Y58.26770
G01 X-46.18927 Y58.49592
G01 X-46.17947 Y58.22335
G01 X-46.17327 Y58.26770
G01 X-46.21584 Y58.00080
G01 X-46.20462 Y58.04347
G01 X-46.20728 Y58.02444
G01 X-46.28981 Y57.79297
G01 X-46.39237 Y57.61893
G01 X-46.29534 Y57.78157
G04 P0 ( dwell for no time -- G64 should not smooth over this point )
G00 Z2.00000 ( retract )

G00 X-43.38283 Y54.55166 ( rapid move to begin. )
G01 F250.00000
G01 Z-0.20000
G04 P0 ( dwell for no time -- G64 should not smooth over this point )
G01 F500.00000
G01 X-43.38283 Y54.55166
G01 X-43.52926 Y54.43946
G01 X-43.38283 Y54.55166
G01 X-43.14572 Y54.77175
G01 X-42.99637 Y54.88028
G01 X-42.80163 Y54.97225
G01 X-42.99637 Y54.88028
G04 P0 ( dwell for no time -- G64 should not smooth over this point )
G00 Z2.00000 ( retract )

G00 X-42.78184 Y54.98163 ( rapid move to begin. )
G01 F250.00000
G01 Z-0.20000
G04 P0 ( dwell for no time -- G64 should not smooth over this point )
G01 F500.00000
G01 X-42.78184 Y54.98163
G01 X-42.80163 Y54.97225
G01 X-42.54338 Y55.04050
G01 X-42.52748 Y55.04109
G01 X-42.75342 Y54.98793
G01 X-42.47391 Y55.05005
G01 X-42.51148 Y55.04170
G01 X-42.28923 Y55.05005
G01 X-42.38156 Y55.04657
G01 X-42.10729 Y55.01965
G01 X-41.93190 Y54.96265
G01 X-41.76678 Y54.88028
G01 X-42.01867 Y54.99085
G01 X-42.28923 Y55.05005
G04 P0 ( dwell for no time -- G64 should not smooth over this point )
G00 Z2.00000 ( retract )

G00 X-41.41659 Y53.87701 ( rapid move to begin. )
G01 F250.00000
G01 Z-0.20000
G04 P0 ( dwell for no time -- G64 should not smooth over this point )
G01 F500.00000
G01 X-41.41659 Y53.87701
G01 X-41.44214 Y53.65968
G01 X-41.50003 Y53.48450
G01 X-41.60089 Y53.30980
G01 X-41.72367 Y53.17208
G01 X-41.88461 Y53.05069
G01 X-42.06726 Y52.96543
G01 X-42.29797 Y52.91640
G01 X-42.48245 Y52.91729
G01 X-42.67978 Y52.95925
G01 X-42.84869 Y53.03345
G01 X-43.02730 Y53.15989
G01 X-43.16228 Y53.30980
G01 X-43.26317 Y53.48450
G01 X-43.32103 Y53.65968
G01 X-43.34658 Y53.87701
G01 X-43.32103 Y54.09433
G01 X-43.26317 Y54.26951
G01 X-43.16228 Y54.44421
G01 X-43.03952 Y54.58193
G01 X-42.84869 Y54.72057
G01 X-42.67978 Y54.79478
G01 X-42.46520 Y54.83763
G01 X-42.28072 Y54.83672
G01 X-42.08339 Y54.79478
G01 X-41.91448 Y54.72057
G01 X-41.73587 Y54.59415
G01 X-41.60089 Y54.44421
G01 X-41.50003 Y54.26951
G01 X-41.44214 Y54.09433
G01 X-41.41659 Y53.87701
G04 P0 ( dwell for no time -- G64 should not smooth over this point )
G00 Z2.00000 ( retract )

G00 X-40.88680 Y52.90431 ( rapid move to begin. )
G01 F250.00000
G01 Z-0.20000
G04 P0 ( dwell for no time -- G64 should not smooth over this point )
G01 F500.00000
G01 X-40.88680 Y52.90431
G01 X-41.10110 Y53.12895
G01 X-40.83539 Y52.86060
G01 X-41.10313 Y53.13853
G01 X-40.82370 Y52.85232
G01 X-40.83539 Y52.86060
G01 X-40.72596 Y52.78303
G01 X-40.78456 Y52.81739
G01 X-40.75964 Y52.79621
G01 X-40.65540 Y52.74178
G01 X-40.51161 Y52.70977
G01 X-40.68200 Y52.75722
G01 X-40.50592 Y52.70975
G01 X-40.65540 Y52.74178
G04 P0 ( dwell for no time -- G64 should not smooth over this point )
G00 Z2.00000 ( retract )

G00 X-40.48001 Y52.70276 ( rapid move to begin. )
G01 F250.00000
G01 Z-0.20000
G04 P0 ( dwell for no time -- G64 should not smooth over this point )
G01 F500.00000
G01 X-40.48001 Y52.70276
G01 X-40.50742 Y52.70886
G01 X-39.24156 Y52.70177
G01 X-40.45052 Y52.70274
G01 X-39.24156 Y52.70177
G01 X-39.12782 Y52.71399
G01 X-39.24156 Y52.70177
G04 P0 ( dwell for no time -- G64 should not smooth over this point )
G00 Z2.00000 ( retract )

G00 X-38.87659 Y53.27701 ( rapid move to begin. )
G01 F250.00000
G01 Z-0.20000
G04 P0 ( dwell for no time -- G64 should not smooth over this point )
G01 F500.00000
G01 X-38.87659 Y53.27701
G01 X-38.87750 Y54.49425
G01 X-38.90814 Y54.62547
G01 X-39.01078 Y54.75912
G01 X-39.13293 Y54.82544
G01 X-39.24159 Y54.84200
G01 X-40.44158 Y54.84200
G01 X-40.60869 Y54.80096
G01 X-40.73688 Y54.69156
G01 X-40.78123 Y54.60934
G01 X-40.80658 Y54.47700
G01 X-40.80658 Y53.27701
G01 X-40.77504 Y53.12854
G01 X-40.67239 Y52.99489
G01 X-40.55025 Y52.92860
G01 X-40.44158 Y52.91201
G01 X-39.21578 Y52.91404
G01 X-39.07448 Y52.95308
G01 X-38.98515 Y53.01798
G01 X-38.90814 Y53.12854
G01 X-38.87659 Y53.27701
G04 P0 ( dwell for no time -- G64 should not smooth over this point )
G00 Z2.00000 ( retract )

G00 X-38.67346 Y53.17762 ( rapid move to begin. )
G01 F250.00000
G01 Z-0.20000
G04 P0 ( dwell for no time -- G64 should not smooth over this point )
G01 F500.00000
G01 X-38.67346 Y53.17762
G01 X-38.67346 Y54.57642
G01 X-38.67346 Y53.17762
G01 X-38.70610 Y53.06311
G01 X-38.80062 Y52.90815
G01 X-38.92434 Y52.79570
G01 X-39.02774 Y52.74178
G01 X-39.12782 Y52.71399
G01 X-39.02774 Y52.74178
G04 P0 ( dwell for no time -- G64 should not smooth over this point )
G00 Z2.00000 ( retract )

G00 X-32.21960 Y45.08157 ( rapid move to begin. )
G01 F250.00000
G01 Z-0.20000
G04 P0 ( dwell for no time -- G64 should not smooth over this point )
G01 F500.00000
G01 X-32.21960 Y45.08157
G01 X-32.12258 Y44.91893
G01 X-31.74879 Y44.47875
G01 X-32.12258 Y44.91893
G01 X-32.23812 Y45.13265
G01 X-32.21960 Y45.08157
G01 X-32.27327 Y45.22963
G01 X-32.24455 Y45.14454
G01 X-32.26418 Y45.19412
G01 X-32.25585 Y45.16544
G04 P0 ( dwell for no time -- G64 should not smooth over this point )
G00 Z2.00000 ( retract )

G00 X-32.28928 Y45.25744 ( rapid move to begin. )
G01 F250.00000
G01 Z-0.20000
G04 P0 ( dwell for no time -- G64 should not smooth over this point )
G01 F500.00000
G01 X-32.28928 Y45.25744
G01 X-32.26418 Y45.19412
G01 X-32.31785 Y45.39369
G01 X-32.27952 Y45.24685
G01 X-32.31336 Y45.36313
G01 X-32.30152 Y45.30748
G01 X-32.30767 Y45.32444
G01 X-32.32946 Y45.47260
G01 X-32.32667 Y45.42262
G01 X-32.33147 Y45.44377
G01 X-32.32725 Y45.42831
G01 X-32.33937 Y45.53981
G01 X-32.32946 Y45.47260
G01 X-32.32667 Y45.79137
G01 X-32.34168 Y45.64634
G01 X-32.33545 Y45.69066
G01 X-32.33469 Y45.50811
G01 X-32.34168 Y45.64634
G01 X-32.33937 Y45.53981
G01 X-32.34168 Y45.56773
G04 P0 ( dwell for no time -- G64 should not smooth over this point )
G00 Z2.00000 ( retract )

G00 X-32.32448 Y45.81271 ( rapid move to begin. )
G01 F250.00000
G01 Z-0.20000
G04 P0 ( dwell for no time -- G64 should not smooth over this point )
G01 F500.00000
G01 X-32.32448 Y45.81271
G01 X-32.32923 Y45.73524
G01 X-32.28928 Y45.95660
G01 X-32.22199 Y46.12642
G01 X-32.29906 Y45.91329
G01 X-32.21960 Y46.13249
G01 X-32.12258 Y46.29511
G01 X-31.74909 Y46.73488
G01 X-32.12258 Y46.29511
G01 X-32.21960 Y46.13249
G04 P0 ( dwell for no time -- G64 should not smooth over this point )
G00 Z2.00000 ( retract )

G00 X-31.29057 Y46.87705 ( rapid move to begin. )
G01 F250.00000
G01 Z-0.20000
G04 P0 ( dwell for no time -- G64 should not smooth over this point )
G01 F500.00000
G01 X-31.29057 Y46.87705
G01 X-31.56256 Y46.93107
G01 X-31.73835 Y47.00646
G01 X-31.64264 Y46.87705
G04 P0 ( dwell for no time -- G64 should not smooth over this point )
G00 Z2.00000 ( retract )

G00 X-31.73838 Y46.74753 ( rapid move to begin. )
G01 F250.00000
G01 Z-0.20000
G04 P0 ( dwell for no time -- G64 should not smooth over this point )
G01 F500.00000
G01 X-31.73838 Y46.74753
G01 X-31.74909 Y46.73488
G01 X-31.72199 Y46.87702
G01 X-31.74879 Y47.01875
G01 X-31.73835 Y47.00646
G04 P0 ( dwell for no time -- G64 should not smooth over this point )
G00 Z2.00000 ( retract )

G00 X-32.12258 Y47.45893 ( rapid move to begin. )
G01 F250.00000
G01 Z-0.20000
G04 P0 ( dwell for no time -- G64 should not smooth over this point )
G01 F500.00000
G01 X-32.12258 Y47.45893
G01 X-31.74879 Y47.01875
G01 X-32.12258 Y47.45893
G01 X-32.21960 Y47.62157
G01 X-32.12258 Y47.45893
G01 X-32.24455 Y47.68454
G01 X-32.22514 Y47.63297
G01 X-32.28928 Y47.79744
G01 X-32.26243 Y47.72970
G01 X-32.33147 Y47.98377
G01 X-32.32606 Y47.96386
G01 X-32.33545 Y48.23066
G01 X-32.31678 Y48.36422
G01 X-32.22199 Y48.66642
G01 X-32.28928 Y48.49660
G01 X-32.26243 Y48.56432
G01 X-32.33147 Y48.31027
G01 X-32.32725 Y48.32568
G01 X-32.34168 Y48.18634
G01 X-32.33393 Y48.26119
G01 X-32.33147 Y47.98377
G01 X-32.34168 Y48.18634
G04 P0 ( dwell for no time -- G64 should not smooth over this point )
G00 Z2.00000 ( retract )

G00 X-32.21960 Y48.67249 ( rapid move to begin. )
G01 F250.00000
G01 Z-0.20000
G04 P0 ( dwell for no time -- G64 should not smooth over this point )
G01 F500.00000
G01 X-32.21960 Y48.67249
G01 X-32.23733 Y48.62355
G01 X-32.12258 Y48.83511
G01 X-32.13777 Y48.80930
G01 X-31.74902 Y49.27496
G01 X-31.81737 Y49.18375
G04 P0 ( dwell for no time -- G64 should not smooth over this point )
G00 Z2.00000 ( retract )

G00 X-31.31051 Y49.41702 ( rapid move to begin. )
G01 F250.00000
G01 Z-0.20000
G04 P0 ( dwell for no time -- G64 should not smooth over this point )
G01 F500.00000
G01 X-31.31051 Y49.41702
G01 X-31.60932 Y49.34501
G01 X-31.73838 Y49.28753
G01 X-31.64264 Y49.41702
G04 P0 ( dwell for no time -- G64 should not smooth over this point )
G00 Z2.00000 ( retract )

G00 X-31.73838 Y49.28753 ( rapid move to begin. )
G01 F250.00000
G01 Z-0.20000
G04 P0 ( dwell for no time -- G64 should not smooth over this point )
G01 F500.00000
G01 X-31.73838 Y49.28753
G01 X-31.74902 Y49.27496
G01 X-31.72199 Y49.41702
G01 X-31.74887 Y49.55883
G01 X-31.73835 Y49.54646
G04 P0 ( dwell for no time -- G64 should not smooth over this point )
G00 Z2.00000 ( retract )

G00 X-32.12258 Y49.99893 ( rapid move to begin. )
G01 F250.00000
G01 Z-0.20000
G04 P0 ( dwell for no time -- G64 should not smooth over this point )
G01 F500.00000
G01 X-32.12258 Y49.99893
G01 X-31.74887 Y49.55883
G01 X-32.12258 Y49.99893
G01 X-32.21960 Y50.16157
G01 X-32.28928 Y50.33744
G01 X-32.32545 Y50.49723
G01 X-32.28928 Y50.33744
G04 P0 ( dwell for no time -- G64 should not smooth over this point )
G00 Z2.00000 ( retract )

G00 X-32.34071 Y50.74519 ( rapid move to begin. )
G01 F250.00000
G01 Z-0.20000
G04 P0 ( dwell for no time -- G64 should not smooth over this point )
G01 F500.00000
G01 X-32.34071 Y50.74519
G01 X-32.34168 Y50.72634
G01 X-32.33741 Y50.76756
G01 X-32.32565 Y50.49812
G01 X-32.33147 Y50.52377
G04 P0 ( dwell for no time -- G64 should not smooth over this point )
G00 Z2.00000 ( retract )

G00 X-32.32448 Y50.48136 ( rapid move to begin. )
G01 F250.00000
G01 Z-0.20000
G04 P0 ( dwell for no time -- G64 should not smooth over this point )
G01 F500.00000
G01 X-32.32448 Y50.48136
G01 X-32.34018 Y50.73688
G01 X-32.31280 Y50.93282
G01 X-32.22199 Y51.20642
G01 X-32.30767 Y50.96962
G01 X-32.30149 Y50.98659
G01 X-32.33741 Y50.76756
G01 X-32.32448 Y50.89271
G04 P0 ( dwell for no time -- G64 should not smooth over this point )
G00 Z2.00000 ( retract )

G00 X-32.21960 Y51.21249 ( rapid move to begin. )
G01 F250.00000
G01 Z-0.20000
G04 P0 ( dwell for no time -- G64 should not smooth over this point )
G01 F500.00000
G01 X-32.21960 Y51.21249
G01 X-32.23812 Y51.16136
G01 X-32.12258 Y51.37511
G01 X-32.22146 Y51.20731
G01 X-32.12258 Y51.37511
G01 X-31.74648 Y51.81709
G01 X-32.12258 Y51.37511
G04 P0 ( dwell for no time -- G64 should not smooth over this point )
G00 Z2.00000 ( retract )

G00 X-31.73711 Y51.82814 ( rapid move to begin. )
G01 F250.00000
G01 Z-0.20000
G04 P0 ( dwell for no time -- G64 should not smooth over this point )
G01 F500.00000
G01 X-31.73711 Y51.82814
G01 X-31.74648 Y51.81709
G01 X-31.60932 Y51.88501
G01 X-31.35605 Y51.94882
G01 X-31.67843 Y51.90353
G01 X-31.73695 Y51.82918
G01 X-31.72156 Y51.94851
G01 X-29.41844 Y51.95567
G01 X-31.35034 Y51.94963
G04 P0 ( dwell for no time -- G64 should not smooth over this point )
G00 Z2.00000 ( retract )

G00 X-29.42446 Y49.41702 ( rapid move to begin. )
G01 F250.00000
G01 Z-0.20000
G04 P0 ( dwell for no time -- G64 should not smooth over this point )
G01 F500.00000
G01 X-29.42446 Y49.41702
G01 X-31.64264 Y49.41702
G01 X-31.73835 Y49.54646
G01 X-31.56256 Y49.47107
G01 X-31.29057 Y49.41705
G01 X-29.44440 Y49.41705
G01 X-29.12566 Y49.48903
G01 X-28.99660 Y49.54646
G04 P0 ( dwell for no time -- G64 should not smooth over this point )
G00 Z2.00000 ( retract )

G00 X-29.09231 Y49.41702 ( rapid move to begin. )
G01 F250.00000
G01 Z-0.20000
G04 P0 ( dwell for no time -- G64 should not smooth over this point )
G01 F500.00000
G01 X-29.09231 Y49.41702
G01 X-28.91760 Y49.65027
G01 X-28.61237 Y49.99893
G01 X-28.99683 Y49.54445
G01 X-29.01298 Y49.41702
G01 X-28.99678 Y49.28949
G01 X-29.09231 Y49.41702
G01 X-29.42446 Y49.41702
G01 X-29.17242 Y49.36294
G01 X-28.99678 Y49.28949
G01 X-28.61237 Y48.83511
G01 X-28.51534 Y48.67249
G01 X-28.44567 Y48.49660
G01 X-28.51293 Y48.66642
G01 X-28.61237 Y48.83511
G01 X-28.99655 Y49.28753
G04 P0 ( dwell for no time -- G64 should not smooth over this point )
G00 Z2.00000 ( retract )

G00 X-28.40348 Y48.31029 ( rapid move to begin. )
G01 F250.00000
G01 Z-0.20000
G04 P0 ( dwell for no time -- G64 should not smooth over this point )
G01 F500.00000
G01 X-28.40348 Y48.31029
G01 X-28.40927 Y48.33592
G01 X-28.39556 Y48.14054
G01 X-28.40348 Y48.31029
G01 X-28.39327 Y48.18631
G01 X-28.40348 Y47.98377
G01 X-28.39327 Y48.10770
G04 P0 ( dwell for no time -- G64 should not smooth over this point )
G00 Z2.00000 ( retract )

G00 X-28.60338 Y48.12975 ( rapid move to begin. )
G01 F250.00000
G01 Z-0.20000
G04 P0 ( dwell for no time -- G64 should not smooth over this point )
G01 F500.00000
G01 X-28.60338 Y48.12975
G01 X-28.62804 Y47.92970
G01 X-28.67973 Y47.77062
G01 X-28.78679 Y47.57979
G01 X-28.93521 Y47.41900
G01 X-29.10038 Y47.30343
G01 X-29.26929 Y47.22924
G01 X-29.44956 Y47.19000
G01 X-29.56749 Y47.18200
G01 X-31.16749 Y47.18200
G01 X-31.28542 Y47.19000
G01 X-31.48181 Y47.23541
G01 X-31.66446 Y47.32071
G01 X-31.82542 Y47.44207
G01 X-31.94818 Y47.57979
G01 X-32.04907 Y47.75451
G01 X-32.11140 Y47.94636
G01 X-32.13159 Y48.16427
G01 X-32.10693 Y48.36434
G01 X-32.05524 Y48.52340
G01 X-31.94818 Y48.71423
G01 X-31.79977 Y48.87503
G01 X-31.63459 Y48.99058
G01 X-31.46568 Y49.06480
G01 X-31.28542 Y49.10404
G01 X-31.16749 Y49.11202
G01 X-29.56749 Y49.11202
G01 X-29.44956 Y49.10404
G01 X-29.25316 Y49.05860
G01 X-29.07051 Y48.97333
G01 X-28.90955 Y48.85195
G01 X-28.78679 Y48.71423
G01 X-28.67973 Y48.52340
G01 X-28.62357 Y48.34765
G01 X-28.60338 Y48.12975
G04 P0 ( dwell for no time -- G64 should not smooth over this point )
G00 Z2.00000 ( retract )

G00 X-29.44440 Y46.87705 ( rapid move to begin. )
G01 F250.00000
G01 Z-0.20000
G04 P0 ( dwell for no time -- G64 should not smooth over this point )
G01 F500.00000
G01 X-29.44440 Y46.87705
G01 X-29.12566 Y46.94903
G01 X-28.99660 Y47.00646
G04 P0 ( dwell for no time -- G64 should not smooth over this point )
G00 Z2.00000 ( retract )

G00 X-29.09231 Y46.87705 ( rapid move to begin. )
G01 F250.00000
G01 Z-0.20000
G04 P0 ( dwell for no time -- G64 should not smooth over this point )
G01 F500.00000
G01 X-29.09231 Y46.87705
G01 X-28.91760 Y47.11027
G01 X-28.61237 Y47.45893
G01 X-28.99683 Y47.00448
G01 X-29.01298 Y46.87702
G01 X-28.99678 Y46.74951
G01 X-29.09231 Y46.87705
G01 X-31.64264 Y46.87705
G01 X-31.73838 Y46.74753
G01 X-31.60932 Y46.80501
G01 X-31.31051 Y46.87702
G01 X-29.42446 Y46.87702
G01 X-29.17242 Y46.82294
G01 X-28.99678 Y46.74951
G01 X-28.61237 Y46.29511
G01 X-28.51534 Y46.13249
G01 X-28.44567 Y45.95660
G01 X-28.51293 Y46.12642
G01 X-28.61237 Y46.29511
G01 X-28.99655 Y46.74753
G04 P0 ( dwell for no time -- G64 should not smooth over this point )
G00 Z2.00000 ( retract )

G00 X-28.60338 Y45.58975 ( rapid move to begin. )
G01 F250.00000
G01 Z-0.20000
G04 P0 ( dwell for no time -- G64 should not smooth over this point )
G01 F500.00000
G01 X-28.60338 Y45.58975
G01 X-28.62804 Y45.38970
G01 X-28.67973 Y45.23062
G01 X-28.78679 Y45.03979
G01 X-28.93521 Y44.87900
G01 X-29.10038 Y44.76343
G01 X-29.26929 Y44.68924
G01 X-29.44956 Y44.65000
G01 X-29.56749 Y44.64200
G01 X-31.16749 Y44.64200
G01 X-31.28542 Y44.65000
G01 X-31.48181 Y44.69541
G01 X-31.66446 Y44.78071
G01 X-31.82542 Y44.90207
G01 X-31.94818 Y45.03979
G01 X-32.04907 Y45.21451
G01 X-32.11140 Y45.40636
G01 X-32.13159 Y45.62427
G01 X-32.10693 Y45.82434
G01 X-32.05524 Y45.98340
G01 X-31.94818 Y46.17423
G01 X-31.79977 Y46.33503
G01 X-31.63459 Y46.45058
G01 X-31.46568 Y46.52480
G01 X-31.28542 Y46.56404
G01 X-31.16749 Y46.57202
G01 X-29.56749 Y46.57202
G01 X-29.44956 Y46.56404
G01 X-29.25316 Y46.51860
G01 X-29.07051 Y46.43333
G01 X-28.90955 Y46.31195
G01 X-28.78679 Y46.17423
G01 X-28.67973 Y45.98340
G01 X-28.62357 Y45.80765
G01 X-28.60338 Y45.58975
G04 P0 ( dwell for no time -- G64 should not smooth over this point )
G00 Z2.00000 ( retract )

G00 X-29.44440 Y44.33705 ( rapid move to begin. )
G01 F250.00000
G01 Z-0.20000
G04 P0 ( dwell for no time -- G64 should not smooth over this point )
G01 F500.00000
G01 X-29.44440 Y44.33705
G01 X-29.12566 Y44.40903
G01 X-28.99660 Y44.46646
G04 P0 ( dwell for no time -- G64 should not smooth over this point )
G00 Z2.00000 ( retract )

G00 X-29.09231 Y44.33705 ( rapid move to begin. )
G01 F250.00000
G01 Z-0.20000
G04 P0 ( dwell for no time -- G64 should not smooth over this point )
G01 F500.00000
G01 X-29.09231 Y44.33705
G01 X-28.91760 Y44.57027
G01 X-28.61237 Y44.91893
G01 X-28.99683 Y44.46448
G01 X-29.01298 Y44.33702
G01 X-28.99678 Y44.20951
G01 X-29.09231 Y44.33705
G01 X-31.64264 Y44.33705
G01 X-31.73838 Y44.20753
G01 X-31.56256 Y44.28294
G01 X-31.31051 Y44.33702
G01 X-29.42446 Y44.33702
G01 X-29.17242 Y44.28294
G01 X-28.99678 Y44.20951
G01 X-28.61237 Y43.75511
G01 X-28.47910 Y43.50862
G01 X-28.41047 Y43.27271
G01 X-28.49040 Y43.52953
G01 X-28.61237 Y43.75511
G01 X-28.99655 Y44.20753
G04 P0 ( dwell for no time -- G64 should not smooth over this point )
G00 Z2.00000 ( retract )

G00 X-28.51534 Y45.08157 ( rapid move to begin. )
G01 F250.00000
G01 Z-0.20000
G04 P0 ( dwell for no time -- G64 should not smooth over this point )
G01 F500.00000
G01 X-28.51534 Y45.08157
G01 X-28.61237 Y44.91893
G01 X-28.47910 Y45.16544
G01 X-28.47249 Y45.18970
G01 X-28.49680 Y45.13265
G01 X-28.44567 Y45.25744
G01 X-28.42462 Y45.34347
G01 X-28.46165 Y45.22963
G01 X-28.41814 Y45.38980
G01 X-28.42728 Y45.32444
G04 P0 ( dwell for no time -- G64 should not smooth over this point )
G00 Z2.00000 ( retract )

G00 X-28.39327 Y45.56770 ( rapid move to begin. )
G01 F250.00000
G01 Z-0.20000
G04 P0 ( dwell for no time -- G64 should not smooth over this point )
G01 F500.00000
G01 X-28.39327 Y45.56770
G01 X-28.42426 Y45.34492
G01 X-28.39475 Y45.55713
G01 X-28.40948 Y45.79681
G01 X-28.39327 Y45.56770
G01 X-28.40348 Y45.77029
G01 X-28.44567 Y45.95660
G01 X-28.41047 Y45.81271
G04 P0 ( dwell for no time -- G64 should not smooth over this point )
G00 Z2.00000 ( retract )

G00 X-28.51534 Y47.62157 ( rapid move to begin. )
G01 F250.00000
G01 Z-0.20000
G04 P0 ( dwell for no time -- G64 should not smooth over this point )
G01 F500.00000
G01 X-28.51534 Y47.62157
G01 X-28.61237 Y47.45893
G01 X-28.47910 Y47.70544
G01 X-28.47249 Y47.72970
G01 X-28.49680 Y47.67265
G01 X-28.44567 Y47.79744
G01 X-28.42462 Y47.88347
G01 X-28.46165 Y47.76963
G01 X-28.41814 Y47.92980
G01 X-28.42728 Y47.86444
G04 P0 ( dwell for no time -- G64 should not smooth over this point )
G00 Z2.00000 ( retract )

G00 X-28.40348 Y47.98377 ( rapid move to begin. )
G01 F250.00000
G01 Z-0.20000
G04 P0 ( dwell for no time -- G64 should not smooth over this point )
G01 F500.00000
G01 X-28.40348 Y47.98377
G01 X-28.40767 Y47.96833
G01 X-28.40023 Y48.04811
G01 X-28.42426 Y47.88492
G01 X-28.39640 Y48.12413
G01 X-28.41047 Y48.35271
G01 X-28.40948 Y48.33681
G01 X-28.44567 Y48.49660
G01 X-28.41047 Y48.35271
G04 P0 ( dwell for no time -- G64 should not smooth over this point )
G00 Z2.00000 ( retract )

G00 X-28.51534 Y50.16157 ( rapid move to begin. )
G01 F250.00000
G01 Z-0.20000
G04 P0 ( dwell for no time -- G64 should not smooth over this point )
G01 F500.00000
G01 X-28.51534 Y50.16157
G01 X-28.61237 Y49.99893
G01 X-28.50981 Y50.17297
G01 X-28.43363 Y50.38659
G01 X-28.44567 Y50.33744
G04 P0 ( dwell for no time -- G64 should not smooth over this point )
G00 Z2.00000 ( retract )

G00 X-28.42728 Y50.40444 ( rapid move to begin. )
G01 F250.00000
G01 Z-0.20000
G04 P0 ( dwell for no time -- G64 should not smooth over this point )
G01 F500.00000
G01 X-28.42728 Y50.40444
G01 X-28.43363 Y50.38659
G01 X-28.42462 Y50.42347
G01 X-28.43584 Y50.38080
G01 X-28.40435 Y50.56843
G01 X-28.40927 Y50.49812
G01 X-28.40348 Y50.52377
G01 X-28.40435 Y50.80556
G01 X-28.39947 Y50.60335
G01 X-28.39327 Y50.64770
G01 X-28.39327 Y50.72631
G01 X-28.41047 Y50.48133
G04 P0 ( dwell for no time -- G64 should not smooth over this point )
G00 Z2.00000 ( retract )

G00 X-28.60338 Y50.66975 ( rapid move to begin. )
G01 F250.00000
G01 Z-0.20000
G04 P0 ( dwell for no time -- G64 should not smooth over this point )
G01 F500.00000
G01 X-28.60338 Y50.66975
G01 X-28.62357 Y50.88765
G01 X-28.67973 Y51.06340
G01 X-28.78679 Y51.25423
G01 X-28.90955 Y51.39195
G01 X-29.07051 Y51.51333
G01 X-29.25316 Y51.59860
G01 X-29.44956 Y51.64404
G01 X-29.56749 Y51.65202
G01 X-31.16749 Y51.65202
G01 X-31.28542 Y51.64404
G01 X-31.46568 Y51.60480
G01 X-31.63459 Y51.53058
G01 X-31.79977 Y51.41503
G01 X-31.94818 Y51.25423
G01 X-32.05524 Y51.06340
G01 X-32.10693 Y50.90434
G01 X-32.13159 Y50.70427
G01 X-32.11140 Y50.48636
G01 X-32.04907 Y50.29451
G01 X-31.94818 Y50.11979
G01 X-31.82542 Y49.98207
G01 X-31.66446 Y49.86071
G01 X-31.48181 Y49.77541
G01 X-31.28542 Y49.73000
G01 X-31.16749 Y49.72200
G01 X-29.56749 Y49.72200
G01 X-29.44956 Y49.73000
G01 X-29.26929 Y49.76924
G01 X-29.10038 Y49.84343
G01 X-28.93521 Y49.95900
G01 X-28.78679 Y50.11979
G01 X-28.67973 Y50.31062
G01 X-28.62804 Y50.46970
G01 X-28.60338 Y50.66975
G04 P0 ( dwell for no time -- G64 should not smooth over this point )
G00 Z2.00000 ( retract )

G00 X-28.50981 Y51.20112 ( rapid move to begin. )
G01 F250.00000
G01 Z-0.20000
G04 P0 ( dwell for no time -- G64 should not smooth over this point )
G01 F500.00000
G01 X-28.50981 Y51.20112
G01 X-28.44567 Y51.03660
G01 X-28.40099 Y50.80114
G01 X-28.42728 Y50.96962
G01 X-28.43610 Y50.99439
G01 X-28.42228 Y50.93335
G01 X-28.49337 Y51.15504
G01 X-28.47072 Y51.09985
G01 X-28.47910 Y51.12862
G01 X-28.61237 Y51.37511
G01 X-28.57082 Y51.29827
G01 X-28.63589 Y51.40188
G01 X-28.61237 Y51.37511
G01 X-28.74519 Y51.52631
G01 X-28.63698 Y51.40360
G01 X-28.73650 Y51.51890
G01 X-29.14486 Y51.88051
G01 X-29.05629 Y51.79159
G04 P0 ( dwell for no time -- G64 should not smooth over this point )
G00 Z2.00000 ( retract )

G00 X-28.75189 Y51.53393 ( rapid move to begin. )
G01 F250.00000
G01 Z-0.20000
G04 P0 ( dwell for no time -- G64 should not smooth over this point )
G01 F500.00000
G01 X-28.75189 Y51.53393
G01 X-29.16561 Y51.90137
G01 X-29.41844 Y51.95567
G01 X-29.22035 Y51.95631
G01 X-29.16561 Y51.90137
G01 X-29.19025 Y52.00782
G01 X-29.44153 Y51.95707
G01 X-29.22035 Y51.95631
G04 P0 ( dwell for no time -- G64 should not smooth over this point )
G00 Z2.00000 ( retract )

G00 X-31.67843 Y54.55054 ( rapid move to begin. )
G01 F250.00000
G01 Z-0.20000
G04 P0 ( dwell for no time -- G64 should not smooth over this point )
G01 F500.00000
G01 X-31.67843 Y54.55054
G01 X-31.21618 Y54.49915
G01 X-29.44196 Y54.49702
G01 X-31.16749 Y54.49702
G01 X-30.28184 Y54.50014
G01 X-31.29019 Y54.50388
G01 X-31.16749 Y54.49702
G01 X-31.43513 Y54.52130
G01 X-31.34191 Y54.50408
G01 X-31.72156 Y54.50550
G01 X-31.73693 Y54.62481
G01 X-31.67843 Y54.55054
G01 X-31.43513 Y54.52130
G01 X-31.51420 Y54.53812
G01 X-31.74661 Y54.63710
G01 X-31.73708 Y54.62590
G04 P0 ( dwell for no time -- G64 should not smooth over this point )
G00 Z2.00000 ( retract )

G00 X-32.21960 Y55.24157 ( rapid move to begin. )
G01 F250.00000
G01 Z-0.20000
G04 P0 ( dwell for no time -- G64 should not smooth over this point )
G01 F500.00000
G01 X-32.21960 Y55.24157
G01 X-32.12258 Y55.07893
G01 X-31.74661 Y54.63710
G01 X-32.12258 Y55.07893
G01 X-32.21960 Y55.24157
G01 X-32.30152 Y55.46748
G01 X-32.22514 Y55.25297
G01 X-32.31066 Y55.50497
G01 X-32.30767 Y55.48444
G04 P0 ( dwell for no time -- G64 should not smooth over this point )
G00 Z2.00000 ( retract )

G00 X-32.34168 Y55.80634 ( rapid move to begin. )
G01 F250.00000
G01 Z-0.20000
G04 P0 ( dwell for no time -- G64 should not smooth over this point )
G01 F500.00000
G01 X-32.34168 Y55.80634
G01 X-32.31066 Y55.50497
G01 X-32.33850 Y55.76136
G01 X-32.33449 Y55.85770
G01 X-32.34168 Y55.80634
G01 X-32.31285 Y56.01238
G01 X-32.32667 Y55.95137
G01 X-32.32448 Y55.97271
G01 X-32.28928 Y56.11660
G04 P0 ( dwell for no time -- G64 should not smooth over this point )
G00 Z2.00000 ( retract )

G00 X-32.21960 Y56.29249 ( rapid move to begin. )
G01 F250.00000
G01 Z-0.20000
G04 P0 ( dwell for no time -- G64 should not smooth over this point )
G01 F500.00000
G01 X-32.21960 Y56.29249
G01 X-32.29906 Y56.07329
G01 X-32.21960 Y56.29249
G01 X-32.12258 Y56.45511
G01 X-31.74909 Y56.89488
G01 X-32.12258 Y56.45511
G04 P0 ( dwell for no time -- G64 should not smooth over this point )
G00 Z2.00000 ( retract )

G00 X-31.73838 Y56.90753 ( rapid move to begin. )
G01 F250.00000
G01 Z-0.20000
G04 P0 ( dwell for no time -- G64 should not smooth over this point )
G01 F500.00000
G01 X-31.73838 Y56.90753
G01 X-31.74909 Y56.89488
G01 X-31.72199 Y57.03702
G01 X-31.74879 Y57.17875
G01 X-31.73835 Y57.16646
G04 P0 ( dwell for no time -- G64 should not smooth over this point )
G00 Z2.00000 ( retract )

G00 X-31.64264 Y57.03705 ( rapid move to begin. )
G01 F250.00000
G01 Z-0.20000
G04 P0 ( dwell for no time -- G64 should not smooth over this point )
G01 F500.00000
G01 X-31.64264 Y57.03705
G01 X-31.73835 Y57.16646
G01 X-31.56256 Y57.09107
G01 X-31.29057 Y57.03705
G04 P0 ( dwell for no time -- G64 should not smooth over this point )
G00 Z2.00000 ( retract )

G00 X-31.31051 Y57.03705 ( rapid move to begin. )
G01 F250.00000
G01 Z-0.20000
G04 P0 ( dwell for no time -- G64 should not smooth over this point )
G01 F500.00000
G01 X-31.31051 Y57.03705
G01 X-31.64264 Y57.03705
G01 X-31.73838 Y56.90753
G01 X-31.60932 Y56.96501
G01 X-31.31051 Y57.03705
G01 X-29.44440 Y57.03705
G04 P0 ( dwell for no time -- G64 should not smooth over this point )
G00 Z2.00000 ( retract )

G00 X-29.42446 Y57.03705 ( rapid move to begin. )
G01 F250.00000
G01 Z-0.20000
G04 P0 ( dwell for no time -- G64 should not smooth over this point )
G01 F500.00000
G01 X-29.42446 Y57.03705
G01 X-29.44440 Y57.03705
G01 X-29.12566 Y57.10903
G01 X-28.97287 Y57.17705
G01 X-28.81136 Y57.28147
G01 X-28.79507 Y57.31007
G01 X-28.92776 Y57.03705
G04 P0 ( dwell for no time -- G64 should not smooth over this point )
G00 Z2.00000 ( retract )

G00 X-28.77293 Y57.35566 ( rapid move to begin. )
G01 F250.00000
G01 Z-0.20000
G04 P0 ( dwell for no time -- G64 should not smooth over this point )
G01 F500.00000
G01 X-28.77293 Y57.35566
G01 X-28.79507 Y57.31007
G01 X-28.51534 Y57.78157
G01 X-28.70333 Y57.47131
G01 X-28.47910 Y57.86544
G01 X-28.42728 Y58.02444
G01 X-28.40569 Y58.17878
G01 X-28.41814 Y58.08980
G01 X-28.50981 Y57.79297
G04 P0 ( dwell for no time -- G64 should not smooth over this point )
G00 Z2.00000 ( retract )

G00 X-28.60338 Y58.28975 ( rapid move to begin. )
G01 F250.00000
G01 Z-0.20000
G04 P0 ( dwell for no time -- G64 should not smooth over this point )
G01 F500.00000
G01 X-28.60338 Y58.28975
G01 X-28.62804 Y58.08970
G01 X-28.67973 Y57.93062
G01 X-28.78679 Y57.73979
G01 X-28.93521 Y57.57900
G01 X-29.10038 Y57.46343
G01 X-29.26929 Y57.38924
G01 X-29.44956 Y57.35000
G01 X-29.56749 Y57.34200
G01 X-31.16749 Y57.34200
G01 X-31.28542 Y57.35000
G01 X-31.48181 Y57.39541
G01 X-31.66446 Y57.48071
G01 X-31.82542 Y57.60207
G01 X-31.94818 Y57.73979
G01 X-32.04907 Y57.91451
G01 X-32.11140 Y58.10636
G01 X-32.13159 Y58.32427
G01 X-32.10693 Y58.52434
G01 X-32.05524 Y58.68340
G01 X-31.94818 Y58.87423
G01 X-31.79977 Y59.03503
G01 X-31.63459 Y59.15058
G01 X-31.46568 Y59.22480
G01 X-31.28542 Y59.26404
G01 X-31.16749 Y59.27202
G01 X-29.56749 Y59.27202
G01 X-29.44956 Y59.26404
G01 X-29.25316 Y59.21860
G01 X-29.07051 Y59.13333
G01 X-28.90955 Y59.01195
G01 X-28.78679 Y58.87423
G01 X-28.67973 Y58.68340
G01 X-28.62357 Y58.50765
G01 X-28.60338 Y58.28975
G04 P0 ( dwell for no time -- G64 should not smooth over this point )
G00 Z2.00000 ( retract )

G00 X-28.51616 Y58.83415 ( rapid move to begin. )
G01 F250.00000
G01 Z-0.20000
G04 P0 ( dwell for no time -- G64 should not smooth over this point )
G01 F500.00000
G01 X-28.51616 Y58.83415
G01 X-28.77592 Y59.26135
G01 X-28.47910 Y58.74862
G01 X-28.47188 Y58.72386
G01 X-28.50653 Y58.81195
G01 X-28.42228 Y58.55335
G01 X-28.43610 Y58.61439
G01 X-28.42728 Y58.58962
G01 X-28.40546 Y58.44144
G01 X-28.40927 Y58.49592
G01 X-28.40348 Y58.47029
G01 X-28.40569 Y58.17878
G01 X-28.39556 Y58.37425
G01 X-28.39327 Y58.26770
G01 X-28.41047 Y58.10133
G01 X-28.47910 Y57.86544
G01 X-28.81095 Y57.27738
G01 X-28.79406 Y57.10242
G01 X-28.67366 Y56.84535
G01 X-28.59299 Y56.75988
G01 X-28.73871 Y56.82208
G01 X-28.58888 Y56.75551
G01 X-28.35456 Y56.68236
G01 X-28.56602 Y56.74837
G01 X-28.35456 Y56.68236
G01 X-28.12756 Y56.65424
G01 X-28.35456 Y56.68236
G04 P0 ( dwell for no time -- G64 should not smooth over this point )
G00 Z2.00000 ( retract )

G00 X-28.58888 Y56.75551 ( rapid move to begin. )
G01 F250.00000
G01 Z-0.20000
G04 P0 ( dwell for no time -- G64 should not smooth over this point )
G01 F500.00000
G01 X-28.58888 Y56.75551
G01 X-28.76038 Y56.75551
G01 X-28.97287 Y56.89696
G01 X-29.12566 Y56.96501
G01 X-29.42446 Y57.03705
G01 X-28.92776 Y57.03705
G01 X-28.73871 Y56.82208
G04 P0 ( dwell for no time -- G64 should not smooth over this point )
G00 Z2.00000 ( retract )

G00 X-29.16726 Y54.49702 ( rapid move to begin. )
G01 F250.00000
G01 Z-0.20000
G04 P0 ( dwell for no time -- G64 should not smooth over this point )
G01 F500.00000
G01 X-29.16726 Y54.49702
G01 X-29.44196 Y54.49702
G01 X-29.24191 Y54.46187
G01 X-29.12792 Y54.42460
G01 X-29.07648 Y54.58208
G01 X-29.16726 Y54.49702
G01 X-30.28184 Y54.50014
G01 X-29.38438 Y54.50334
G01 X-29.17242 Y54.55107
G01 X-29.07016 Y54.59430
G01 X-29.07648 Y54.58208
G01 X-28.91796 Y54.73073
G01 X-29.01390 Y54.64078
G01 X-28.75426 Y54.85529
G01 X-28.51781 Y54.89422
G01 X-28.75426 Y54.85529
G01 X-28.91796 Y54.73073
G04 P0 ( dwell for no time -- G64 should not smooth over this point )
G00 Z2.00000 ( retract )

G00 X-28.46696 Y54.89816 ( rapid move to begin. )
G01 F250.00000
G01 Z-0.20000
G04 P0 ( dwell for no time -- G64 should not smooth over this point )
G01 F500.00000
G01 X-28.46696 Y54.89816
G01 X-28.51781 Y54.89422
G01 X-25.07748 Y54.90177
G01 X-25.80816 Y54.90177
G01 X-25.03806 Y54.90281
G01 X-24.85299 Y54.91678
G01 X-25.06701 Y54.90276
G01 X-24.77804 Y54.93050
G01 X-24.85299 Y54.91678
G01 X-24.51639 Y54.97840
G04 P0 ( dwell for no time -- G64 should not smooth over this point )
G00 Z2.00000 ( retract )

G00 X-24.74847 Y54.93334 ( rapid move to begin. )
G01 F250.00000
G01 Z-0.20000
G04 P0 ( dwell for no time -- G64 should not smooth over this point )
G01 F500.00000
G01 X-24.74847 Y54.93334
G01 X-24.77004 Y54.93126
G01 X-24.50557 Y54.97647
G01 X-24.66115 Y54.95028
G01 X-24.51637 Y54.97840
G04 P0 ( dwell for no time -- G64 should not smooth over this point )
G00 Z2.00000 ( retract )

G00 X-24.01027 Y54.48031 ( rapid move to begin. )
G01 F250.00000
G01 Z-0.20000
G04 P0 ( dwell for no time -- G64 should not smooth over this point )
G01 F500.00000
G01 X-24.01027 Y54.48031
G01 X-24.07210 Y54.17789
G01 X-24.00062 Y54.51361
G01 X-24.12602 Y54.73700
G01 X-24.34479 Y54.91787
G01 X-24.50557 Y54.97647
G01 X-24.17212 Y55.03573
G01 X-24.51637 Y54.97840
G01 X-24.31881 Y55.16120
G01 X-24.23008 Y55.28777
G01 X-24.14687 Y55.47464
G01 X-24.14423 Y55.87190
G01 X-24.13679 Y55.72478
G01 X-24.17212 Y55.03573
G01 X-23.93303 Y54.74711
G01 X-24.00062 Y54.51361
G01 X-23.88061 Y54.58909
G01 X-23.69750 Y54.62552
G01 X-23.53618 Y54.62552
G01 X-23.93303 Y54.74711
G01 X-23.54121 Y54.62989
G01 X-23.75531 Y54.79801
G01 X-23.93999 Y55.01876
G01 X-24.07476 Y55.27309
G01 X-24.14266 Y55.49788
G01 X-24.14505 Y56.06486
G01 X-24.07476 Y56.30095
G01 X-23.93687 Y56.56011
G01 X-23.78846 Y56.64741
G04 P0 ( dwell for no time -- G64 should not smooth over this point )
G00 Z2.00000 ( retract )

G00 X-24.17210 Y56.42277 ( rapid move to begin. )
G01 F250.00000
G01 Z-0.20000
G04 P0 ( dwell for no time -- G64 should not smooth over this point )
G01 F500.00000
G01 X-24.17210 Y56.42277
G01 X-23.93417 Y56.56207
G01 X-24.49346 Y56.55899
G01 X-24.17210 Y56.42277
G01 X-24.14423 Y55.87190
G01 X-24.14548 Y56.07413
G01 X-24.25736 Y56.30827
G01 X-24.35033 Y56.43176
G01 X-24.46341 Y56.53712
G01 X-24.52787 Y56.56803
G01 X-24.49346 Y56.55899
G01 X-24.60669 Y56.58873
G01 X-24.53552 Y56.57116
G01 X-24.58337 Y56.58498
G01 X-24.55419 Y56.57878
G04 P0 ( dwell for no time -- G64 should not smooth over this point )
G00 Z2.00000 ( retract )

G00 X-24.85142 Y56.64213 ( rapid move to begin. )
G01 F250.00000
G01 Z-0.20000
G04 P0 ( dwell for no time -- G64 should not smooth over this point )
G01 F500.00000
G01 X-24.85142 Y56.64213
G01 X-24.58337 Y56.58498
G01 X-24.85142 Y56.64213
G01 X-25.07748 Y56.65726
G01 X-25.00986 Y56.65076
G01 X-28.12756 Y56.65424
G01 X-25.07748 Y56.65726
G04 P0 ( dwell for no time -- G64 should not smooth over this point )
G00 Z2.00000 ( retract )

G00 X-24.41523 Y55.72475 ( rapid move to begin. )
G01 F250.00000
G01 Z-0.20000
G04 P0 ( dwell for no time -- G64 should not smooth over this point )
G01 F500.00000
G01 X-24.41523 Y55.72475
G01 X-24.41883 Y55.86359
G01 X-24.44505 Y55.98251
G01 X-24.49374 Y56.09412
G01 X-24.57243 Y56.20857
G01 X-24.70110 Y56.32442
G01 X-24.80700 Y56.38452
G01 X-24.93923 Y56.42747
G01 X-25.07748 Y56.44202
G01 X-28.88260 Y56.44202
G01 X-29.07051 Y56.59333
G01 X-29.25316 Y56.67860
G01 X-29.44956 Y56.72404
G01 X-29.56749 Y56.73202
G01 X-31.16749 Y56.73202
G01 X-31.28542 Y56.72404
G01 X-31.46568 Y56.68480
G01 X-31.63459 Y56.61058
G01 X-31.79977 Y56.49503
G01 X-31.94818 Y56.33423
G01 X-32.05524 Y56.14340
G01 X-32.10693 Y55.98434
G01 X-32.13159 Y55.78427
G01 X-32.11140 Y55.56636
G01 X-32.05524 Y55.39062
G01 X-31.94818 Y55.19979
G01 X-31.82542 Y55.06207
G01 X-31.66446 Y54.94071
G01 X-31.48181 Y54.85541
G01 X-31.28542 Y54.81000
G01 X-31.16749 Y54.80200
G01 X-29.44956 Y54.81000
G01 X-29.26929 Y54.84924
G01 X-29.10038 Y54.92343
G01 X-28.93521 Y55.03900
G01 X-28.86462 Y55.11200
G01 X-25.07748 Y55.11200
G01 X-24.95630 Y55.12384
G01 X-24.79163 Y55.17733
G01 X-24.67319 Y55.24988
G01 X-24.57243 Y55.34546
G01 X-24.50159 Y55.44452
G01 X-24.45122 Y55.55539
G01 X-24.41523 Y55.72475
G04 P0 ( dwell for no time -- G64 should not smooth over this point )
G00 Z2.00000 ( retract )

G00 X-23.46455 Y56.87558 ( rapid move to begin. )
G01 F250.00000
G01 Z-0.20000
G04 P0 ( dwell for no time -- G64 should not smooth over this point )
G01 F500.00000
G01 X-23.46455 Y56.87558
G01 X-23.93202 Y56.56334
G01 X-23.46455 Y56.87558
G01 X-23.28538 Y56.96496
G01 X-23.15381 Y57.01104
G01 X-22.89768 Y57.05978
G01 X-22.69727 Y57.05978
G01 X-22.42402 Y57.00402
G01 X-22.69727 Y57.05978
G01 X-22.94424 Y57.05091
G01 X-23.15381 Y57.01104
G04 P0 ( dwell for no time -- G64 should not smooth over this point )
G00 Z2.00000 ( retract )

G00 X-22.36631 Y56.98673 ( rapid move to begin. )
G01 F250.00000
G01 Z-0.20000
G04 P0 ( dwell for no time -- G64 should not smooth over this point )
G01 F500.00000
G01 X-22.36631 Y56.98673
G01 X-22.42402 Y57.00402
G01 X-22.19448 Y56.91005
G01 X-22.26374 Y56.93839
G01 X-22.13039 Y56.87558
G01 X-22.05148 Y56.81380
G01 X-22.19448 Y56.91005
G04 P0 ( dwell for no time -- G64 should not smooth over this point )
G00 Z2.00000 ( retract )

G00 X-21.96832 Y56.75782 ( rapid move to begin. )
G01 F250.00000
G01 Z-0.20000
G04 P0 ( dwell for no time -- G64 should not smooth over this point )
G01 F500.00000
G01 X-21.96832 Y56.75782
G01 X-22.05148 Y56.81380
G01 X-21.93578 Y56.72323
G01 X-21.96832 Y56.75782
G01 X-21.78970 Y56.56781
G04 P0 ( dwell for no time -- G64 should not smooth over this point )
G00 Z2.00000 ( retract )

G00 X-21.71038 Y56.45320 ( rapid move to begin. )
G01 F250.00000
G01 Z-0.20000
G04 P0 ( dwell for no time -- G64 should not smooth over this point )
G01 F500.00000
G01 X-21.71038 Y56.45320
G01 X-21.80710 Y56.58630
G01 X-21.71038 Y56.45320
G01 X-21.61797 Y56.27560
G01 X-21.55605 Y56.08505
G01 X-21.52643 Y55.79024
G01 X-21.54782 Y56.03004
G01 X-21.61797 Y56.27560
G04 P0 ( dwell for no time -- G64 should not smooth over this point )
G00 Z2.00000 ( retract )

G00 X-21.73248 Y55.78701 ( rapid move to begin. )
G01 F250.00000
G01 Z-0.20000
G04 P0 ( dwell for no time -- G64 should not smooth over this point )
G01 F500.00000
G01 X-21.73248 Y55.78701
G01 X-21.75305 Y55.58264
G01 X-21.81838 Y55.36997
G01 X-21.93588 Y55.16103
G01 X-22.07266 Y55.00779
G01 X-22.28038 Y54.85686
G01 X-22.48505 Y54.76966
G01 X-22.70342 Y54.72694
G01 X-22.90880 Y54.72785
G01 X-23.14271 Y54.78033
G01 X-23.32999 Y54.86468
G01 X-23.52231 Y55.00779
G01 X-23.65909 Y55.16103
G01 X-23.77659 Y55.36997
G01 X-23.84192 Y55.58264
G01 X-23.86250 Y55.78701
G01 X-23.84192 Y55.99138
G01 X-23.77659 Y56.20405
G01 X-23.65909 Y56.41299
G01 X-23.52231 Y56.56626
G01 X-23.31459 Y56.71718
G01 X-23.10992 Y56.80436
G01 X-22.89156 Y56.84708
G01 X-22.68617 Y56.84619
G01 X-22.45226 Y56.79369
G01 X-22.26499 Y56.70933
G01 X-22.07266 Y56.56626
G01 X-21.93588 Y56.41299
G01 X-21.81838 Y56.20405
G01 X-21.75305 Y55.99138
G01 X-21.73248 Y55.78701
G04 P0 ( dwell for no time -- G64 should not smooth over this point )
G00 Z2.00000 ( retract )

G00 X-21.55605 Y55.48899 ( rapid move to begin. )
G01 F250.00000
G01 Z-0.20000
G04 P0 ( dwell for no time -- G64 should not smooth over this point )
G01 F500.00000
G01 X-21.55605 Y55.48899
G01 X-21.52643 Y55.79024
G01 X-21.55605 Y55.48899
G01 X-21.61797 Y55.29844
G01 X-21.79796 Y54.95097
G01 X-21.87736 Y54.76408
G01 X-22.05191 Y54.63088
G01 X-21.91510 Y54.67236
G01 X-21.60350 Y54.38254
G01 X-21.55623 Y54.30616
G01 X-21.52793 Y54.19740
G01 X-21.55623 Y54.30616
G01 X-21.64983 Y54.42562
G01 X-21.60350 Y54.38254
G01 X-21.86085 Y54.62189
G01 X-21.66537 Y54.44546
G01 X-21.85541 Y54.62186
G01 X-21.87832 Y54.75976
G01 X-21.79796 Y54.95097
G01 X-21.91510 Y54.67236
G01 X-21.86085 Y54.62189
G01 X-22.05925 Y54.62552
G01 X-21.91510 Y54.67236
G04 P0 ( dwell for no time -- G64 should not smooth over this point )
G00 Z2.00000 ( retract )

G00 X-22.05925 Y54.62552 ( rapid move to begin. )
G01 F250.00000
G01 Z-0.20000
G04 P0 ( dwell for no time -- G64 should not smooth over this point )
G01 F500.00000
G01 X-22.05925 Y54.62552
G01 X-22.11437 Y54.61193
G01 X-22.05930 Y54.62552
G04 P0 ( dwell for no time -- G64 should not smooth over this point )
G00 Z2.00000 ( retract )

G00 X-22.43697 Y54.54337 ( rapid move to begin. )
G01 F250.00000
G01 Z-0.20000
G04 P0 ( dwell for no time -- G64 should not smooth over this point )
G01 F500.00000
G01 X-22.43697 Y54.54337
G01 X-22.09582 Y54.61757
G01 X-22.39712 Y54.55204
G01 X-22.27144 Y54.57579
G01 X-22.35269 Y54.55676
G01 X-22.62511 Y54.52359
G01 X-22.66489 Y54.52359
G01 X-22.51945 Y54.53903
G01 X-22.79747 Y54.52443
G01 X-22.66489 Y54.52359
G01 X-22.70339 Y54.51950
G01 X-23.11287 Y54.54099
G01 X-22.81368 Y54.52359
G01 X-22.89156 Y54.51950
G01 X-23.15798 Y54.54337
G01 X-23.11287 Y54.54099
G01 X-23.50245 Y54.61828
G01 X-23.20009 Y54.55160
G01 X-23.24225 Y54.55676
G01 X-23.53565 Y54.62552
G04 P0 ( dwell for no time -- G64 should not smooth over this point )
G00 Z2.00000 ( retract )

G00 X-21.52222 Y52.34701 ( rapid move to begin. )
G01 F250.00000
G01 Z-0.20000
G04 P0 ( dwell for no time -- G64 should not smooth over this point )
G01 F500.00000
G01 X-21.52222 Y52.34701
G01 X-21.52793 Y54.19740
G01 X-21.52222 Y52.34701
G01 X-21.55623 Y52.18788
G01 X-21.60212 Y52.11348
G01 X-21.85640 Y51.90790
G01 X-21.88615 Y51.75382
G01 X-21.89514 Y51.49423
G01 X-21.76575 Y51.16269
G01 X-21.71561 Y50.90818
G01 X-21.74066 Y51.09835
G01 X-21.89514 Y51.49423
G01 X-21.89572 Y51.65669
G01 X-21.85640 Y51.90790
G04 P0 ( dwell for no time -- G64 should not smooth over this point )
G00 Z2.00000 ( retract )

G00 X-21.73248 Y52.34701 ( rapid move to begin. )
G01 F250.00000
G01 Z-0.20000
G04 P0 ( dwell for no time -- G64 should not smooth over this point )
G01 F500.00000
G01 X-21.73248 Y52.34701
G01 X-21.73248 Y54.14701
G01 X-21.74505 Y54.21015
G01 X-21.78081 Y54.26370
G01 X-21.83436 Y54.29946
G01 X-21.89748 Y54.31201
G01 X-23.69750 Y54.31201
G01 X-23.76064 Y54.29946
G01 X-23.81416 Y54.26370
G01 X-23.84992 Y54.21015
G01 X-23.86250 Y54.14701
G01 X-23.85932 Y52.31483
G01 X-23.83468 Y52.25534
G01 X-23.76064 Y52.19456
G01 X-23.46247 Y52.18201
G01 X-23.46250 Y51.38435
G01 X-23.57771 Y51.19883
G01 X-23.62912 Y51.04353
G01 X-23.65249 Y50.84701
G01 X-23.63628 Y50.68423
G01 X-23.57771 Y50.49517
G01 X-23.49669 Y50.35306
G01 X-23.36628 Y50.20419
G01 X-23.23448 Y50.10732
G01 X-23.05478 Y50.02436
G01 X-22.89496 Y49.98946
G01 X-22.68002 Y49.98946
G01 X-22.52018 Y50.02436
G01 X-22.34050 Y50.10732
G01 X-22.20870 Y50.20419
G01 X-22.07827 Y50.35306
G01 X-21.99727 Y50.49517
G01 X-21.94586 Y50.65049
G01 X-21.92249 Y50.84701
G01 X-21.93870 Y51.00980
G01 X-21.99107 Y51.18273
G01 X-22.07827 Y51.34097
G01 X-22.13248 Y51.40655
G01 X-22.13248 Y52.18201
G01 X-21.83436 Y52.19456
G01 X-21.76029 Y52.25534
G01 X-21.73248 Y52.34701
G04 P0 ( dwell for no time -- G64 should not smooth over this point )
G00 Z2.00000 ( retract )

G00 X-23.73725 Y51.90904 ( rapid move to begin. )
G01 F250.00000
G01 Z-0.20000
G04 P0 ( dwell for no time -- G64 should not smooth over this point )
G01 F500.00000
G01 X-23.73725 Y51.90904
G01 X-23.69610 Y51.68923
G01 X-23.73725 Y51.90904
G01 X-23.99267 Y52.11328
G01 X-24.03872 Y52.18788
G01 X-24.06694 Y52.27355
G01 X-24.07210 Y54.17789
G01 X-24.06699 Y52.29659
G01 X-24.03872 Y52.18788
G04 P0 ( dwell for no time -- G64 should not smooth over this point )
G00 Z2.00000 ( retract )

G00 X-23.69610 Y51.68923 ( rapid move to begin. )
G01 F250.00000
G01 Z-0.20000
G04 P0 ( dwell for no time -- G64 should not smooth over this point )
G01 F500.00000
G01 X-23.69610 Y51.68923
G01 X-23.69351 Y51.46208
G01 X-23.83430 Y51.09835
G01 X-23.85935 Y50.93137
G01 X-23.84213 Y50.64801
G01 X-23.85935 Y50.76266
G01 X-23.85935 Y50.93137
G04 P0 ( dwell for no time -- G64 should not smooth over this point )
G00 Z2.00000 ( retract )

G00 X-23.83430 Y50.59571 ( rapid move to begin. )
G01 F250.00000
G01 Z-0.20000
G04 P0 ( dwell for no time -- G64 should not smooth over this point )
G01 F500.00000
G01 X-23.83430 Y50.59571
G01 X-23.84213 Y50.64801
G01 X-23.76100 Y50.39715
G01 X-23.78538 Y50.44521
G01 X-23.78208 Y50.43505
G01 X-23.67969 Y50.24747
G01 X-23.65785 Y50.22141
G01 X-23.72399 Y50.32865
G01 X-23.63339 Y50.18374
G01 X-23.62069 Y50.17031
G01 X-23.65432 Y50.21722
G01 X-23.56974 Y50.11636
G01 X-23.62069 Y50.17031
G01 X-23.60504 Y50.14877
G01 X-23.48663 Y50.02840
G01 X-23.51807 Y50.06167
G01 X-23.34997 Y49.92908
G01 X-23.41642 Y49.98148
G01 X-23.19892 Y49.85370
G01 X-23.03847 Y49.80158
G01 X-22.87195 Y49.77379
G01 X-22.63611 Y49.78311
G01 X-22.41815 Y49.83752
G01 X-22.28457 Y49.89731
G01 X-22.08831 Y50.02840
G01 X-21.96992 Y50.14877
G01 X-21.87073 Y50.28527
G01 X-21.79285 Y50.43505
G01 X-21.72885 Y50.66220
G01 X-21.71561 Y50.90818
G01 X-21.73225 Y50.65171
G01 X-21.84398 Y50.33665
G01 X-21.91729 Y50.22116
G01 X-22.04861 Y50.06873
G01 X-22.28457 Y49.89731
G01 X-22.45643 Y49.82794
G01 X-22.58371 Y49.79617
G01 X-22.87195 Y49.77379
G01 X-23.06384 Y49.80981
G01 X-23.34997 Y49.92908
G04 P0 ( dwell for no time -- G64 should not smooth over this point )
G00 Z2.00000 ( retract )

G00 X-22.40908 Y44.19232 ( rapid move to begin. )
G01 F250.00000
G01 Z-0.20000
G04 P0 ( dwell for no time -- G64 should not smooth over this point )
G01 F500.00000
G01 X-22.40908 Y44.19232
G01 X-22.54510 Y44.23654
G01 X-22.70603 Y44.26201
G01 X-22.86892 Y44.26201
G01 X-23.02986 Y44.23654
G01 X-23.16590 Y44.19232
G01 X-23.02955 Y44.05597
G01 X-22.86067 Y44.08818
G01 X-22.69707 Y44.08729
G01 X-22.54543 Y44.05597
G01 X-22.40908 Y44.19232
G04 P0 ( dwell for no time -- G64 should not smooth over this point )
G00 Z2.00000 ( retract )

G00 X-21.75249 Y43.14556 ( rapid move to begin. )
G01 F250.00000
G01 Z-0.20000
G04 P0 ( dwell for no time -- G64 should not smooth over this point )
G01 F500.00000
G01 X-21.75249 Y43.14556
G01 X-21.75249 Y43.30847
G01 X-21.77797 Y43.46938
G01 X-21.82216 Y43.60542
G01 X-21.96019 Y43.46743
G01 X-21.92249 Y43.22701
G01 X-21.96019 Y42.98660
G01 X-21.82216 Y42.84861
G01 X-21.77797 Y42.98465
G01 X-21.75249 Y43.14556
G04 P0 ( dwell for no time -- G64 should not smooth over this point )
G00 Z2.00000 ( retract )

G00 X-22.40908 Y42.26171 ( rapid move to begin. )
G01 F250.00000
G01 Z-0.20000
G04 P0 ( dwell for no time -- G64 should not smooth over this point )
G01 F500.00000
G01 X-22.40908 Y42.26171
G01 X-22.54513 Y42.21749
G01 X-22.70603 Y42.19202
G01 X-22.86892 Y42.19202
G01 X-23.02986 Y42.21749
G01 X-23.16590 Y42.26171
G01 X-23.02955 Y42.39806
G01 X-22.86067 Y42.36585
G01 X-22.69707 Y42.36674
G01 X-22.54543 Y42.39806
G01 X-22.40908 Y42.26171
G04 P0 ( dwell for no time -- G64 should not smooth over this point )
G00 Z2.00000 ( retract )

G00 X-23.61480 Y42.98660 ( rapid move to begin. )
G01 F250.00000
G01 Z-0.20000
G04 P0 ( dwell for no time -- G64 should not smooth over this point )
G01 F500.00000
G01 X-23.61480 Y42.98660
G01 X-23.65249 Y43.22701
G01 X-23.61480 Y43.46743
G01 X-23.75279 Y43.60542
G01 X-23.79699 Y43.46938
G01 X-23.82249 Y43.30845
G01 X-23.82249 Y43.14556
G01 X-23.79701 Y42.98465
G01 X-23.75279 Y42.84861
G01 X-23.61480 Y42.98660
G04 P0 ( dwell for no time -- G64 should not smooth over this point )
G00 Z2.00000 ( retract )

G00 X-25.55370 Y41.78767 ( rapid move to begin. )
G01 F250.00000
G01 Z-0.20000
G04 P0 ( dwell for no time -- G64 should not smooth over this point )
G01 F500.00000
G01 X-25.55370 Y41.78767
G01 X-25.68601 Y41.65539
G01 X-25.79681 Y41.70477
G01 X-26.01865 Y41.75293
G01 X-26.26201 Y41.75653
G01 X-26.51817 Y41.70477
G01 X-26.62896 Y41.65539
G01 X-26.76125 Y41.78767
G01 X-26.66996 Y41.83421
G01 X-26.47006 Y41.89915
G01 X-26.26257 Y41.93202
G01 X-26.05243 Y41.93202
G01 X-25.84492 Y41.89915
G01 X-25.64502 Y41.83421
G01 X-25.55370 Y41.78767
G04 P0 ( dwell for no time -- G64 should not smooth over this point )
G00 Z2.00000 ( retract )

G00 X-24.96234 Y41.19202 ( rapid move to begin. )
G01 F250.00000
G01 Z-0.20000
G04 P0 ( dwell for no time -- G64 should not smooth over this point )
G01 F500.00000
G01 X-24.96234 Y41.19202
G01 X-24.97557 Y41.19202
G04 P0 ( dwell for no time -- G64 should not smooth over this point )
G00 Z2.00000 ( retract )

G00 X-25.55370 Y39.40635 ( rapid move to begin. )
G01 F250.00000
G01 Z-0.20000
G04 P0 ( dwell for no time -- G64 should not smooth over this point )
G01 F500.00000
G01 X-25.55370 Y39.40635
G01 X-25.64504 Y39.35981
G01 X-25.84486 Y39.29489
G01 X-26.05243 Y39.26202
G01 X-26.26254 Y39.26202
G01 X-26.47011 Y39.29489
G01 X-26.66996 Y39.35981
G01 X-26.76125 Y39.40635
G01 X-26.62896 Y39.53863
G01 X-26.51817 Y39.48925
G01 X-26.26201 Y39.43749
G01 X-26.01865 Y39.44109
G01 X-25.79681 Y39.48925
G01 X-25.68601 Y39.53863
G01 X-25.55370 Y39.40635
G04 P0 ( dwell for no time -- G64 should not smooth over this point )
G00 Z2.00000 ( retract )

G00 X-25.97476 Y37.45933 ( rapid move to begin. )
G01 F250.00000
G01 Z-0.20000
G04 P0 ( dwell for no time -- G64 should not smooth over this point )
G01 F500.00000
G01 X-25.97476 Y37.45933
G01 X-26.01441 Y37.46081
G01 X-25.71499 Y37.40053
G04 P0 ( dwell for no time -- G64 should not smooth over this point )
G00 Z2.00000 ( retract )

G00 X-25.09018 Y36.99957 ( rapid move to begin. )
G01 F250.00000
G01 Z-0.20000
G04 P0 ( dwell for no time -- G64 should not smooth over this point )
G01 F500.00000
G01 X-25.09018 Y36.99957
G01 X-24.82927 Y36.97229
G01 X-20.95130 Y36.97587
G01 X-24.90316 Y36.97592
G04 P0 ( dwell for no time -- G64 should not smooth over this point )
G00 Z2.00000 ( retract )

G00 X-19.05372 Y41.78767 ( rapid move to begin. )
G01 F250.00000
G01 Z-0.20000
G04 P0 ( dwell for no time -- G64 should not smooth over this point )
G01 F500.00000
G01 X-19.05372 Y41.78767
G01 X-19.18603 Y41.65539
G01 X-19.29682 Y41.70477
G01 X-19.51866 Y41.75293
G01 X-19.76202 Y41.75653
G01 X-20.01816 Y41.70477
G01 X-20.12895 Y41.65539
G01 X-20.26126 Y41.78767
G01 X-20.16992 Y41.83421
G01 X-19.97007 Y41.89915
G01 X-19.76256 Y41.93202
G01 X-19.55242 Y41.93202
G01 X-19.34493 Y41.89915
G01 X-19.14503 Y41.83421
G01 X-19.05372 Y41.78767
G04 P0 ( dwell for no time -- G64 should not smooth over this point )
G00 Z2.00000 ( retract )

G00 X-18.32248 Y40.49194 ( rapid move to begin. )
G01 F250.00000
G01 Z-0.20000
G04 P0 ( dwell for no time -- G64 should not smooth over this point )
G01 F500.00000
G01 X-18.32248 Y40.49194
G01 X-18.35537 Y40.28440
G01 X-18.42029 Y40.08455
G01 X-18.46682 Y39.99324
G01 X-18.59441 Y40.12082
G01 X-18.51796 Y40.35481
G01 X-18.49339 Y40.61427
G01 X-18.51796 Y40.83924
G01 X-18.59441 Y41.07320
G01 X-18.46682 Y41.20078
G01 X-18.42029 Y41.10947
G01 X-18.35537 Y40.90962
G01 X-18.32248 Y40.70208
G01 X-18.32248 Y40.49194
G04 P0 ( dwell for no time -- G64 should not smooth over this point )
G00 Z2.00000 ( retract )

G00 X-19.05372 Y39.40635 ( rapid move to begin. )
G01 F250.00000
G01 Z-0.20000
G04 P0 ( dwell for no time -- G64 should not smooth over this point )
G01 F500.00000
G01 X-19.05372 Y39.40635
G01 X-19.18603 Y39.53863
G01 X-19.29682 Y39.48925
G01 X-19.51866 Y39.44109
G01 X-19.76202 Y39.43749
G01 X-20.01816 Y39.48925
G01 X-20.12895 Y39.53863
G01 X-20.26126 Y39.40635
G01 X-20.16992 Y39.35981
G01 X-19.97010 Y39.29489
G01 X-19.76256 Y39.26202
G01 X-19.55242 Y39.26202
G01 X-19.34488 Y39.29489
G01 X-19.14503 Y39.35981
G01 X-19.05372 Y39.40635
G04 P0 ( dwell for no time -- G64 should not smooth over this point )
G00 Z2.00000 ( retract )

G00 X-20.72057 Y40.12082 ( rapid move to begin. )
G01 F250.00000
G01 Z-0.20000
G04 P0 ( dwell for no time -- G64 should not smooth over this point )
G01 F500.00000
G01 X-20.72057 Y40.12082
G01 X-20.84815 Y39.99324
G01 X-20.89468 Y40.08455
G01 X-20.95961 Y40.28440
G01 X-20.99250 Y40.49197
G01 X-20.99250 Y40.70208
G01 X-20.95961 Y40.90962
G01 X-20.89468 Y41.10947
G01 X-20.84815 Y41.20078
G01 X-20.72057 Y41.07320
G01 X-20.79702 Y40.83924
G01 X-20.82158 Y40.57978
G01 X-20.79702 Y40.35481
G01 X-20.72057 Y40.12082
G04 P0 ( dwell for no time -- G64 should not smooth over this point )
G00 Z2.00000 ( retract )

G00 X-20.91180 Y36.97592 ( rapid move to begin. )
G01 F250.00000
G01 Z-0.20000
G04 P0 ( dwell for no time -- G64 should not smooth over this point )
G01 F500.00000
G01 X-20.91180 Y36.97592
G01 X-20.95130 Y36.97587
G01 X-20.72478 Y36.99957
G04 P0 ( dwell for no time -- G64 should not smooth over this point )
G00 Z2.00000 ( retract )

G00 X-20.37868 Y37.26746 ( rapid move to begin. )
G01 F250.00000
G01 Z-0.20000
G04 P0 ( dwell for no time -- G64 should not smooth over this point )
G01 F500.00000
G01 X-20.37868 Y37.26746
G01 X-20.09997 Y37.40053
G01 X-19.87208 Y37.45210
G01 X-20.09997 Y37.40053
G04 P0 ( dwell for no time -- G64 should not smooth over this point )
G00 Z2.00000 ( retract )

G00 X-19.84023 Y37.45933 ( rapid move to begin. )
G01 F250.00000
G01 Z-0.20000
G04 P0 ( dwell for no time -- G64 should not smooth over this point )
G01 F500.00000
G01 X-19.84023 Y37.45933
G01 X-19.87208 Y37.45210
G01 X-19.74742 Y37.46955
G01 X-19.78996 Y37.46121
G01 X-19.55293 Y37.46858
G01 X-19.25910 Y37.41168
G01 X-19.47475 Y37.45933
G04 P0 ( dwell for no time -- G64 should not smooth over this point )
G00 Z2.00000 ( retract )

G00 X-19.21498 Y37.40053 ( rapid move to begin. )
G01 F250.00000
G01 Z-0.20000
G04 P0 ( dwell for no time -- G64 should not smooth over this point )
G01 F500.00000
G01 X-19.21498 Y37.40053
G01 X-19.36586 Y37.43322
G01 X-19.21498 Y37.40053
G01 X-19.24709 Y37.40699
G01 X-18.96693 Y37.28209
G01 X-19.04953 Y37.32979
G04 P0 ( dwell for no time -- G64 should not smooth over this point )
G00 Z2.00000 ( retract )

G00 X-18.93627 Y37.26746 ( rapid move to begin. )
G01 F250.00000
G01 Z-0.20000
G04 P0 ( dwell for no time -- G64 should not smooth over this point )
G01 F500.00000
G01 X-18.93627 Y37.26746
G01 X-18.96693 Y37.28209
G01 X-18.91331 Y37.24973
G01 X-19.14622 Y37.36756
G01 X-19.30487 Y37.41862
G01 X-19.52026 Y37.46104
G01 X-19.79156 Y37.46088
G01 X-20.11356 Y37.39403
G01 X-20.37868 Y37.26746
G01 X-20.72478 Y36.99957
G01 X-20.95097 Y36.97592
G01 X-24.86399 Y36.97592
G01 X-25.09018 Y36.99957
G01 X-25.43631 Y37.26746
G01 X-25.71499 Y37.40053
G01 X-26.01316 Y37.46055
G01 X-26.29155 Y37.46088
G01 X-26.61365 Y37.39398
G01 X-26.89914 Y37.25255
G01 X-27.06511 Y37.13198
G01 X-27.26315 Y36.90721
G01 X-27.56945 Y36.38890
G01 X-27.91806 Y36.32662
G01 X-28.26800 Y36.33808
G01 X-28.59238 Y36.42446
G01 X-28.72784 Y36.48331
G01 X-28.93404 Y36.71705
G01 X-32.12049 Y36.71702
G01 X-32.23274 Y36.63010
G01 X-32.40327 Y36.44720
G01 X-32.50060 Y36.31326
G01 X-32.62186 Y36.09454
G01 X-32.72471 Y35.77801
G01 X-32.75514 Y35.52977
G01 X-32.75514 Y35.36422
G01 X-32.70325 Y35.03592
G01 X-32.62186 Y34.79947
G01 X-32.50060 Y34.58078
G01 X-32.29136 Y34.32254
G01 X-32.03302 Y34.11344
G01 X-31.73683 Y33.96262
G01 X-31.41577 Y33.87669
G01 X-31.25110 Y33.85939
G01 X-29.56749 Y33.85500
G01 X-29.31920 Y33.87669
G01 X-28.99815 Y33.96262
G01 X-28.84534 Y34.03066
G01 X-28.64473 Y34.15502
G01 X-26.80750 Y34.15502
G01 X-26.63232 Y34.16843
G01 X-26.38624 Y34.22718
G01 X-26.19808 Y34.31050
G01 X-25.88830 Y34.32779
G01 X-25.52632 Y34.42243
G01 X-25.19196 Y34.59025
G01 X-24.91870 Y34.80501
G01 X-20.89628 Y34.80501
G01 X-20.62301 Y34.59025
G01 X-20.28864 Y34.42243
G01 X-20.13116 Y34.37125
G01 X-19.84480 Y34.31484
G01 X-19.55295 Y34.31050
G01 X-19.38829 Y34.32779
G01 X-19.08801 Y34.40262
G01 X-19.15781 Y34.26795
G01 X-18.85097 Y34.85952
G04 P0 ( dwell for no time -- G64 should not smooth over this point )
G00 Z2.00000 ( retract )

G00 X-19.13655 Y34.29279 ( rapid move to begin. )
G01 F250.00000
G01 Z-0.20000
G04 P0 ( dwell for no time -- G64 should not smooth over this point )
G01 F500.00000
G01 X-19.13655 Y34.29279
G01 X-19.35633 Y34.02525
G01 X-19.67647 Y33.68347
G01 X-19.67650 Y32.91652
G01 X-19.63027 Y32.54438
G01 X-19.54953 Y32.27819
G01 X-19.49009 Y32.16702
G01 X-19.13098 Y32.16702
G04 P0 ( dwell for no time -- G64 should not smooth over this point )
G00 Z2.00000 ( retract )

G00 X-19.49009 Y32.16702 ( rapid move to begin. )
G01 F250.00000
G01 Z-0.20000
G04 P0 ( dwell for no time -- G64 should not smooth over this point )
G01 F500.00000
G01 X-19.49009 Y32.16702
G01 X-19.84183 Y32.16702
G01 X-19.95669 Y32.57852
G01 X-19.98999 Y32.91652
G01 X-19.98999 Y33.39394
G01 X-19.55293 Y33.80702
G01 X-19.37594 Y34.01347
G01 X-19.55295 Y33.99698
G01 X-19.87757 Y34.00306
G01 X-20.19636 Y34.06462
G01 X-20.41615 Y34.13602
G01 X-20.60713 Y34.22106
G01 X-20.80728 Y34.33661
G01 X-21.01594 Y34.49152
G01 X-24.79902 Y34.49152
G01 X-25.00768 Y34.33661
G01 X-25.20783 Y34.22106
G01 X-25.39882 Y34.13602
G01 X-25.61863 Y34.06462
G01 X-25.82312 Y34.02114
G01 X-26.12668 Y33.99698
G01 X-26.38903 Y33.89871
G01 X-26.60158 Y33.85645
G01 X-26.80750 Y33.84151
G01 X-28.54938 Y33.84151
G01 X-28.71783 Y33.74425
G01 X-28.97867 Y33.63476
G01 X-29.25403 Y33.57004
G01 X-29.48387 Y33.54588
G01 X-31.25110 Y33.54588
G01 X-31.64455 Y33.60481
G01 X-32.01714 Y33.74425
G01 X-32.21729 Y33.85982
G01 X-32.44251 Y34.03094
G01 X-32.63624 Y34.23704
G01 X-32.77208 Y34.42403
G01 X-32.90825 Y34.67196
G01 X-33.00139 Y34.93905
G01 X-33.04945 Y35.16511
G01 X-33.06692 Y35.33145
G01 X-33.04945 Y35.72888
G01 X-33.03134 Y35.84318
G01 X-32.94973 Y36.11402
G01 X-32.90825 Y36.22205
G01 X-32.77208 Y36.47000
G01 X-32.58219 Y36.71702
G01 X-28.93404 Y36.71705
G01 X-28.80567 Y36.97831
G01 X-28.50981 Y37.47297
G01 X-28.42728 Y37.70444
G01 X-28.40348 Y37.82377
G01 X-28.39533 Y38.05143
G01 X-28.39327 Y38.02631
G04 P0 ( dwell for no time -- G64 should not smooth over this point )
G00 Z2.00000 ( retract )

G00 X-28.60338 Y37.96975 ( rapid move to begin. )
G01 F250.00000
G01 Z-0.20000
G04 P0 ( dwell for no time -- G64 should not smooth over this point )
G01 F500.00000
G01 X-28.60338 Y37.96975
G01 X-28.62357 Y38.18765
G01 X-28.67973 Y38.36340
G01 X-28.78679 Y38.55423
G01 X-28.90955 Y38.69195
G01 X-29.07051 Y38.81333
G01 X-29.25316 Y38.89860
G01 X-29.44956 Y38.94404
G01 X-29.56749 Y38.95202
G01 X-31.16749 Y38.95202
G01 X-31.28542 Y38.94404
G01 X-31.46568 Y38.90480
G01 X-31.63459 Y38.83058
G01 X-31.79977 Y38.71503
G01 X-31.94818 Y38.55423
G01 X-32.05524 Y38.36340
G01 X-32.10693 Y38.20434
G01 X-32.13159 Y38.00427
G01 X-32.11140 Y37.78636
G01 X-32.04907 Y37.59451
G01 X-31.94818 Y37.41979
G01 X-31.82542 Y37.28207
G01 X-31.66446 Y37.16071
G01 X-31.48181 Y37.07541
G01 X-31.28542 Y37.03000
G01 X-31.16749 Y37.02200
G01 X-29.56749 Y37.02200
G01 X-29.44956 Y37.03000
G01 X-29.26929 Y37.06924
G01 X-29.10038 Y37.14343
G01 X-28.93521 Y37.25900
G01 X-28.78679 Y37.41979
G01 X-28.67973 Y37.61062
G01 X-28.62804 Y37.76970
G01 X-28.60338 Y37.96975
G04 P0 ( dwell for no time -- G64 should not smooth over this point )
G00 Z2.00000 ( retract )

G00 X-28.44567 Y37.63746 ( rapid move to begin. )
G01 F250.00000
G01 Z-0.20000
G04 P0 ( dwell for no time -- G64 should not smooth over this point )
G01 F500.00000
G01 X-28.44567 Y37.63746
G01 X-28.51377 Y37.46642
G01 X-28.42728 Y37.70444
G01 X-28.42208 Y37.74163
G01 X-28.46142 Y37.61049
G01 X-28.41814 Y37.76980
G01 X-28.42728 Y37.70444
G04 P0 ( dwell for no time -- G64 should not smooth over this point )
G00 Z2.00000 ( retract )

G00 X-28.40348 Y37.82377 ( rapid move to begin. )
G01 F250.00000
G01 Z-0.20000
G04 P0 ( dwell for no time -- G64 should not smooth over this point )
G01 F500.00000
G01 X-28.40348 Y37.82377
G01 X-28.42129 Y37.74511
G01 X-28.39711 Y37.97589
G01 X-28.39947 Y37.90335
G01 X-28.39475 Y37.93713
G01 X-28.40348 Y38.15029
G01 X-28.39711 Y37.97589
G01 X-28.43003 Y38.24806
G01 X-28.51534 Y38.51249
G01 X-28.61237 Y38.67511
G01 X-28.75189 Y38.83393
G01 X-29.16764 Y39.20111
G01 X-29.41844 Y39.25567
G01 X-31.26749 Y39.24988
G01 X-31.41196 Y39.23957
G01 X-32.30541 Y39.09588
G01 X-32.50060 Y38.85326
G01 X-32.62186 Y38.63454
G01 X-32.70325 Y38.39809
G01 X-32.75514 Y38.06980
G01 X-32.75514 Y37.90424
G01 X-32.72471 Y37.65601
G01 X-32.62186 Y37.33947
G01 X-32.50060 Y37.12078
G01 X-32.40327 Y36.98682
G01 X-32.23274 Y36.80391
G01 X-32.12052 Y36.71705
G01 X-32.97800 Y36.71702
G01 X-33.04358 Y36.62675
G01 X-33.19463 Y36.34958
G01 X-33.29956 Y36.05184
G01 X-33.36123 Y35.76165
G01 X-33.37871 Y35.59530
G01 X-33.37871 Y35.29868
G01 X-33.36123 Y35.13234
G01 X-33.29956 Y34.84217
G01 X-33.19463 Y34.54446
G01 X-33.04358 Y34.26727
G01 X-32.86923 Y34.02729
G01 X-32.65229 Y33.79798
G01 X-32.40154 Y33.60618
G01 X-32.14465 Y33.45787
G01 X-31.85318 Y33.33661
G01 X-31.54615 Y33.26338
G01 X-31.16749 Y33.22800
G01 X-29.48387 Y33.23239
G01 X-29.18883 Y33.26338
G01 X-28.88179 Y33.33661
G01 X-28.59033 Y33.45787
G01 X-28.46881 Y33.52802
G01 X-26.80750 Y33.52802
G01 X-26.57085 Y33.54446
G01 X-26.29803 Y33.59871
G01 X-26.06828 Y33.68350
G01 X-25.90463 Y33.69127
G01 X-25.55345 Y33.75797
G01 X-25.27131 Y33.84964
G01 X-25.08032 Y33.93468
G01 X-24.82343 Y34.08299
G01 X-24.69264 Y34.17801
G01 X-21.12234 Y34.17801
G01 X-20.99156 Y34.08299
G01 X-20.73464 Y33.93468
G01 X-20.54366 Y33.84964
G01 X-20.26154 Y33.75797
G01 X-20.05704 Y33.71451
G01 X-19.91033 Y33.69127
G01 X-19.68346 Y33.68373
G01 X-19.92217 Y33.45830
G01 X-19.68074 Y33.68362
G01 X-19.98983 Y33.39406
G04 P0 ( dwell for no time -- G64 should not smooth over this point )
G00 Z2.00000 ( retract )

G00 X-19.98999 Y33.39394 ( rapid move to begin. )
G01 F250.00000
G01 Z-0.20000
G04 P0 ( dwell for no time -- G64 should not smooth over this point )
G01 F500.00000
G01 X-19.98999 Y33.39394
G01 X-20.30347 Y33.12587
G01 X-20.30350 Y32.91652
G01 X-20.26418 Y32.51736
G01 X-20.16784 Y32.16702
G01 X-19.84183 Y32.16702
G04 P0 ( dwell for no time -- G64 should not smooth over this point )
G00 Z2.00000 ( retract )

G00 X-20.16784 Y32.16702 ( rapid move to begin. )
G01 F250.00000
G01 Z-0.20000
G04 P0 ( dwell for no time -- G64 should not smooth over this point )
G01 F500.00000
G01 X-20.16784 Y32.16702
G01 X-20.49387 Y32.16702
G01 X-20.57165 Y32.45620
G01 X-20.61343 Y32.88030
G01 X-20.15692 Y33.24456
G01 X-20.30736 Y33.12703
G01 X-20.15692 Y33.24456
G01 X-20.30705 Y33.12696
G01 X-20.26233 Y33.16171
G04 P0 ( dwell for no time -- G64 should not smooth over this point )
G00 Z2.00000 ( retract )

G00 X-20.26238 Y33.16168 ( rapid move to begin. )
G01 F250.00000
G01 Z-0.20000
G04 P0 ( dwell for no time -- G64 should not smooth over this point )
G01 F500.00000
G01 X-20.26238 Y33.16168
G01 X-20.30347 Y33.12587
G04 P0 ( dwell for no time -- G64 should not smooth over this point )
G00 Z2.00000 ( retract )

G00 X-20.30670 Y33.12686 ( rapid move to begin. )
G01 F250.00000
G01 Z-0.20000
G04 P0 ( dwell for no time -- G64 should not smooth over this point )
G01 F500.00000
G01 X-20.30670 Y33.12686
G01 X-20.90749 Y32.65663
G01 X-20.61076 Y32.88794
G04 P0 ( dwell for no time -- G64 should not smooth over this point )
G00 Z2.00000 ( retract )

G00 X-20.61079 Y32.88794 ( rapid move to begin. )
G01 F250.00000
G01 Z-0.20000
G04 P0 ( dwell for no time -- G64 should not smooth over this point )
G01 F500.00000
G01 X-20.61079 Y32.88794
G01 X-20.90492 Y32.65683
G01 X-20.87911 Y32.39503
G01 X-20.81991 Y32.16702
G04 P0 ( dwell for no time -- G64 should not smooth over this point )
G00 Z2.00000 ( retract )

G00 X-20.49387 Y32.16702 ( rapid move to begin. )
G01 F250.00000
G01 Z-0.20000
G04 P0 ( dwell for no time -- G64 should not smooth over this point )
G01 F500.00000
G01 X-20.49387 Y32.16702
G01 X-21.14594 Y32.16702
G01 X-21.19593 Y32.43069
G01 X-20.30736 Y33.12703
G04 P0 ( dwell for no time -- G64 should not smooth over this point )
G00 Z2.00000 ( retract )

G00 X-20.30739 Y33.12703 ( rapid move to begin. )
G01 F250.00000
G01 Z-0.20000
G04 P0 ( dwell for no time -- G64 should not smooth over this point )
G01 F500.00000
G01 X-20.30739 Y33.12703
G01 X-20.79870 Y33.27684
G01 X-20.98968 Y33.36188
G01 X-21.31726 Y33.55101
G01 X-24.49770 Y33.55101
G01 X-24.82531 Y33.36188
G01 X-25.01629 Y33.27684
G01 X-25.42307 Y33.14466
G01 X-25.62757 Y33.10120
G01 X-25.93674 Y33.06257
G01 X-26.11601 Y32.99871
G01 X-26.50940 Y32.92048
G01 X-26.80750 Y32.90103
G01 X-28.30767 Y32.90103
G01 X-28.68801 Y32.74029
G01 X-28.89490 Y32.68487
G01 X-29.05847 Y32.65010
G01 X-29.56749 Y32.60100
G01 X-31.16749 Y32.60100
G01 X-31.67650 Y32.65010
G01 X-32.04696 Y32.74029
G01 X-32.39966 Y32.88507
G01 X-32.77010 Y33.09894
G01 X-33.07182 Y33.33201
G01 X-33.33517 Y33.60773
G01 X-33.58658 Y33.95378
G01 X-33.76743 Y34.28944
G01 X-33.89588 Y34.64842
G01 X-33.98480 Y35.06681
G01 X-34.00228 Y35.23313
G01 X-34.00228 Y35.66084
G01 X-33.95130 Y36.03874
G01 X-33.84419 Y36.40465
G01 X-33.71015 Y36.71702
G01 X-32.97800 Y36.71705
G01 X-33.04358 Y36.80727
G01 X-33.19463 Y37.08446
G01 X-33.29956 Y37.38217
G01 X-33.36123 Y37.67236
G01 X-33.37871 Y37.83871
G01 X-33.37871 Y38.13536
G01 X-33.36123 Y38.30167
G01 X-33.29956 Y38.59184
G01 X-33.19463 Y38.88958
G01 X-33.11856 Y39.03678
G01 X-32.30160 Y39.09659
G01 X-31.51760 Y39.23205
G01 X-31.25110 Y39.25484
G01 X-29.44153 Y39.25707
G01 X-29.19025 Y39.30782
G01 X-29.16490 Y39.19819
G01 X-28.73650 Y38.81890
G01 X-28.63569 Y38.70165
G01 X-28.50981 Y38.50112
G01 X-28.47072 Y38.39985
G01 X-28.47910 Y38.42862
G04 P0 ( dwell for no time -- G64 should not smooth over this point )
G00 Z2.00000 ( retract )

G00 X-28.51534 Y38.51249 ( rapid move to begin. )
G01 F250.00000
G01 Z-0.20000
G04 P0 ( dwell for no time -- G64 should not smooth over this point )
G01 F500.00000
G01 X-28.51534 Y38.51249
G01 X-28.61237 Y38.67511
G04 P0 ( dwell for no time -- G64 should not smooth over this point )
G00 Z2.00000 ( retract )

G00 X-28.75189 Y38.83393 ( rapid move to begin. )
G01 F250.00000
G01 Z-0.20000
G04 P0 ( dwell for no time -- G64 should not smooth over this point )
G01 F500.00000
G01 X-28.75189 Y38.83393
G01 X-29.05629 Y39.09159
G04 P0 ( dwell for no time -- G64 should not smooth over this point )
G00 Z2.00000 ( retract )

G00 X-27.33938 Y41.19202 ( rapid move to begin. )
G01 F250.00000
G01 Z-0.20000
G04 P0 ( dwell for no time -- G64 should not smooth over this point )
G01 F500.00000
G01 X-27.33938 Y41.19202
G01 X-27.35263 Y41.19202
G04 P0 ( dwell for no time -- G64 should not smooth over this point )
G00 Z2.00000 ( retract )

G00 X-28.75197 Y42.22018 ( rapid move to begin. )
G01 F250.00000
G01 Z-0.20000
G04 P0 ( dwell for no time -- G64 should not smooth over this point )
G01 F500.00000
G01 X-28.75197 Y42.22018
G01 X-28.63561 Y42.35247
G01 X-28.75197 Y42.22018
G01 X-29.16464 Y41.85293
G01 X-29.38438 Y41.80334
G01 X-30.14163 Y41.80065
G01 X-29.22134 Y41.79778
G01 X-29.16464 Y41.85293
G01 X-29.19111 Y41.74647
G01 X-29.44211 Y41.79704
G01 X-29.74562 Y41.79814
G01 X-29.22134 Y41.79778
G04 P0 ( dwell for no time -- G64 should not smooth over this point )
G00 Z2.00000 ( retract )

G00 X-28.51534 Y42.54157 ( rapid move to begin. )
G01 F250.00000
G01 Z-0.20000
G04 P0 ( dwell for no time -- G64 should not smooth over this point )
G01 F500.00000
G01 X-28.51534 Y42.54157
G01 X-28.63561 Y42.35247
G01 X-28.51534 Y42.54157
G01 X-28.44567 Y42.71744
G01 X-28.41047 Y42.86133
G01 X-28.40099 Y42.95282
G01 X-28.44567 Y42.71744
G01 X-28.39660 Y42.99547
G01 X-28.39975 Y42.97756
G01 X-28.41047 Y43.27271
G01 X-28.39660 Y42.99547
G01 X-28.39424 Y43.00888
G01 X-28.41047 Y43.27271
G04 P0 ( dwell for no time -- G64 should not smooth over this point )
G00 Z2.00000 ( retract )

G00 X-28.60338 Y43.04975 ( rapid move to begin. )
G01 F250.00000
G01 Z-0.20000
G04 P0 ( dwell for no time -- G64 should not smooth over this point )
G01 F500.00000
G01 X-28.60338 Y43.04975
G01 X-28.62804 Y42.84970
G01 X-28.67973 Y42.69062
G01 X-28.78679 Y42.49979
G01 X-28.93521 Y42.33900
G01 X-29.10038 Y42.22343
G01 X-29.26929 Y42.14924
G01 X-29.44956 Y42.11000
G01 X-29.56749 Y42.10200
G01 X-31.16749 Y42.10200
G01 X-31.28542 Y42.11000
G01 X-31.48181 Y42.15541
G01 X-31.66446 Y42.24071
G01 X-31.82542 Y42.36207
G01 X-31.94818 Y42.49979
G01 X-32.05524 Y42.69062
G01 X-32.11140 Y42.86636
G01 X-32.13159 Y43.08427
G01 X-32.10693 Y43.28434
G01 X-32.05524 Y43.44340
G01 X-31.94818 Y43.63423
G01 X-31.79977 Y43.79503
G01 X-31.63459 Y43.91058
G01 X-31.46568 Y43.98480
G01 X-31.28542 Y44.02404
G01 X-31.16749 Y44.03202
G01 X-29.56749 Y44.03202
G01 X-29.44956 Y44.02404
G01 X-29.25316 Y43.97860
G01 X-29.07051 Y43.89333
G01 X-28.90955 Y43.77195
G01 X-28.78679 Y43.63423
G01 X-28.67973 Y43.44340
G01 X-28.62357 Y43.26765
G01 X-28.60338 Y43.04975
G04 P0 ( dwell for no time -- G64 should not smooth over this point )
G00 Z2.00000 ( retract )

G00 X-31.29057 Y44.33705 ( rapid move to begin. )
G01 F250.00000
G01 Z-0.20000
G04 P0 ( dwell for no time -- G64 should not smooth over this point )
G01 F500.00000
G01 X-31.29057 Y44.33705
G01 X-31.56256 Y44.39107
G01 X-31.73835 Y44.46646
G01 X-31.64264 Y44.33705
G04 P0 ( dwell for no time -- G64 should not smooth over this point )
G00 Z2.00000 ( retract )

G00 X-31.73835 Y44.46646 ( rapid move to begin. )
G01 F250.00000
G01 Z-0.20000
G04 P0 ( dwell for no time -- G64 should not smooth over this point )
G01 F500.00000
G01 X-31.73835 Y44.46646
G01 X-31.74879 Y44.47875
G01 X-31.72199 Y44.33702
G01 X-31.74909 Y44.19488
G01 X-31.73838 Y44.20753
G04 P0 ( dwell for no time -- G64 should not smooth over this point )
G00 Z2.00000 ( retract )

G00 X-32.12258 Y43.75511 ( rapid move to begin. )
G01 F250.00000
G01 Z-0.20000
G04 P0 ( dwell for no time -- G64 should not smooth over this point )
G01 F500.00000
G01 X-32.12258 Y43.75511
G01 X-31.74909 Y44.19488
G01 X-32.12258 Y43.75511
G01 X-32.21960 Y43.59249
G01 X-32.28928 Y43.41660
G01 X-32.32448 Y43.27271
G01 X-32.34038 Y43.11878
G01 X-32.31183 Y42.55272
G01 X-32.34071 Y43.12519
G01 X-32.30149 Y43.36659
G01 X-32.21960 Y43.59249
G04 P0 ( dwell for no time -- G64 should not smooth over this point )
G00 Z2.00000 ( retract )

G00 X-32.30889 Y42.50461 ( rapid move to begin. )
G01 F250.00000
G01 Z-0.20000
G04 P0 ( dwell for no time -- G64 should not smooth over this point )
G01 F500.00000
G01 X-32.30889 Y42.50461
G01 X-32.31173 Y42.55686
G01 X-32.30899 Y42.49590
G01 X-32.20182 Y42.31551
G01 X-32.02298 Y42.11688
G01 X-31.76210 Y41.93705
G01 X-31.51420 Y41.83812
G01 X-31.37264 Y41.80802
G01 X-32.31861 Y41.95183
G01 X-32.49382 Y41.79816
G01 X-32.59230 Y41.67815
G01 X-32.66550 Y41.54122
G01 X-32.74043 Y41.32054
G01 X-32.75948 Y41.12702
G01 X-32.75948 Y39.92702
G01 X-32.74043 Y39.73347
G01 X-32.66550 Y39.51282
G01 X-32.59230 Y39.37589
G01 X-32.43863 Y39.20068
G01 X-32.31120 Y39.09944
G01 X-32.38602 Y39.09060
G01 X-32.30708 Y39.09616
G04 P0 ( dwell for no time -- G64 should not smooth over this point )
G00 Z2.00000 ( retract )

G00 X-32.41122 Y39.08763 ( rapid move to begin. )
G01 F250.00000
G01 Z-0.20000
G04 P0 ( dwell for no time -- G64 should not smooth over this point )
G01 F500.00000
G01 X-32.41122 Y39.08763
G01 X-32.69370 Y39.06449
G04 P0 ( dwell for no time -- G64 should not smooth over this point )
G00 Z2.00000 ( retract )

G00 X-32.69489 Y39.06441 ( rapid move to begin. )
G01 F250.00000
G01 Z-0.20000
G04 P0 ( dwell for no time -- G64 should not smooth over this point )
G01 F500.00000
G01 X-32.69489 Y39.06441
G01 X-32.74041 Y39.06456
G01 X-32.38602 Y39.09060
G01 X-32.41104 Y39.08765
G04 P0 ( dwell for no time -- G64 should not smooth over this point )
G00 Z2.00000 ( retract )

G00 X-32.30160 Y39.09659 ( rapid move to begin. )
G01 F250.00000
G01 Z-0.20000
G04 P0 ( dwell for no time -- G64 should not smooth over this point )
G01 F500.00000
G01 X-32.30160 Y39.09659
G01 X-31.51760 Y39.23205
G01 X-32.29878 Y39.09700
G01 X-32.27701 Y39.09863
G04 P0 ( dwell for no time -- G64 should not smooth over this point )
G00 Z2.00000 ( retract )

G00 X-32.30162 Y39.09659 ( rapid move to begin. )
G01 F250.00000
G01 Z-0.20000
G04 P0 ( dwell for no time -- G64 should not smooth over this point )
G01 F500.00000
G01 X-32.30162 Y39.09659
G01 X-32.93037 Y39.04922
G01 X-32.84409 Y39.05158
G01 X-33.47599 Y39.02674
G01 X-33.59771 Y38.68872
G01 X-33.67302 Y38.33444
G01 X-33.69049 Y38.16812
G01 X-33.69049 Y37.80594
G01 X-33.64465 Y37.46048
G01 X-33.48104 Y36.95695
G01 X-33.35346 Y36.71705
G01 X-34.05963 Y36.71702
G01 X-34.19402 Y36.34247
G01 X-34.25795 Y36.10391
G01 X-34.31406 Y35.69360
G01 X-34.31406 Y35.20036
G01 X-34.29659 Y35.03404
G01 X-34.19402 Y34.55154
G01 X-34.05384 Y34.16191
G01 X-33.85808 Y33.79704
G01 X-33.56814 Y33.39795
G01 X-33.28160 Y33.09904
G01 X-32.95438 Y32.84530
G01 X-32.52717 Y32.59866
G01 X-32.37439 Y32.53064
G01 X-32.14384 Y32.44215
G01 X-31.74168 Y32.34344
G01 X-31.16749 Y32.28751
G01 X-29.48387 Y32.29188
G01 X-28.99330 Y32.34344
G01 X-28.82969 Y32.37822
G01 X-28.59114 Y32.44215
G01 X-28.23285 Y32.58751
G01 X-26.80750 Y32.58751
G01 X-26.47867 Y32.60849
G01 X-26.02503 Y32.69871
G01 X-25.86986 Y32.75259
G01 X-25.35790 Y32.83801
G01 X-24.88878 Y32.99043
G01 X-24.69780 Y33.07547
G01 X-24.41713 Y33.23750
G01 X-21.39783 Y33.23750
G01 X-21.11719 Y33.07547
G01 X-20.92621 Y32.99043
G01 X-20.61274 Y32.88858
G01 X-21.48107 Y32.20738
G01 X-21.47198 Y32.16702
G01 X-21.14594 Y32.16702
G04 P0 ( dwell for no time -- G64 should not smooth over this point )
G00 Z2.00000 ( retract )

G00 X-21.19636 Y32.43285 ( rapid move to begin. )
G01 F250.00000
G01 Z-0.20000
G04 P0 ( dwell for no time -- G64 should not smooth over this point )
G01 F500.00000
G01 X-21.19636 Y32.43285
G01 X-20.90901 Y32.65724
G01 X-21.24470 Y32.78909
G01 X-21.47840 Y32.92401
G01 X-24.33656 Y32.92401
G01 X-24.57029 Y32.78909
G01 X-24.76128 Y32.70405
G01 X-25.29272 Y32.53138
G01 X-25.80298 Y32.44258
G01 X-25.93402 Y32.39871
G01 X-26.44794 Y32.29648
G01 X-26.80750 Y32.27400
G01 X-28.16622 Y32.27403
G01 X-28.43427 Y32.16702
G01 X-21.47198 Y32.16702
G04 P0 ( dwell for no time -- G64 should not smooth over this point )
G00 Z2.00000 ( retract )

G00 X-24.42592 Y32.16702 ( rapid move to begin. )
G01 F250.00000
G01 Z-0.20000
G04 P0 ( dwell for no time -- G64 should not smooth over this point )
G01 F500.00000
G01 X-24.42592 Y32.16702
G01 X-24.17545 Y32.29701
G01 X-21.63954 Y32.29701
G01 X-21.48122 Y32.20804
G01 X-21.53260 Y32.16702
G04 P0 ( dwell for no time -- G64 should not smooth over this point )
G00 Z2.00000 ( retract )

G00 X-21.48122 Y32.20804 ( rapid move to begin. )
G01 F250.00000
G01 Z-0.20000
G04 P0 ( dwell for no time -- G64 should not smooth over this point )
G01 F500.00000
G01 X-21.48122 Y32.20804
G01 X-21.19603 Y32.43123
G01 X-21.37220 Y32.50268
G01 X-21.55897 Y32.61050
G01 X-24.25602 Y32.61050
G01 X-24.44276 Y32.50268
G01 X-24.63374 Y32.41766
G01 X-25.22754 Y32.22472
G01 X-25.52193 Y32.16702
G04 P0 ( dwell for no time -- G64 should not smooth over this point )
G00 Z2.00000 ( retract )

G00 X-28.43427 Y32.16702 ( rapid move to begin. )
G01 F250.00000
G01 Z-0.20000
G04 P0 ( dwell for no time -- G64 should not smooth over this point )
G01 F500.00000
G01 X-28.43427 Y32.16702
G01 X-32.30071 Y32.16702
G01 X-32.65471 Y32.31228
G01 X-33.13863 Y32.59168
G01 X-33.49138 Y32.86605
G01 X-33.80114 Y33.18820
G01 X-34.12958 Y33.64027
G01 X-34.34022 Y34.03440
G01 X-34.44050 Y34.29561
G01 X-34.49217 Y34.45467
G01 X-34.60837 Y35.00127
G01 X-34.62585 Y35.16759
G01 X-34.62585 Y35.72637
G01 X-34.56461 Y36.16909
G01 X-34.49217 Y36.43935
G01 X-34.39496 Y36.71702
G01 X-33.71015 Y36.71705
G01 X-33.84419 Y37.02936
G01 X-33.95130 Y37.39530
G01 X-34.00228 Y37.77318
G01 X-34.00228 Y38.20089
G01 X-33.98480 Y38.36721
G01 X-33.89588 Y38.78560
G01 X-33.81594 Y39.01806
G01 X-32.96807 Y39.04681
G04 P0 ( dwell for no time -- G64 should not smooth over this point )
G00 Z2.00000 ( retract )

G00 X-33.11856 Y39.03678 ( rapid move to begin. )
G01 F250.00000
G01 Z-0.20000
G04 P0 ( dwell for no time -- G64 should not smooth over this point )
G01 F500.00000
G01 X-33.11856 Y39.03678
G01 X-32.95981 Y39.04843
G01 X-33.12222 Y39.04402
G01 X-33.27462 Y39.34498
G01 X-33.35539 Y39.61117
G01 X-33.38648 Y39.92702
G01 X-33.38343 Y41.15801
G01 X-45.13022 Y41.15801
G01 X-45.49641 Y41.47172
G01 X-33.02067 Y41.47152
G01 X-33.04790 Y41.38170
G01 X-33.07299 Y41.12702
G01 X-33.07299 Y39.92702
G01 X-33.04790 Y39.67234
G01 X-32.95514 Y39.39283
G01 X-32.85298 Y39.20172
G01 X-32.74041 Y39.06456
G01 X-32.96718 Y39.04686
G04 P0 ( dwell for no time -- G64 should not smooth over this point )
G00 Z2.00000 ( retract )

G00 X-32.93037 Y39.04922 ( rapid move to begin. )
G01 F250.00000
G01 Z-0.20000
G04 P0 ( dwell for no time -- G64 should not smooth over this point )
G01 F500.00000
G01 X-32.93037 Y39.04922
G01 X-32.84409 Y39.05158
G01 X-34.15275 Y39.00947
G01 X-34.19402 Y38.88247
G01 X-34.29659 Y38.40000
G01 X-34.31406 Y38.23365
G01 X-34.31406 Y37.74041
G01 X-34.25795 Y37.33012
G01 X-34.19402 Y37.09154
G01 X-34.05963 Y36.71705
G01 X-34.73032 Y36.71702
G01 X-34.87124 Y36.23427
G01 X-34.92016 Y35.92548
G01 X-34.93763 Y35.75913
G01 X-34.93763 Y35.13483
G01 X-34.92016 Y34.96851
G01 X-34.79034 Y34.35779
G01 X-34.62664 Y33.90689
G01 X-34.40108 Y33.48352
G01 X-34.03410 Y32.97842
G01 X-33.70116 Y32.63308
G01 X-33.32290 Y32.33806
G01 X-33.02666 Y32.16702
G01 X-32.30071 Y32.16702
G04 P0 ( dwell for no time -- G64 should not smooth over this point )
G00 Z2.00000 ( retract )

G00 X-28.93404 Y36.71705 ( rapid move to begin. )
G01 F250.00000
G01 Z-0.20000
G04 P0 ( dwell for no time -- G64 should not smooth over this point )
G01 F500.00000
G01 X-28.93404 Y36.71705
G01 X-28.81781 Y36.95809
G04 P0 ( dwell for no time -- G64 should not smooth over this point )
G00 Z2.00000 ( retract )

G00 X-28.78639 Y37.01758 ( rapid move to begin. )
G01 F250.00000
G01 Z-0.20000
G04 P0 ( dwell for no time -- G64 should not smooth over this point )
G01 F500.00000
G01 X-28.78639 Y37.01758
G01 X-28.51227 Y37.46883
G01 X-28.47237 Y37.57018
G01 X-28.51616 Y37.45989
G01 X-28.81923 Y36.95514
G01 X-28.77841 Y36.70198
G01 X-28.65720 Y36.48710
G01 X-28.60503 Y36.43277
G01 X-28.72784 Y36.48331
G01 X-28.58375 Y36.42070
G01 X-28.74742 Y36.42550
G01 X-28.88623 Y36.52695
G01 X-29.12566 Y36.64501
G01 X-29.42446 Y36.71702
G04 P0 ( dwell for no time -- G64 should not smooth over this point )
G00 Z2.00000 ( retract )

G00 X-29.44440 Y36.71705 ( rapid move to begin. )
G01 F250.00000
G01 Z-0.20000
G04 P0 ( dwell for no time -- G64 should not smooth over this point )
G01 F500.00000
G01 X-29.44440 Y36.71705
G01 X-29.12566 Y36.78903
G01 X-28.97287 Y36.85705
G01 X-28.81926 Y36.95573
G04 P0 ( dwell for no time -- G64 should not smooth over this point )
G00 Z2.00000 ( retract )

G00 X-28.55390 Y36.40775 ( rapid move to begin. )
G01 F250.00000
G01 Z-0.20000
G04 P0 ( dwell for no time -- G64 should not smooth over this point )
G01 F500.00000
G01 X-28.55390 Y36.40775
G01 X-28.60503 Y36.43277
G01 X-28.39106 Y36.35913
G01 X-28.41019 Y36.36261
G04 P0 ( dwell for no time -- G64 should not smooth over this point )
G00 Z2.00000 ( retract )

G00 X-28.37262 Y36.35365 ( rapid move to begin. )
G01 F250.00000
G01 Z-0.20000
G04 P0 ( dwell for no time -- G64 should not smooth over this point )
G01 F500.00000
G01 X-28.37262 Y36.35365
G01 X-28.42647 Y36.37079
G01 X-28.27618 Y36.33833
G01 X-28.29414 Y36.33894
G04 P0 ( dwell for no time -- G64 should not smooth over this point )
G00 Z2.00000 ( retract )

G00 X-28.23412 Y36.33074 ( rapid move to begin. )
G01 F250.00000
G01 Z-0.20000
G04 P0 ( dwell for no time -- G64 should not smooth over this point )
G01 F500.00000
G01 X-28.23412 Y36.33074
G01 X-28.27887 Y36.33813
G01 X-27.92269 Y36.32629
G01 X-27.97646 Y36.32230
G04 P0 ( dwell for no time -- G64 should not smooth over this point )
G00 Z2.00000 ( retract )

G00 X-27.89594 Y36.32591 ( rapid move to begin. )
G01 F250.00000
G01 Z-0.20000
G04 P0 ( dwell for no time -- G64 should not smooth over this point )
G01 F500.00000
G01 X-27.89594 Y36.32591
G01 X-27.92269 Y36.32629
G01 X-27.79878 Y36.33549
G01 X-27.56945 Y36.38890
G01 X-27.24593 Y36.93637
G01 X-27.06511 Y37.13198
G01 X-26.87864 Y37.26749
G01 X-26.59996 Y37.40053
G01 X-26.42553 Y37.44465
G01 X-26.24740 Y37.46955
G01 X-26.01441 Y37.46081
G01 X-26.26201 Y37.46858
G01 X-26.36760 Y37.45311
G01 X-26.59996 Y37.40053
G01 X-26.87864 Y37.26749
G04 P0 ( dwell for no time -- G64 should not smooth over this point )
G00 Z2.00000 ( retract )

G00 X-28.44567 Y38.33660 ( rapid move to begin. )
G01 F250.00000
G01 Z-0.20000
G04 P0 ( dwell for no time -- G64 should not smooth over this point )
G01 F500.00000
G01 X-28.44567 Y38.33660
G01 X-28.47072 Y38.39985
G01 X-28.41047 Y38.19271
G01 X-28.40948 Y38.17681
G01 X-28.43539 Y38.27841
G01 X-28.39975 Y38.07648
G01 X-28.44567 Y38.33660
G01 X-28.48786 Y38.44483
G01 X-28.62065 Y38.67803
G01 X-28.75189 Y38.83393
G01 X-29.22035 Y39.25631
G01 X-31.34150 Y39.24965
G01 X-31.51760 Y39.23205
G01 X-32.27701 Y39.09863
G01 X-32.73525 Y39.06060
G01 X-32.85572 Y38.86517
G01 X-32.94973 Y38.65402
G01 X-33.04945 Y38.26891
G01 X-33.06692 Y38.10259
G01 X-33.04945 Y37.70513
G01 X-33.03134 Y37.59083
G01 X-32.90825 Y37.21196
G01 X-32.77208 Y36.96403
G01 X-32.58219 Y36.71705
G01 X-33.35346 Y36.71702
G01 X-33.48104 Y36.47709
G01 X-33.64465 Y35.97354
G01 X-33.69049 Y35.62807
G01 X-33.69049 Y35.26592
G01 X-33.67302 Y35.09957
G01 X-33.59771 Y34.74529
G01 X-33.48104 Y34.41695
G01 X-33.31508 Y34.11052
G01 X-33.10220 Y33.81751
G01 X-32.86207 Y33.56498
G01 X-32.58582 Y33.35256
G01 X-32.27216 Y33.17146
G01 X-31.95008 Y33.03846
G01 X-31.61132 Y32.95675
G01 X-31.16749 Y32.91451
G01 X-29.48387 Y32.91888
G01 X-29.12365 Y32.95675
G01 X-28.78491 Y33.03846
G01 X-28.38824 Y33.21451
G01 X-26.80750 Y33.21451
G01 X-26.54014 Y33.23247
G01 X-26.20702 Y33.29871
G01 X-26.00361 Y33.37258
G01 X-25.87186 Y33.37949
G01 X-25.48827 Y33.45132
G01 X-25.14380 Y33.56323
G01 X-24.95282 Y33.64827
G01 X-24.59076 Y33.86452
G01 X-21.22420 Y33.86452
G01 X-20.86215 Y33.64827
G01 X-20.67116 Y33.56323
G01 X-20.32671 Y33.45132
G01 X-19.99667 Y33.38797
G01 X-19.92217 Y33.45830
G01 X-20.25679 Y33.16656
G01 X-20.15692 Y33.24456
G04 P0 ( dwell for no time -- G64 should not smooth over this point )
G00 Z2.00000 ( retract )

G00 X-19.15931 Y34.26506 ( rapid move to begin. )
G01 F250.00000
G01 Z-0.20000
G04 P0 ( dwell for no time -- G64 should not smooth over this point )
G01 F500.00000
G01 X-19.15931 Y34.26506
G01 X-19.37594 Y34.01347
G01 X-19.15936 Y34.26498
G01 X-19.35252 Y34.02965
G01 X-19.32999 Y34.05342
G04 P0 ( dwell for no time -- G64 should not smooth over this point )
G00 Z2.00000 ( retract )

G00 X-19.55293 Y33.80702 ( rapid move to begin. )
G01 F250.00000
G01 Z-0.20000
G04 P0 ( dwell for no time -- G64 should not smooth over this point )
G01 F500.00000
G01 X-19.55293 Y33.80702
G01 X-19.62092 Y33.74278
G01 X-19.35252 Y34.02965
G01 X-19.67647 Y33.68350
G04 P0 ( dwell for no time -- G64 should not smooth over this point )
G00 Z2.00000 ( retract )

G00 X-18.72827 Y32.16702 ( rapid move to begin. )
G01 F250.00000
G01 Z-0.20000
G04 P0 ( dwell for no time -- G64 should not smooth over this point )
G01 F500.00000
G01 X-18.72827 Y32.16702
G01 X-19.13098 Y32.16702
G01 X-19.25989 Y32.39818
G01 X-19.34175 Y32.70085
G01 X-19.36299 Y32.91652
G01 X-19.36299 Y34.01692
G01 X-19.13655 Y34.29279
G01 X-18.83175 Y34.89706
G01 X-18.51821 Y35.32703
G01 X-18.42387 Y35.48868
G01 X-18.31857 Y35.79238
G01 X-18.42387 Y35.48868
G01 X-18.52192 Y35.32073
G01 X-18.84394 Y34.87321
G04 P0 ( dwell for no time -- G64 should not smooth over this point )
G00 Z2.00000 ( retract )

G00 X-18.83175 Y34.89706 ( rapid move to begin. )
G01 F250.00000
G01 Z-0.20000
G04 P0 ( dwell for no time -- G64 should not smooth over this point )
G01 F500.00000
G01 X-18.83175 Y34.89706
G01 X-18.84399 Y34.87316
G04 P0 ( dwell for no time -- G64 should not smooth over this point )
G00 Z2.00000 ( retract )

G00 X-18.85097 Y34.86221 ( rapid move to begin. )
G01 F250.00000
G01 Z-0.20000
G04 P0 ( dwell for no time -- G64 should not smooth over this point )
G01 F500.00000
G01 X-18.85097 Y34.86221
G01 X-18.96286 Y34.79386
G01 X-19.24899 Y34.67791
G01 X-19.55295 Y34.62398
G01 X-19.81203 Y34.62660
G01 X-20.16113 Y34.70882
G01 X-20.43875 Y34.84387
G01 X-20.64681 Y34.99828
G01 X-20.75859 Y35.11852
G01 X-25.05640 Y35.11852
G01 X-25.16818 Y34.99828
G01 X-25.37623 Y34.84387
G01 X-25.65386 Y34.70882
G01 X-26.00295 Y34.62660
G01 X-26.27938 Y34.62581
G01 X-26.47725 Y34.52718
G01 X-26.66305 Y34.48042
G01 X-26.80750 Y34.46851
G01 X-28.74742 Y34.46851
G01 X-28.97287 Y34.31705
G01 X-29.17242 Y34.23107
G01 X-29.38438 Y34.18334
G01 X-29.56749 Y34.16851
G01 X-31.25110 Y34.17288
G01 X-31.56256 Y34.23107
G01 X-31.76210 Y34.31705
G01 X-31.98404 Y34.46536
G01 X-32.05839 Y34.53231
G01 X-32.22910 Y34.73752
G01 X-32.33545 Y34.92698
G01 X-32.40507 Y35.13280
G01 X-32.44338 Y35.39698
G01 X-32.44338 Y35.49701
G01 X-32.40507 Y35.76122
G01 X-32.33545 Y35.96703
G01 X-32.17030 Y36.23744
G01 X-31.98404 Y36.42865
G01 X-31.76210 Y36.57696
G01 X-31.56256 Y36.66294
G01 X-31.31051 Y36.71702
G04 P0 ( dwell for no time -- G64 should not smooth over this point )
G00 Z2.00000 ( retract )

G00 X-31.29057 Y36.71705 ( rapid move to begin. )
G01 F250.00000
G01 Z-0.20000
G04 P0 ( dwell for no time -- G64 should not smooth over this point )
G01 F500.00000
G01 X-31.29057 Y36.71705
G01 X-31.56256 Y36.77107
G01 X-31.76210 Y36.85705
G01 X-32.02298 Y37.03688
G01 X-32.22910 Y37.27752
G01 X-32.35341 Y37.51374
G01 X-32.41805 Y37.72118
G01 X-32.44338 Y38.03703
G01 X-32.42588 Y38.20338
G01 X-32.35341 Y38.46027
G01 X-32.31272 Y38.55166
G01 X-32.17030 Y38.77744
G01 X-31.98404 Y38.96865
G01 X-31.84874 Y39.06695
G01 X-31.60932 Y39.18501
G01 X-31.36063 Y39.24856
G01 X-29.22035 Y39.25631
G01 X-31.76748 Y39.24851
G01 X-31.89984 Y39.26154
G01 X-32.06172 Y39.31864
G01 X-32.21696 Y39.42237
G01 X-32.33164 Y39.55006
G01 X-32.43294 Y39.79464
G01 X-32.44599 Y39.92702
G01 X-32.44599 Y41.12702
G01 X-32.43294 Y41.25938
G01 X-32.33164 Y41.50395
G01 X-32.14445 Y41.69115
G01 X-31.98961 Y41.76524
G01 X-31.89984 Y41.79247
G01 X-31.76748 Y41.80550
G01 X-29.74562 Y41.79814
G01 X-31.31077 Y41.80431
G01 X-30.29040 Y41.80012
G01 X-31.16749 Y41.79702
G01 X-31.38506 Y41.81066
G01 X-31.33454 Y41.80439
G01 X-31.35034 Y41.80444
G04 P0 ( dwell for no time -- G64 should not smooth over this point )
G00 Z2.00000 ( retract )

G00 X-31.35583 Y41.80533 ( rapid move to begin. )
G01 F250.00000
G01 Z-0.20000
G04 P0 ( dwell for no time -- G64 should not smooth over this point )
G01 F500.00000
G01 X-31.35583 Y41.80533
G01 X-31.37264 Y41.80802
G01 X-31.35585 Y41.80533
G04 P0 ( dwell for no time -- G64 should not smooth over this point )
G00 Z2.00000 ( retract )

G00 X-33.97937 Y39.01442 ( rapid move to begin. )
G01 F250.00000
G01 Z-0.20000
G04 P0 ( dwell for no time -- G64 should not smooth over this point )
G01 F500.00000
G01 X-33.97937 Y39.01442
G01 X-34.05315 Y39.01201
G04 P0 ( dwell for no time -- G64 should not smooth over this point )
G00 Z2.00000 ( retract )

G00 X-34.05384 Y39.01199 ( rapid move to begin. )
G01 F250.00000
G01 Z-0.20000
G04 P0 ( dwell for no time -- G64 should not smooth over this point )
G01 F500.00000
G01 X-34.05384 Y39.01199
G01 X-34.09824 Y39.01084
G04 P0 ( dwell for no time -- G64 should not smooth over this point )
G00 Z2.00000 ( retract )

G00 X-34.15818 Y39.00998 ( rapid move to begin. )
G01 F250.00000
G01 Z-0.20000
G04 P0 ( dwell for no time -- G64 should not smooth over this point )
G01 F500.00000
G01 X-34.15818 Y39.00998
G01 X-33.12146 Y39.04249
G01 X-33.46743 Y39.02758
G04 P0 ( dwell for no time -- G64 should not smooth over this point )
G00 Z2.00000 ( retract )

G00 X-33.47497 Y39.02740 ( rapid move to begin. )
G01 F250.00000
G01 Z-0.20000
G04 P0 ( dwell for no time -- G64 should not smooth over this point )
G01 F500.00000
G01 X-33.47497 Y39.02740
G01 X-33.47568 Y39.02738
G04 P0 ( dwell for no time -- G64 should not smooth over this point )
G00 Z2.00000 ( retract )

G00 X-33.47591 Y39.02695 ( rapid move to begin. )
G01 F250.00000
G01 Z-0.20000
G04 P0 ( dwell for no time -- G64 should not smooth over this point )
G01 F500.00000
G01 X-33.47591 Y39.02695
G01 X-34.48485 Y39.00188
G01 X-34.60837 Y38.43276
G01 X-34.62585 Y38.26642
G01 X-34.62585 Y37.70765
G01 X-34.56461 Y37.26495
G01 X-34.49217 Y36.99467
G01 X-34.39496 Y36.71705
G01 X-35.06123 Y36.71702
G01 X-35.17789 Y36.29944
G01 X-35.23194 Y35.95825
G01 X-35.24942 Y35.79190
G01 X-35.24942 Y35.10206
G01 X-35.23192 Y34.93572
G01 X-35.08848 Y34.26092
G01 X-34.91302 Y33.77938
G01 X-34.67258 Y33.32678
G01 X-34.26707 Y32.76864
G01 X-33.91091 Y32.40011
G01 X-33.62085 Y32.16702
G01 X-33.02666 Y32.16702
G04 P0 ( dwell for no time -- G64 should not smooth over this point )
G00 Z2.00000 ( retract )

G00 X-33.62085 Y32.16702 ( rapid move to begin. )
G01 F250.00000
G01 Z-0.20000
G04 P0 ( dwell for no time -- G64 should not smooth over this point )
G01 F500.00000
G01 X-33.62085 Y32.16702
G01 X-34.12054 Y32.16702
G01 X-34.50007 Y32.55886
G01 X-34.94408 Y33.17004
G01 X-35.19943 Y33.65187
G01 X-35.38665 Y34.16404
G01 X-35.54370 Y34.90295
G01 X-35.56120 Y35.06930
G01 X-35.56120 Y35.82467
G01 X-35.48455 Y36.36462
G01 X-35.39011 Y36.71702
G01 X-34.73032 Y36.71705
G01 X-34.87124 Y37.19977
G01 X-34.93763 Y37.67488
G01 X-34.93763 Y38.29919
G01 X-34.92016 Y38.46553
G01 X-34.80690 Y38.99827
G01 X-33.47083 Y39.03457
G01 X-33.56425 Y39.22499
G01 X-33.66286 Y39.55001
G01 X-33.69999 Y39.92702
G01 X-33.69999 Y40.84452
G01 X-44.81498 Y40.84452
G01 X-43.87569 Y39.90401
G01 X-34.63822 Y39.90401
G01 X-34.58528 Y39.36652
G01 X-34.47629 Y39.00726
G01 X-33.81864 Y39.02512
G01 X-33.97032 Y39.48885
G01 X-34.01348 Y39.92702
G01 X-34.01348 Y40.53101
G01 X-44.50147 Y40.53101
G01 X-44.18798 Y40.21752
G01 X-34.32699 Y40.21752
G01 X-34.32699 Y39.92702
G01 X-34.27782 Y39.42768
G01 X-34.15290 Y39.01592
G01 X-34.47624 Y39.00711
G01 X-34.30182 Y39.00787
G04 P0 ( dwell for no time -- G64 should not smooth over this point )
G00 Z2.00000 ( retract )

G00 X-34.47571 Y39.00531 ( rapid move to begin. )
G01 F250.00000
G01 Z-0.20000
G04 P0 ( dwell for no time -- G64 should not smooth over this point )
G01 F500.00000
G01 X-34.47571 Y39.00531
G01 X-34.62046 Y39.00320
G04 P0 ( dwell for no time -- G64 should not smooth over this point )
G00 Z2.00000 ( retract )

G00 X-34.63299 Y39.00299 ( rapid move to begin. )
G01 F250.00000
G01 Z-0.20000
G04 P0 ( dwell for no time -- G64 should not smooth over this point )
G01 F500.00000
G01 X-34.63299 Y39.00299
G01 X-34.62125 Y39.00317
G01 X-34.79859 Y38.99835
G04 P0 ( dwell for no time -- G64 should not smooth over this point )
G00 Z2.00000 ( retract )

G00 X-34.30157 Y39.00787 ( rapid move to begin. )
G01 F250.00000
G01 Z-0.20000
G04 P0 ( dwell for no time -- G64 should not smooth over this point )
G01 F500.00000
G01 X-34.30157 Y39.00787
G01 X-34.16001 Y39.00995
G04 P0 ( dwell for no time -- G64 should not smooth over this point )
G00 Z2.00000 ( retract )

G00 X-34.15831 Y39.00998 ( rapid move to begin. )
G01 F250.00000
G01 Z-0.20000
G04 P0 ( dwell for no time -- G64 should not smooth over this point )
G01 F500.00000
G01 X-34.15831 Y39.00998
G01 X-35.12618 Y38.99576
G01 X-35.23192 Y38.49830
G01 X-35.24942 Y38.33198
G01 X-35.24942 Y37.64211
G01 X-35.17789 Y37.13460
G01 X-35.06123 Y36.71705
G01 X-35.71424 Y36.71702
G01 X-35.79120 Y36.42980
G01 X-35.87299 Y35.85743
G01 X-35.87296 Y35.03653
G01 X-35.85549 Y34.87019
G01 X-35.68480 Y34.06716
G01 X-35.48582 Y33.52437
G01 X-35.21558 Y33.01327
G01 X-34.73304 Y32.34911
G01 X-34.56331 Y32.16702
G01 X-34.12054 Y32.16702
G04 P0 ( dwell for no time -- G64 should not smooth over this point )
G00 Z2.00000 ( retract )

G00 X-34.56331 Y32.16702 ( rapid move to begin. )
G01 F250.00000
G01 Z-0.20000
G04 P0 ( dwell for no time -- G64 should not smooth over this point )
G01 F500.00000
G01 X-34.56331 Y32.16702
G01 X-35.75688 Y32.16702
G01 X-36.03009 Y32.54301
G01 X-36.11370 Y32.68787
G01 X-36.34500 Y33.14182
G01 X-36.52760 Y33.61748
G01 X-36.57929 Y33.77654
G01 X-36.79084 Y34.77189
G01 X-36.80832 Y34.93821
G01 X-36.80832 Y35.95573
G01 X-36.68658 Y36.71702
G01 X-35.39011 Y36.71705
G01 X-35.48455 Y37.06942
G01 X-35.56120 Y37.60935
G01 X-35.56120 Y38.36474
G01 X-35.54370 Y38.53106
G01 X-35.44807 Y38.98095
G01 X-35.83733 Y38.64706
G01 X-35.43382 Y38.99337
G01 X-34.63377 Y39.00299
G01 X-34.79963 Y38.99832
G04 P0 ( dwell for no time -- G64 should not smooth over this point )
G00 Z2.00000 ( retract )

G00 X-35.12348 Y38.99578 ( rapid move to begin. )
G01 F250.00000
G01 Z-0.20000
G04 P0 ( dwell for no time -- G64 should not smooth over this point )
G01 F500.00000
G01 X-35.12348 Y38.99578
G01 X-34.79969 Y38.99847
G01 X-34.89275 Y39.30536
G01 X-34.92084 Y39.59052
G01 X-43.58118 Y39.59052
G01 X-43.31346 Y39.27701
G01 X-35.20347 Y39.27701
G01 X-35.12488 Y38.99578
G04 P0 ( dwell for no time -- G64 should not smooth over this point )
G00 Z2.00000 ( retract )

G00 X-35.43382 Y38.99337 ( rapid move to begin. )
G01 F250.00000
G01 Z-0.20000
G04 P0 ( dwell for no time -- G64 should not smooth over this point )
G01 F500.00000
G01 X-35.43382 Y38.99337
G01 X-36.18475 Y38.33556
G01 X-36.18477 Y37.54382
G01 X-36.09785 Y36.93904
G01 X-36.03834 Y36.71705
G01 X-36.36247 Y36.71705
G01 X-36.40451 Y36.56015
G01 X-36.49656 Y35.92296
G01 X-36.49653 Y34.97097
G01 X-36.47906 Y34.80465
G01 X-36.28111 Y33.87341
G01 X-36.05861 Y33.26933
G01 X-35.75859 Y32.69978
G01 X-35.37152 Y32.16702
G04 P0 ( dwell for no time -- G64 should not smooth over this point )
G00 Z2.00000 ( retract )

G00 X-34.98612 Y32.16702 ( rapid move to begin. )
G01 F250.00000
G01 Z-0.20000
G04 P0 ( dwell for no time -- G64 should not smooth over this point )
G01 F500.00000
G01 X-34.98612 Y32.16702
G01 X-35.48709 Y32.85652
G01 X-35.77223 Y33.39686
G01 X-35.98297 Y33.97029
G01 X-36.16727 Y34.83742
G01 X-36.18475 Y35.00374
G01 X-36.18477 Y35.89020
G01 X-36.09785 Y36.49497
G01 X-36.03834 Y36.71705
G01 X-35.71424 Y36.71705
G01 X-35.79120 Y37.00422
G01 X-35.87299 Y37.57658
G01 X-35.87296 Y38.39751
G01 X-35.83806 Y38.64193
G01 X-35.43382 Y38.99337
G01 X-35.44807 Y38.98097
G04 P0 ( dwell for no time -- G64 should not smooth over this point )
G00 Z2.00000 ( retract )

G00 X-35.84065 Y38.64999 ( rapid move to begin. )
G01 F250.00000
G01 Z-0.20000
G04 P0 ( dwell for no time -- G64 should not smooth over this point )
G01 F500.00000
G01 X-35.84065 Y38.64999
G01 X-42.67429 Y38.64999
G01 X-43.04574 Y38.96350
G01 X-35.46920 Y38.96350
G01 X-35.93326 Y38.57183
G01 X-36.49653 Y38.04265
G01 X-36.49656 Y37.51105
G01 X-36.40451 Y36.87386
G01 X-36.36247 Y36.71705
G01 X-37.01068 Y36.71702
G01 X-37.12010 Y35.98850
G01 X-37.12010 Y34.90544
G01 X-37.10263 Y34.73912
G01 X-36.87743 Y33.67966
G01 X-36.82574 Y33.52061
G01 X-36.63141 Y33.01431
G01 X-36.30159 Y32.38627
G01 X-36.14228 Y32.16702
G01 X-35.75688 Y32.16702
G04 P0 ( dwell for no time -- G64 should not smooth over this point )
G00 Z2.00000 ( retract )

G00 X-36.14228 Y32.16702 ( rapid move to begin. )
G01 F250.00000
G01 Z-0.20000
G04 P0 ( dwell for no time -- G64 should not smooth over this point )
G01 F500.00000
G01 X-36.14228 Y32.16702
G01 X-36.52765 Y32.16702
G01 X-36.65670 Y32.37436
G01 X-36.91779 Y32.88680
G01 X-37.12391 Y33.42373
G01 X-37.17558 Y33.58279
G01 X-37.41441 Y34.70633
G01 X-37.43189 Y34.87267
G01 X-37.43189 Y36.02126
G01 X-37.33057 Y36.71702
G01 X-36.68658 Y36.71705
G01 X-36.80832 Y37.47828
G01 X-36.80832 Y37.71603
G01 X-36.58271 Y37.96170
G01 X-35.93326 Y38.57183
G01 X-36.49653 Y38.04381
G01 X-36.18475 Y38.34094
G01 X-42.32553 Y38.33652
G01 X-41.99657 Y38.02301
G01 X-36.51838 Y38.02301
G01 X-36.49653 Y38.04381
G01 X-37.11307 Y37.38418
G01 X-37.01068 Y36.71705
G01 X-37.64753 Y36.71702
G01 X-37.65637 Y36.77290
G01 X-36.58271 Y37.96170
G01 X-37.09323 Y37.41902
G01 X-36.80832 Y37.72299
G01 X-36.82107 Y37.70952
G01 X-41.69388 Y37.70952
G01 X-41.40005 Y37.39601
G01 X-37.11490 Y37.39601
G01 X-37.09323 Y37.41902
G01 X-37.31843 Y37.16063
G01 X-37.09358 Y37.41862
G04 P0 ( dwell for no time -- G64 should not smooth over this point )
G00 Z2.00000 ( retract )

G00 X-37.11490 Y37.39601 ( rapid move to begin. )
G01 F250.00000
G01 Z-0.20000
G04 P0 ( dwell for no time -- G64 should not smooth over this point )
G01 F500.00000
G01 X-37.11490 Y37.39601
G01 X-37.70511 Y36.71702
G01 X-37.64753 Y36.71702
G01 X-37.74367 Y36.05403
G01 X-37.74367 Y34.83991
G01 X-37.72620 Y34.67356
G01 X-37.47375 Y33.48591
G01 X-37.20420 Y32.75929
G01 X-36.89900 Y32.16702
G01 X-36.52765 Y32.16702
G04 P0 ( dwell for no time -- G64 should not smooth over this point )
G00 Z2.00000 ( retract )

G00 X-37.60514 Y32.16702 ( rapid move to begin. )
G01 F250.00000
G01 Z-0.20000
G04 P0 ( dwell for no time -- G64 should not smooth over this point )
G01 F500.00000
G01 X-37.60514 Y32.16702
G01 X-37.95652 Y32.16702
G01 X-38.06338 Y32.37674
G01 X-38.36821 Y33.19528
G01 X-38.66153 Y34.57527
G01 X-38.67903 Y34.74159
G01 X-38.67903 Y35.84108
G01 X-38.28982 Y36.20686
G04 P0 ( dwell for no time -- G64 should not smooth over this point )
G00 Z2.00000 ( retract )

G00 X-38.28243 Y36.21382 ( rapid move to begin. )
G01 F250.00000
G01 Z-0.20000
G04 P0 ( dwell for no time -- G64 should not smooth over this point )
G01 F500.00000
G01 X-38.28243 Y36.21382
G01 X-38.36488 Y36.14199
G01 X-40.15007 Y36.14201
G01 X-40.50694 Y36.45550
G01 X-38.00560 Y36.45756
G01 X-38.36488 Y36.13630
G01 X-38.36724 Y34.77435
G01 X-38.34974 Y34.60803
G01 X-38.07006 Y33.29216
G01 X-37.77700 Y32.50425
G01 X-37.60514 Y32.16702
G01 X-37.25378 Y32.16702
G04 P0 ( dwell for no time -- G64 should not smooth over this point )
G00 Z2.00000 ( retract )

G00 X-36.89900 Y32.16702 ( rapid move to begin. )
G01 F250.00000
G01 Z-0.20000
G04 P0 ( dwell for no time -- G64 should not smooth over this point )
G01 F500.00000
G01 X-36.89900 Y32.16702
G01 X-37.25378 Y32.16702
G01 X-37.49059 Y32.63179
G01 X-37.77189 Y33.38904
G01 X-38.03798 Y34.64080
G01 X-38.05546 Y34.80714
G01 X-38.05546 Y36.08679
G01 X-38.00600 Y36.45449
G01 X-37.70511 Y36.71702
G01 X-38.00560 Y36.45756
G01 X-37.70511 Y36.71702
G04 P0 ( dwell for no time -- G64 should not smooth over this point )
G00 Z2.00000 ( retract )

G00 X-37.33057 Y36.71705 ( rapid move to begin. )
G01 F250.00000
G01 Z-0.20000
G04 P0 ( dwell for no time -- G64 should not smooth over this point )
G01 F500.00000
G01 X-37.33057 Y36.71705
G01 X-37.38820 Y37.08095
G01 X-37.32483 Y37.15359
G01 X-37.38871 Y37.08415
G01 X-37.32483 Y37.15359
G04 P0 ( dwell for no time -- G64 should not smooth over this point )
G00 Z2.00000 ( retract )

G00 X-37.32277 Y37.15591 ( rapid move to begin. )
G01 F250.00000
G01 Z-0.20000
G04 P0 ( dwell for no time -- G64 should not smooth over this point )
G01 F500.00000
G01 X-37.32277 Y37.15591
G01 X-37.11464 Y37.39449
G04 P0 ( dwell for no time -- G64 should not smooth over this point )
G00 Z2.00000 ( retract )

G00 X-38.29043 Y36.20630 ( rapid move to begin. )
G01 F250.00000
G01 Z-0.20000
G04 P0 ( dwell for no time -- G64 should not smooth over this point )
G01 F500.00000
G01 X-38.29043 Y36.20630
G01 X-38.67903 Y35.84135
G01 X-38.36488 Y36.14199
G04 P0 ( dwell for no time -- G64 should not smooth over this point )
G00 Z2.00000 ( retract )

G00 X-38.99081 Y35.54161 ( rapid move to begin. )
G01 F250.00000
G01 Z-0.20000
G04 P0 ( dwell for no time -- G64 should not smooth over this point )
G01 F500.00000
G01 X-38.99081 Y35.54161
G01 X-39.01847 Y35.51502
G01 X-39.49648 Y35.51502
G01 X-39.82256 Y35.82853
G01 X-38.69241 Y35.82850
G01 X-38.67903 Y35.84135
G01 X-38.99081 Y35.54161
G01 X-38.99081 Y34.70882
G01 X-38.97331 Y34.54250
G01 X-38.66638 Y33.09838
G01 X-38.30788 Y32.16702
G04 P0 ( dwell for no time -- G64 should not smooth over this point )
G00 Z2.00000 ( retract )

G00 X-37.95652 Y32.16702 ( rapid move to begin. )
G01 F250.00000
G01 Z-0.20000
G04 P0 ( dwell for no time -- G64 should not smooth over this point )
G01 F500.00000
G01 X-37.95652 Y32.16702
G01 X-38.65355 Y32.16702
G01 X-38.96452 Y33.00151
G01 X-39.25746 Y34.37969
G01 X-39.25746 Y32.88855
G01 X-38.98891 Y32.16702
G01 X-38.65355 Y32.16702
G04 P0 ( dwell for no time -- G64 should not smooth over this point )
G00 Z2.00000 ( retract )

G00 X-39.25746 Y32.16702 ( rapid move to begin. )
G01 F250.00000
G01 Z-0.20000
G04 P0 ( dwell for no time -- G64 should not smooth over this point )
G01 F500.00000
G01 X-39.25746 Y32.16702
G01 X-39.52607 Y32.16702
G01 X-39.25749 Y32.88863
G04 P0 ( dwell for no time -- G64 should not smooth over this point )
G00 Z2.00000 ( retract )

G00 X-39.25749 Y34.51288 ( rapid move to begin. )
G01 F250.00000
G01 Z-0.20000
G04 P0 ( dwell for no time -- G64 should not smooth over this point )
G01 F500.00000
G01 X-39.25749 Y34.51288
G01 X-39.52416 Y34.70892
G01 X-39.52416 Y35.54163
G04 P0 ( dwell for no time -- G64 should not smooth over this point )
G00 Z2.00000 ( retract )

G00 X-39.83595 Y35.84141 ( rapid move to begin. )
G01 F250.00000
G01 Z-0.20000
G04 P0 ( dwell for no time -- G64 should not smooth over this point )
G01 F500.00000
G01 X-39.83595 Y35.84141
G01 X-40.15004 Y36.14135
G01 X-39.83691 Y35.84232
G04 P0 ( dwell for no time -- G64 should not smooth over this point )
G00 Z2.00000 ( retract )

G00 X-40.15007 Y36.14201 ( rapid move to begin. )
G01 F250.00000
G01 Z-0.20000
G04 P0 ( dwell for no time -- G64 should not smooth over this point )
G01 F500.00000
G01 X-40.15007 Y36.14201
G01 X-40.50894 Y36.45449
G01 X-40.45952 Y36.08690
G01 X-40.45952 Y34.80722
G01 X-40.14773 Y34.77445
G01 X-40.27059 Y33.94281
G01 X-40.44491 Y33.29216
G01 X-40.73798 Y32.50425
G01 X-40.90983 Y32.16702
G01 X-40.55845 Y32.16702
G04 P0 ( dwell for no time -- G64 should not smooth over this point )
G00 Z2.00000 ( retract )

G00 X-40.20709 Y32.16702 ( rapid move to begin. )
G01 F250.00000
G01 Z-0.20000
G04 P0 ( dwell for no time -- G64 should not smooth over this point )
G01 F500.00000
G01 X-40.20709 Y32.16702
G01 X-40.55845 Y32.16702
G01 X-40.45159 Y32.37674
G01 X-40.14677 Y33.19528
G01 X-39.96394 Y33.87763
G01 X-39.83595 Y34.74169
G01 X-40.14773 Y34.77445
G01 X-40.15004 Y36.13630
G01 X-39.82320 Y35.82914
G04 P0 ( dwell for no time -- G64 should not smooth over this point )
G00 Z2.00000 ( retract )

G00 X-39.82256 Y35.82853 ( rapid move to begin. )
G01 F250.00000
G01 Z-0.20000
G04 P0 ( dwell for no time -- G64 should not smooth over this point )
G01 F500.00000
G01 X-39.82256 Y35.82853
G01 X-39.83595 Y35.84113
G01 X-39.83595 Y34.74169
G01 X-39.52416 Y34.70892
G01 X-39.65728 Y33.81245
G01 X-39.84860 Y33.09838
G01 X-40.20709 Y32.16702
G01 X-39.86142 Y32.16702
G04 P0 ( dwell for no time -- G64 should not smooth over this point )
G00 Z2.00000 ( retract )

G00 X-38.98891 Y32.16702 ( rapid move to begin. )
G01 F250.00000
G01 Z-0.20000
G04 P0 ( dwell for no time -- G64 should not smooth over this point )
G01 F500.00000
G01 X-38.98891 Y32.16702
G01 X-39.25746 Y32.16702
G01 X-39.25749 Y35.28522
G01 X-39.01847 Y35.51502
G04 P0 ( dwell for no time -- G64 should not smooth over this point )
G00 Z2.00000 ( retract )

G00 X-39.49648 Y35.51502 ( rapid move to begin. )
G01 F250.00000
G01 Z-0.20000
G04 P0 ( dwell for no time -- G64 should not smooth over this point )
G01 F500.00000
G01 X-39.49648 Y35.51502
G01 X-39.25749 Y35.28522
G01 X-39.25749 Y34.37974
G04 P0 ( dwell for no time -- G64 should not smooth over this point )
G00 Z2.00000 ( retract )

G00 X-39.25749 Y34.33546 ( rapid move to begin. )
G01 F250.00000
G01 Z-0.20000
G04 P0 ( dwell for no time -- G64 should not smooth over this point )
G01 F500.00000
G01 X-39.25749 Y34.33546
G01 X-39.35063 Y33.74728
G01 X-39.55045 Y33.00151
G01 X-39.86142 Y32.16702
G01 X-39.52607 Y32.16702
G04 P0 ( dwell for no time -- G64 should not smooth over this point )
G00 Z2.00000 ( retract )

G00 X-40.90983 Y32.16702 ( rapid move to begin. )
G01 F250.00000
G01 Z-0.20000
G04 P0 ( dwell for no time -- G64 should not smooth over this point )
G01 F500.00000
G01 X-40.90983 Y32.16702
G01 X-41.26119 Y32.16702
G01 X-41.02439 Y32.63179
G01 X-40.74308 Y33.38904
G01 X-40.57722 Y34.00798
G01 X-40.45952 Y34.80722
G01 X-40.77130 Y34.83999
G01 X-40.77130 Y36.05413
G01 X-40.86744 Y36.71702
G01 X-40.85858 Y36.77295
G01 X-41.12675 Y37.08095
G01 X-40.85850 Y36.77348
G01 X-41.12627 Y37.08408
G01 X-37.38868 Y37.08405
G01 X-37.66031 Y36.76901
G01 X-40.85850 Y36.77343
G01 X-40.50938 Y36.45758
G04 P0 ( dwell for no time -- G64 should not smooth over this point )
G00 Z2.00000 ( retract )

G00 X-40.50694 Y36.45550 ( rapid move to begin. )
G01 F250.00000
G01 Z-0.20000
G04 P0 ( dwell for no time -- G64 should not smooth over this point )
G01 F500.00000
G01 X-40.50694 Y36.45550
G01 X-40.80983 Y36.71702
G01 X-40.23328 Y36.21453
G01 X-40.29454 Y36.27211
G04 P0 ( dwell for no time -- G64 should not smooth over this point )
G00 Z2.00000 ( retract )

G00 X-40.80983 Y36.71702 ( rapid move to begin. )
G01 F250.00000
G01 Z-0.20000
G04 P0 ( dwell for no time -- G64 should not smooth over this point )
G01 F500.00000
G01 X-40.80983 Y36.71702
G01 X-41.18441 Y36.71702
G01 X-41.08309 Y36.02136
G01 X-41.08309 Y34.87275
G01 X-40.77130 Y34.83999
G01 X-40.88387 Y34.07316
G01 X-41.04123 Y33.48591
G01 X-41.31077 Y32.75929
G01 X-41.61598 Y32.16702
G01 X-41.26119 Y32.16702
G04 P0 ( dwell for no time -- G64 should not smooth over this point )
G00 Z2.00000 ( retract )

G00 X-41.61598 Y32.16702 ( rapid move to begin. )
G01 F250.00000
G01 Z-0.20000
G04 P0 ( dwell for no time -- G64 should not smooth over this point )
G01 F500.00000
G01 X-41.61598 Y32.16702
G01 X-41.98733 Y32.16702
G01 X-41.85827 Y32.37436
G01 X-41.59718 Y32.88680
G01 X-41.39106 Y33.42373
G01 X-41.19053 Y34.13834
G01 X-41.08309 Y34.87275
G01 X-41.39487 Y34.90552
G01 X-41.39487 Y35.98857
G01 X-41.50424 Y36.71702
G01 X-41.18441 Y36.71702
G01 X-41.12680 Y37.08070
G01 X-41.19487 Y37.15878
G01 X-41.12627 Y37.08418
G01 X-41.19012 Y37.15362
G04 P0 ( dwell for no time -- G64 should not smooth over this point )
G00 Z2.00000 ( retract )

G00 X-41.40005 Y37.39601 ( rapid move to begin. )
G01 F250.00000
G01 Z-0.20000
G04 P0 ( dwell for no time -- G64 should not smooth over this point )
G01 F500.00000
G01 X-41.40005 Y37.39601
G01 X-41.19210 Y37.15586
G04 P0 ( dwell for no time -- G64 should not smooth over this point )
G00 Z2.00000 ( retract )

G00 X-41.19177 Y37.15550 ( rapid move to begin. )
G01 F250.00000
G01 Z-0.20000
G04 P0 ( dwell for no time -- G64 should not smooth over this point )
G01 F500.00000
G01 X-41.19177 Y37.15550
G01 X-41.40186 Y37.38418
G01 X-41.50424 Y36.71702
G01 X-41.82837 Y36.71702
G01 X-41.50427 Y36.71705
G04 P0 ( dwell for no time -- G64 should not smooth over this point )
G00 Z2.00000 ( retract )

G00 X-41.82840 Y36.71702 ( rapid move to begin. )
G01 F250.00000
G01 Z-0.20000
G04 P0 ( dwell for no time -- G64 should not smooth over this point )
G01 F500.00000
G01 X-41.82840 Y36.71702
G01 X-42.15248 Y36.71702
G01 X-42.11049 Y36.87386
G01 X-42.01842 Y37.51105
G01 X-42.33020 Y37.54382
G01 X-42.33020 Y38.33558
G01 X-41.99660 Y38.02304
G04 P0 ( dwell for no time -- G64 should not smooth over this point )
G00 Z2.00000 ( retract )

G00 X-41.99657 Y38.02301 ( rapid move to begin. )
G01 F250.00000
G01 Z-0.20000
G04 P0 ( dwell for no time -- G64 should not smooth over this point )
G01 F500.00000
G01 X-41.99657 Y38.02301
G01 X-41.93223 Y37.96170
G04 P0 ( dwell for no time -- G64 should not smooth over this point )
G00 Z2.00000 ( retract )

G00 X-41.70666 Y37.72301 ( rapid move to begin. )
G01 F250.00000
G01 Z-0.20000
G04 P0 ( dwell for no time -- G64 should not smooth over this point )
G01 F500.00000
G01 X-41.70666 Y37.72301
G01 X-41.93223 Y37.96170
G01 X-41.70666 Y37.71610
G04 P0 ( dwell for no time -- G64 should not smooth over this point )
G00 Z2.00000 ( retract )

G00 X-41.70666 Y37.71608 ( rapid move to begin. )
G01 F250.00000
G01 Z-0.20000
G04 P0 ( dwell for no time -- G64 should not smooth over this point )
G01 F500.00000
G01 X-41.70666 Y37.71608
G01 X-41.93223 Y37.96170
G01 X-41.69388 Y37.70952
G01 X-42.01842 Y38.04267
G01 X-42.01842 Y37.51105
G01 X-41.70666 Y37.47828
G04 P0 ( dwell for no time -- G64 should not smooth over this point )
G00 Z2.00000 ( retract )

G00 X-41.42134 Y37.41862 ( rapid move to begin. )
G01 F250.00000
G01 Z-0.20000
G04 P0 ( dwell for no time -- G64 should not smooth over this point )
G01 F500.00000
G01 X-41.42134 Y37.41862
G01 X-41.19645 Y37.16061
G01 X-41.70666 Y37.72192
G01 X-41.40186 Y37.38418
G01 X-41.70666 Y37.71608
G01 X-41.70666 Y37.47828
G01 X-41.82840 Y36.71702
G01 X-41.70666 Y35.95581
G01 X-41.70666 Y34.93828
G01 X-41.39487 Y34.90552
G01 X-41.49718 Y34.20351
G01 X-41.68923 Y33.52061
G01 X-41.88357 Y33.01431
G01 X-42.21339 Y32.38627
G01 X-42.37270 Y32.16702
G01 X-41.98733 Y32.16702
G04 P0 ( dwell for no time -- G64 should not smooth over this point )
G00 Z2.00000 ( retract )

G00 X-42.37270 Y32.16702 ( rapid move to begin. )
G01 F250.00000
G01 Z-0.20000
G04 P0 ( dwell for no time -- G64 should not smooth over this point )
G01 F500.00000
G01 X-42.37270 Y32.16702
G01 X-42.75809 Y32.16702
G01 X-42.48489 Y32.54301
G01 X-42.16998 Y33.14182
G01 X-41.93571 Y33.77654
G01 X-41.80384 Y34.26869
G01 X-41.70666 Y34.93828
G01 X-42.01842 Y34.97105
G01 X-42.01844 Y35.92304
G01 X-42.11049 Y36.56017
G01 X-42.15248 Y36.71702
G04 P0 ( dwell for no time -- G64 should not smooth over this point )
G00 Z2.00000 ( retract )

G00 X-42.15250 Y36.71702 ( rapid move to begin. )
G01 F250.00000
G01 Z-0.20000
G04 P0 ( dwell for no time -- G64 should not smooth over this point )
G01 F500.00000
G01 X-42.15250 Y36.71702
G01 X-42.47658 Y36.71702
G01 X-42.41715 Y36.49500
G01 X-42.33023 Y35.89028
G01 X-42.33020 Y35.00382
G01 X-42.01842 Y34.97105
G01 X-42.11049 Y34.33386
G01 X-42.23386 Y33.87341
G01 X-42.45636 Y33.26933
G01 X-42.75639 Y32.69978
G01 X-43.14346 Y32.16702
G01 X-42.75809 Y32.16702
G04 P0 ( dwell for no time -- G64 should not smooth over this point )
G00 Z2.00000 ( retract )

G00 X-43.14346 Y32.16702 ( rapid move to begin. )
G01 F250.00000
G01 Z-0.20000
G04 P0 ( dwell for no time -- G64 should not smooth over this point )
G01 F500.00000
G01 X-43.14346 Y32.16702
G01 X-43.52885 Y32.16702
G01 X-43.02789 Y32.85652
G01 X-42.74277 Y33.39686
G01 X-42.53200 Y33.97029
G01 X-42.41712 Y34.39904
G01 X-42.33020 Y35.00382
G01 X-42.64199 Y35.03658
G01 X-42.64201 Y35.85751
G01 X-42.72377 Y36.42982
G01 X-42.80074 Y36.71702
G01 X-42.47658 Y36.71702
G01 X-42.80071 Y36.71702
G01 X-42.72377 Y37.00422
G01 X-42.64199 Y37.57658
G01 X-42.95377 Y37.60935
G01 X-42.95377 Y38.36474
G01 X-43.04615 Y38.96334
G01 X-42.33023 Y38.34097
G01 X-42.67153 Y38.63729
G01 X-42.64201 Y38.39751
G01 X-42.64199 Y37.57658
G01 X-42.33020 Y37.54382
G01 X-42.41712 Y36.93904
G01 X-42.47661 Y36.71705
G04 P0 ( dwell for no time -- G64 should not smooth over this point )
G00 Z2.00000 ( retract )

G00 X-42.80074 Y36.71702 ( rapid move to begin. )
G01 F250.00000
G01 Z-0.20000
G04 P0 ( dwell for no time -- G64 should not smooth over this point )
G01 F500.00000
G01 X-42.80074 Y36.71702
G01 X-43.12481 Y36.71702
G01 X-43.03043 Y36.36465
G01 X-42.95377 Y35.82474
G01 X-42.95377 Y35.06935
G01 X-42.64199 Y35.03658
G01 X-42.72377 Y34.46422
G01 X-42.83017 Y34.06716
G01 X-43.02916 Y33.52437
G01 X-43.29939 Y33.01327
G01 X-43.78194 Y32.34911
G01 X-43.95166 Y32.16702
G01 X-43.52885 Y32.16702
G04 P0 ( dwell for no time -- G64 should not smooth over this point )
G00 Z2.00000 ( retract )

G00 X-43.95166 Y32.16702 ( rapid move to begin. )
G01 F250.00000
G01 Z-0.20000
G04 P0 ( dwell for no time -- G64 should not smooth over this point )
G01 F500.00000
G01 X-43.95166 Y32.16702
G01 X-45.48808 Y32.16712
G01 X-45.19207 Y32.33806
G01 X-44.81381 Y32.63308
G01 X-44.48087 Y32.97842
G01 X-44.11389 Y33.48352
G01 X-43.88834 Y33.90689
G01 X-43.77632 Y34.19874
G01 X-43.64374 Y34.65977
G01 X-43.57734 Y35.13488
G01 X-43.88913 Y35.16765
G01 X-43.88913 Y35.72642
G01 X-43.90660 Y35.89276
G01 X-43.95039 Y36.16909
G01 X-44.02281 Y36.43935
G01 X-44.11996 Y36.71702
G04 P0 ( dwell for no time -- G64 should not smooth over this point )
G00 Z2.00000 ( retract )

G00 X-43.78600 Y36.71702 ( rapid move to begin. )
G01 F250.00000
G01 Z-0.20000
G04 P0 ( dwell for no time -- G64 should not smooth over this point )
G01 F500.00000
G01 X-43.78600 Y36.71702
G01 X-44.11996 Y36.71702
G01 X-44.02281 Y36.99467
G01 X-43.95037 Y37.26495
G01 X-43.88913 Y37.70765
G01 X-44.20091 Y37.74041
G01 X-44.20091 Y38.23365
G01 X-44.25702 Y38.64391
G01 X-44.36223 Y39.00947
G01 X-44.41625 Y39.01084
G01 X-43.71534 Y38.99835
G01 X-44.03863 Y39.00731
G01 X-43.92969 Y39.36652
G01 X-43.87772 Y39.89403
G01 X-43.65872 Y39.67269
G01 X-43.90886 Y39.92550
G01 X-43.60467 Y39.61803
G01 X-43.87569 Y39.90401
G04 P0 ( dwell for no time -- G64 should not smooth over this point )
G00 Z2.00000 ( retract )

G00 X-43.87584 Y39.90416 ( rapid move to begin. )
G01 F250.00000
G01 Z-0.20000
G04 P0 ( dwell for no time -- G64 should not smooth over this point )
G01 F500.00000
G01 X-43.87584 Y39.90416
G01 X-44.18798 Y40.21572
G01 X-43.89751 Y39.92702
G04 P0 ( dwell for no time -- G64 should not smooth over this point )
G00 Z2.00000 ( retract )

G00 X-44.18798 Y40.21752 ( rapid move to begin. )
G01 F250.00000
G01 Z-0.20000
G04 P0 ( dwell for no time -- G64 should not smooth over this point )
G01 F500.00000
G01 X-44.18798 Y40.21752
G01 X-44.50147 Y40.52730
G01 X-43.90886 Y39.92550
G01 X-44.19182 Y39.88801
G01 X-44.18808 Y40.20777
G01 X-44.50149 Y40.52456
G01 X-44.50533 Y39.88801
G01 X-44.19182 Y39.88801
G01 X-44.23716 Y39.42768
G01 X-44.36200 Y39.01608
G01 X-43.89545 Y39.00325
G01 X-44.69629 Y39.02514
G01 X-44.54465 Y39.48885
G01 X-44.50533 Y39.88801
G01 X-44.81498 Y39.92702
G01 X-44.81498 Y40.83847
G01 X-44.50147 Y40.52857
G01 X-45.13164 Y41.15349
G01 X-45.12849 Y39.92702
G01 X-44.81498 Y39.92702
G01 X-44.85212 Y39.55001
G01 X-44.95072 Y39.22499
G01 X-45.04409 Y39.03457
G01 X-44.21427 Y39.00790
G04 P0 ( dwell for no time -- G64 should not smooth over this point )
G00 Z2.00000 ( retract )

G00 X-43.59284 Y39.60391 ( rapid move to begin. )
G01 F250.00000
G01 Z-0.20000
G04 P0 ( dwell for no time -- G64 should not smooth over this point )
G01 F500.00000
G01 X-43.59284 Y39.60391
G01 X-43.65872 Y39.67269
G01 X-43.59281 Y39.60388
G04 P0 ( dwell for no time -- G64 should not smooth over this point )
G00 Z2.00000 ( retract )

G00 X-43.58161 Y39.59052 ( rapid move to begin. )
G01 F250.00000
G01 Z-0.20000
G04 P0 ( dwell for no time -- G64 should not smooth over this point )
G01 F500.00000
G01 X-43.58161 Y39.59052
G01 X-43.60467 Y39.61803
G01 X-43.31885 Y39.27701
G04 P0 ( dwell for no time -- G64 should not smooth over this point )
G00 Z2.00000 ( retract )

G00 X-43.31229 Y39.26916 ( rapid move to begin. )
G01 F250.00000
G01 Z-0.20000
G04 P0 ( dwell for no time -- G64 should not smooth over this point )
G01 F500.00000
G01 X-43.31229 Y39.26916
G01 X-43.39007 Y38.99586
G01 X-43.37892 Y38.99568
G01 X-43.70376 Y38.99824
G01 X-43.64374 Y38.77429
G01 X-43.57734 Y38.29919
G01 X-43.57734 Y37.67488
G01 X-43.26556 Y37.64211
G01 X-43.33708 Y37.13460
G01 X-43.45374 Y36.71705
G01 X-43.33708 Y36.29947
G01 X-43.28306 Y35.95830
G01 X-43.26556 Y35.79198
G01 X-43.26556 Y35.10211
G01 X-42.95377 Y35.06935
G01 X-43.03043 Y34.52942
G01 X-43.12832 Y34.16404
G01 X-43.31554 Y33.65187
G01 X-43.57089 Y33.17004
G01 X-44.01493 Y32.55886
G01 X-44.39428 Y32.16714
G01 X-44.89395 Y32.16712
G01 X-44.60406 Y32.40011
G01 X-44.24790 Y32.76864
G01 X-43.84239 Y33.32678
G01 X-43.60195 Y33.77938
G01 X-43.47815 Y34.10186
G01 X-43.33708 Y34.59460
G01 X-43.26556 Y35.10211
G01 X-43.57734 Y35.13488
G01 X-43.57734 Y35.75919
G01 X-43.59484 Y35.92553
G01 X-43.64374 Y36.23429
G01 X-43.78600 Y36.71702
G01 X-43.45372 Y36.71702
G04 P0 ( dwell for no time -- G64 should not smooth over this point )
G00 Z2.00000 ( retract )

G00 X-43.12484 Y36.71705 ( rapid move to begin. )
G01 F250.00000
G01 Z-0.20000
G04 P0 ( dwell for no time -- G64 should not smooth over this point )
G01 F500.00000
G01 X-43.12484 Y36.71705
G01 X-43.45372 Y36.71702
G01 X-43.12481 Y36.71702
G01 X-43.03043 Y37.06942
G01 X-42.95377 Y37.60935
G01 X-43.26556 Y37.64211
G01 X-43.26556 Y38.33198
G01 X-43.33708 Y38.83947
G01 X-43.37892 Y38.99568
G01 X-43.08113 Y38.99337
G04 P0 ( dwell for no time -- G64 should not smooth over this point )
G00 Z2.00000 ( retract )

G00 X-43.04630 Y38.96398 ( rapid move to begin. )
G01 F250.00000
G01 Z-0.20000
G04 P0 ( dwell for no time -- G64 should not smooth over this point )
G01 F500.00000
G01 X-43.04630 Y38.96398
G01 X-43.31885 Y39.27701
G01 X-43.04577 Y38.96352
G04 P0 ( dwell for no time -- G64 should not smooth over this point )
G00 Z2.00000 ( retract )

G00 X-43.04574 Y38.96350 ( rapid move to begin. )
G01 F250.00000
G01 Z-0.20000
G04 P0 ( dwell for no time -- G64 should not smooth over this point )
G01 F500.00000
G01 X-43.04574 Y38.96350
G01 X-43.08113 Y38.99337
G01 X-43.04602 Y38.96286
G04 P0 ( dwell for no time -- G64 should not smooth over this point )
G00 Z2.00000 ( retract )

G00 X-42.67429 Y38.64999 ( rapid move to begin. )
G01 F250.00000
G01 Z-0.20000
G04 P0 ( dwell for no time -- G64 should not smooth over this point )
G01 F500.00000
G01 X-42.67429 Y38.64999
G01 X-42.67295 Y38.64884
G04 P0 ( dwell for no time -- G64 should not smooth over this point )
G00 Z2.00000 ( retract )

G00 X-42.32555 Y38.33652 ( rapid move to begin. )
G01 F250.00000
G01 Z-0.20000
G04 P0 ( dwell for no time -- G64 should not smooth over this point )
G01 F500.00000
G01 X-42.32555 Y38.33652
G01 X-42.40142 Y38.40249
G01 X-42.01842 Y38.04351
G01 X-42.32553 Y38.33652
G04 P0 ( dwell for no time -- G64 should not smooth over this point )
G00 Z2.00000 ( retract )

G00 X-43.45374 Y36.71705 ( rapid move to begin. )
G01 F250.00000
G01 Z-0.20000
G04 P0 ( dwell for no time -- G64 should not smooth over this point )
G01 F500.00000
G01 X-43.45374 Y36.71705
G01 X-43.78600 Y36.71702
G01 X-43.64374 Y37.19977
G01 X-43.57734 Y37.67488
G01 X-43.88913 Y37.70765
G01 X-43.88913 Y38.26642
G01 X-43.90660 Y38.43276
G01 X-43.95039 Y38.70909
G01 X-44.03012 Y39.00188
G01 X-44.35476 Y39.00993
G01 X-43.70401 Y38.99824
G04 P0 ( dwell for no time -- G64 should not smooth over this point )
G00 Z2.00000 ( retract )

G00 X-43.70376 Y38.99824 ( rapid move to begin. )
G01 F250.00000
G01 Z-0.20000
G04 P0 ( dwell for no time -- G64 should not smooth over this point )
G01 F500.00000
G01 X-43.70376 Y38.99824
G01 X-43.88001 Y39.00302
G01 X-43.39149 Y38.99578
G04 P0 ( dwell for no time -- G64 should not smooth over this point )
G00 Z2.00000 ( retract )

G00 X-43.39007 Y38.99578 ( rapid move to begin. )
G01 F250.00000
G01 Z-0.20000
G04 P0 ( dwell for no time -- G64 should not smooth over this point )
G01 F500.00000
G01 X-43.39007 Y38.99578
G01 X-43.71463 Y39.00061
G01 X-43.62222 Y39.30536
G01 X-43.59294 Y39.60259
G01 X-43.58168 Y39.59060
G04 P0 ( dwell for no time -- G64 should not smooth over this point )
G00 Z2.00000 ( retract )

G00 X-44.21308 Y39.00787 ( rapid move to begin. )
G01 F250.00000
G01 Z-0.20000
G04 P0 ( dwell for no time -- G64 should not smooth over this point )
G01 F500.00000
G01 X-44.21308 Y39.00787
G01 X-44.03924 Y39.00531
G01 X-44.35494 Y39.00995
G04 P0 ( dwell for no time -- G64 should not smooth over this point )
G00 Z2.00000 ( retract )

G00 X-44.41671 Y39.01084 ( rapid move to begin. )
G01 F250.00000
G01 Z-0.20000
G04 P0 ( dwell for no time -- G64 should not smooth over this point )
G01 F500.00000
G01 X-44.41671 Y39.01084
G01 X-44.36380 Y39.01016
G01 X-44.53733 Y39.01448
G01 X-44.41684 Y39.01084
G04 P0 ( dwell for no time -- G64 should not smooth over this point )
G00 Z2.00000 ( retract )

G00 X-44.35560 Y39.00995 ( rapid move to begin. )
G01 F250.00000
G01 Z-0.20000
G04 P0 ( dwell for no time -- G64 should not smooth over this point )
G01 F500.00000
G01 X-44.35560 Y39.00995
G01 X-45.39263 Y39.04402
G01 X-45.24036 Y39.34498
G01 X-45.15958 Y39.61117
G01 X-45.12849 Y39.92702
G01 X-45.44198 Y39.92702
G01 X-45.44198 Y41.12702
G01 X-45.46708 Y41.38170
G01 X-45.49265 Y41.46613
G01 X-45.17114 Y41.19278
G01 X-44.50147 Y40.53101
G04 P0 ( dwell for no time -- G64 should not smooth over this point )
G00 Z2.00000 ( retract )

G00 X-45.13022 Y41.15801 ( rapid move to begin. )
G01 F250.00000
G01 Z-0.20000
G04 P0 ( dwell for no time -- G64 should not smooth over this point )
G01 F500.00000
G01 X-45.13022 Y41.15801
G01 X-45.09751 Y41.12702
G04 P0 ( dwell for no time -- G64 should not smooth over this point )
G00 Z2.00000 ( retract )

G00 X-44.81498 Y40.84452 ( rapid move to begin. )
G01 F250.00000
G01 Z-0.20000
G04 P0 ( dwell for no time -- G64 should not smooth over this point )
G01 F500.00000
G01 X-44.81498 Y40.84452
G01 X-44.79746 Y40.82372
G01 X-45.17058 Y41.19232
G01 X-44.81498 Y40.84107
G01 X-45.16766 Y41.18983
G01 X-45.13040 Y41.15816
G04 P0 ( dwell for no time -- G64 should not smooth over this point )
G00 Z2.00000 ( retract )

G00 X-45.13164 Y41.15935 ( rapid move to begin. )
G01 F250.00000
G01 Z-0.20000
G04 P0 ( dwell for no time -- G64 should not smooth over this point )
G01 F500.00000
G01 X-45.13164 Y41.15935
G01 X-45.16349 Y41.18643
G01 X-45.13185 Y41.15953
G04 P0 ( dwell for no time -- G64 should not smooth over this point )
G00 Z2.00000 ( retract )

G00 X-45.25278 Y41.27401 ( rapid move to begin. )
G01 F250.00000
G01 Z-0.20000
G04 P0 ( dwell for no time -- G64 should not smooth over this point )
G01 F500.00000
G01 X-45.25278 Y41.27401
G01 X-45.16349 Y41.18643
G01 X-45.51422 Y41.48447
G01 X-45.49268 Y41.46616
G04 P0 ( dwell for no time -- G64 should not smooth over this point )
G00 Z2.00000 ( retract )

G00 X-45.51435 Y41.48455 ( rapid move to begin. )
G01 F250.00000
G01 Z-0.20000
G04 P0 ( dwell for no time -- G64 should not smooth over this point )
G01 F500.00000
G01 X-45.51435 Y41.48455
G01 X-45.49641 Y41.47172
G01 X-46.17459 Y41.96387
G01 X-45.51577 Y41.48579
G04 P0 ( dwell for no time -- G64 should not smooth over this point )
G00 Z2.00000 ( retract )

G00 X-45.55933 Y41.52280 ( rapid move to begin. )
G01 F250.00000
G01 Z-0.20000
G04 P0 ( dwell for no time -- G64 should not smooth over this point )
G01 F500.00000
G01 X-45.55933 Y41.52280
G01 X-46.17459 Y41.96387
G01 X-46.20858 Y41.95800
G01 X-46.07635 Y41.85333
G01 X-45.92268 Y41.67815
G01 X-45.81963 Y41.46911
G01 X-45.77454 Y41.32054
G01 X-45.75549 Y41.12702
G01 X-45.75933 Y39.88801
G01 X-45.44198 Y39.92702
G01 X-45.46708 Y39.67234
G01 X-45.55984 Y39.39283
G01 X-45.66200 Y39.20172
G01 X-45.77454 Y39.06454
G01 X-45.55557 Y39.04843
G04 P0 ( dwell for no time -- G64 should not smooth over this point )
G00 Z2.00000 ( retract )

G00 X-45.54686 Y39.04681 ( rapid move to begin. )
G01 F250.00000
G01 Z-0.20000
G04 P0 ( dwell for no time -- G64 should not smooth over this point )
G01 F500.00000
G01 X-45.54686 Y39.04681
G01 X-45.51805 Y39.04569
G01 X-45.67086 Y39.05158
G01 X-45.54797 Y39.04788
G01 X-45.67086 Y39.05158
G01 X-45.58437 Y39.04922
G04 P0 ( dwell for no time -- G64 should not smooth over this point )
G00 Z2.00000 ( retract )

G00 X-45.58463 Y39.04922 ( rapid move to begin. )
G01 F250.00000
G01 Z-0.20000
G04 P0 ( dwell for no time -- G64 should not smooth over this point )
G01 F500.00000
G01 X-45.58463 Y39.04922
G01 X-46.12885 Y39.09060
G01 X-45.77556 Y39.06025
G01 X-45.84576 Y39.06609
G01 X-45.77693 Y39.06164
G01 X-45.82133 Y39.06451
G04 P0 ( dwell for no time -- G64 should not smooth over this point )
G00 Z2.00000 ( retract )

G00 X-46.38338 Y37.96977 ( rapid move to begin. )
G01 F250.00000
G01 Z-0.20000
G04 P0 ( dwell for no time -- G64 should not smooth over this point )
G01 F500.00000
G01 X-46.38338 Y37.96977
G01 X-46.40357 Y38.18765
G01 X-46.47375 Y38.39492
G01 X-46.56679 Y38.55423
G01 X-46.71521 Y38.71503
G01 X-46.88038 Y38.83058
G01 X-47.04929 Y38.90480
G01 X-47.22956 Y38.94404
G01 X-47.34749 Y38.95202
G01 X-49.04835 Y38.94673
G01 X-49.24568 Y38.90480
G01 X-49.41459 Y38.83058
G01 X-49.59404 Y38.70340
G01 X-49.67545 Y38.61201
G01 X-66.24994 Y38.61122
G01 X-66.37923 Y38.59530
G01 X-66.50290 Y38.55448
G01 X-66.69200 Y38.42812
G01 X-68.89027 Y36.23097
G01 X-73.86308 Y36.23097
G01 X-74.37248 Y36.74039
G01 X-74.37248 Y37.16132
G01 X-74.20692 Y37.34491
G01 X-74.11025 Y37.51417
G01 X-74.04197 Y37.73305
G01 X-74.02249 Y37.92702
G01 X-74.04197 Y38.12098
G01 X-74.11807 Y38.35524
G01 X-74.21635 Y38.52362
G01 X-74.35833 Y38.68130
G01 X-74.51551 Y38.79662
G01 X-74.70771 Y38.88615
G01 X-74.94863 Y38.93736
G01 X-75.16064 Y38.93375
G01 X-75.35114 Y38.89233
G01 X-75.55947 Y38.79662
G01 X-75.71665 Y38.68130
G01 X-75.84776 Y38.53703
G01 X-75.96473 Y38.33985
G01 X-76.03300 Y38.12098
G01 X-76.05249 Y37.92702
G01 X-76.03300 Y37.73305
G01 X-75.97093 Y37.53030
G01 X-75.85863 Y37.33040
G01 X-75.70250 Y37.16132
G01 X-75.69209 Y36.35121
G01 X-75.65731 Y36.22568
G01 X-75.59874 Y36.10938
G01 X-75.50771 Y35.99469
G01 X-74.59676 Y35.08487
G01 X-74.49409 Y35.00473
G01 X-74.37776 Y34.94613
G01 X-74.25224 Y34.91138
G01 X-74.13852 Y34.90097
G01 X-68.61481 Y34.90097
G01 X-68.46937 Y34.91768
G01 X-68.25926 Y35.00473
G01 X-68.14460 Y35.09574
G01 X-65.95832 Y37.28202
G01 X-49.60535 Y37.28202
G01 X-49.41459 Y37.14343
G01 X-49.24568 Y37.06924
G01 X-49.06542 Y37.03000
G01 X-47.34749 Y37.02200
G01 X-47.22956 Y37.03000
G01 X-47.03316 Y37.07541
G01 X-46.85051 Y37.16071
G01 X-46.70177 Y37.26988
G01 X-46.56679 Y37.41979
G01 X-46.46591 Y37.59451
G01 X-46.40357 Y37.78636
G01 X-46.38338 Y37.96977
G01 X-46.07160 Y37.93701
G01 X-46.09692 Y38.25283
G01 X-46.16156 Y38.46027
G01 X-46.31315 Y38.73850
G01 X-46.49202 Y38.93713
G01 X-46.66624 Y39.06695
G01 X-46.90566 Y39.18501
G01 X-47.18114 Y39.25009
G01 X-46.74749 Y39.24851
G01 X-46.61513 Y39.26154
G01 X-46.45326 Y39.31864
G01 X-46.29801 Y39.42237
G01 X-46.18333 Y39.55006
G01 X-46.08204 Y39.79464
G01 X-46.06898 Y39.92702
G01 X-46.38249 Y39.92702
G01 X-46.38950 Y41.19821
G01 X-46.46451 Y41.35481
G01 X-46.54470 Y41.43050
G01 X-46.67627 Y41.48501
G01 X-49.02590 Y41.48816
G01 X-49.21190 Y41.45440
G01 X-49.38774 Y41.38498
G01 X-49.54667 Y41.28262
G01 X-49.64030 Y41.19202
G01 X-49.87420 Y41.19202
G01 X-49.72160 Y41.41051
G01 X-49.69066 Y41.56751
G01 X-49.71279 Y41.69499
G01 X-49.79140 Y41.83525
G01 X-49.83694 Y41.88076
G01 X-49.94624 Y41.95000
G01 X-50.10468 Y41.98153
G01 X-62.54294 Y41.98153
G01 X-62.71167 Y42.00825
G01 X-62.87418 Y42.06103
G01 X-63.02640 Y42.13860
G01 X-63.16465 Y42.23903
G01 X-63.59026 Y42.65330
G01 X-63.68243 Y42.70027
G01 X-63.80956 Y42.72491
G01 X-63.96877 Y42.69839
G01 X-64.04949 Y42.65681
G01 X-64.12815 Y42.58963
G01 X-64.19955 Y42.48160
G01 X-64.29983 Y42.15437
G01 X-64.39528 Y41.96705
G01 X-64.51883 Y41.79699
G01 X-64.66747 Y41.64835
G01 X-64.83755 Y41.52478
G01 X-65.02485 Y41.42935
G01 X-65.22474 Y41.36441
G01 X-65.43239 Y41.33151
G01 X-65.64260 Y41.33151
G01 X-65.80498 Y41.35318
G01 X-67.12482 Y41.58089
G01 X-70.89850 Y41.58150
G01 X-71.05692 Y41.55000
G01 X-71.19123 Y41.46027
G01 X-71.28097 Y41.32595
G01 X-71.31008 Y41.19202
G01 X-71.48249 Y41.19202
G01 X-71.49504 Y41.38015
G01 X-71.53080 Y41.43367
G01 X-71.61531 Y41.47883
G01 X-73.34749 Y41.48201
G01 X-73.41063 Y41.46946
G01 X-73.48467 Y41.40868
G01 X-73.51249 Y41.31701
G01 X-73.51249 Y39.61701
G01 X-73.49994 Y39.55387
G01 X-73.43916 Y39.47983
G01 X-73.34749 Y39.45202
G01 X-71.61531 Y39.45519
G01 X-71.53080 Y39.50035
G01 X-71.49504 Y39.55387
G01 X-71.48249 Y39.86202
G01 X-71.31249 Y39.86202
G01 X-71.31942 Y39.38681
G01 X-71.26324 Y39.23708
G01 X-71.12519 Y39.10261
G01 X-71.00744 Y39.05204
G01 X-70.85730 Y39.04417
G01 X-69.64386 Y39.20251
G01 X-69.43137 Y39.20251
G01 X-69.22375 Y39.16962
G01 X-69.02385 Y39.10467
G01 X-68.83655 Y39.00924
G01 X-68.66647 Y38.88567
G01 X-68.51783 Y38.73703
G01 X-68.39428 Y38.56698
G01 X-68.25857 Y38.26604
G01 X-68.19261 Y38.15474
G01 X-68.06576 Y38.05474
G01 X-67.91029 Y38.01087
G01 X-67.74986 Y38.02987
G01 X-67.61656 Y38.10267
G01 X-66.94097 Y38.77495
G01 X-66.80272 Y38.87541
G01 X-66.65045 Y38.95298
G01 X-66.48796 Y39.00579
G01 X-66.31923 Y39.03251
G01 X-50.06468 Y39.03251
G01 X-49.90623 Y39.06403
G01 X-49.79694 Y39.13325
G01 X-49.75142 Y39.17876
G01 X-49.67281 Y39.31905
G01 X-49.65068 Y39.44650
G01 X-49.68218 Y39.60495
G01 X-49.87420 Y39.86202
G01 X-49.64030 Y39.86202
G01 X-49.54667 Y39.77142
G01 X-49.38774 Y39.66903
G01 X-49.21190 Y39.59964
G01 X-49.02590 Y39.56586
G01 X-48.61886 Y39.56202
G01 X-48.48503 Y39.54292
G01 X-48.31586 Y39.56202
G01 X-46.74749 Y39.56202
G01 X-46.64533 Y39.57841
G01 X-46.51970 Y39.64404
G01 X-46.42875 Y39.75275
G01 X-46.38950 Y39.85580
G01 X-46.38249 Y39.92702
G04 P0 ( dwell for no time -- G64 should not smooth over this point )
G00 Z2.00000 ( retract )

G00 X-46.23794 Y39.09863 ( rapid move to begin. )
G01 F250.00000
G01 Z-0.20000
G04 P0 ( dwell for no time -- G64 should not smooth over this point )
G01 F500.00000
G01 X-46.23794 Y39.09863
G01 X-46.20375 Y39.09944
G01 X-47.12227 Y39.24272
G01 X-46.99735 Y39.23205
G04 P0 ( dwell for no time -- G64 should not smooth over this point )
G00 Z2.00000 ( retract )

G00 X-47.26387 Y39.25484 ( rapid move to begin. )
G01 F250.00000
G01 Z-0.20000
G04 P0 ( dwell for no time -- G64 should not smooth over this point )
G01 F500.00000
G01 X-47.26387 Y39.25484
G01 X-47.13616 Y39.24391
G01 X-49.09501 Y39.25590
G01 X-47.20967 Y39.25019
G01 X-47.26387 Y39.25484
G01 X-49.31937 Y39.25664
G01 X-49.09501 Y39.25590
G01 X-49.38751 Y39.18468
G01 X-49.31937 Y39.25664
G01 X-49.07393 Y39.25720
G01 X-49.35363 Y39.31661
G01 X-49.38497 Y39.19454
G01 X-49.58442 Y39.00594
G01 X-49.38764 Y39.18427
G01 X-49.58442 Y39.00594
G01 X-49.78502 Y38.85382
G01 X-50.06465 Y38.82227
G01 X-66.28220 Y38.81981
G01 X-50.06465 Y38.82227
G04 P0 ( dwell for no time -- G64 should not smooth over this point )
G00 Z2.00000 ( retract )

G00 X-56.24818 Y32.16702 ( rapid move to begin. )
G01 F250.00000
G01 Z-0.20000
G04 P0 ( dwell for no time -- G64 should not smooth over this point )
G01 F500.00000
G01 X-56.24818 Y32.16702
G01 X-58.56832 Y32.16702
G01 X-56.24800 Y32.16704
G01 X-55.83424 Y32.23402
G01 X-50.25523 Y32.23402
G01 X-50.08091 Y32.16709
G01 X-56.24818 Y32.16702
G01 X-50.08071 Y32.16702
G04 P0 ( dwell for no time -- G64 should not smooth over this point )
G00 Z2.00000 ( retract )

G00 X-46.21427 Y32.16702 ( rapid move to begin. )
G01 F250.00000
G01 Z-0.20000
G04 P0 ( dwell for no time -- G64 should not smooth over this point )
G01 F500.00000
G01 X-46.21427 Y32.16702
G01 X-50.08091 Y32.16709
G01 X-45.48831 Y32.16702
G04 P0 ( dwell for no time -- G64 should not smooth over this point )
G00 Z2.00000 ( retract )

G00 X-44.89413 Y32.16702 ( rapid move to begin. )
G01 F250.00000
G01 Z-0.20000
G04 P0 ( dwell for no time -- G64 should not smooth over this point )
G01 F500.00000
G01 X-44.89413 Y32.16702
G01 X-46.21399 Y32.16712
G01 X-45.86027 Y32.31228
G01 X-45.37635 Y32.59168
G01 X-45.02359 Y32.86605
G01 X-44.71384 Y33.18820
G01 X-44.38539 Y33.64027
G01 X-44.17475 Y34.03440
G01 X-44.07447 Y34.29561
G01 X-43.95037 Y34.72495
G01 X-43.88913 Y35.16765
G01 X-44.20091 Y35.20041
G01 X-44.20091 Y35.69365
G01 X-44.25702 Y36.10391
G01 X-44.37264 Y36.50153
G01 X-44.46855 Y36.71702
G01 X-44.12728 Y36.71702
G04 P0 ( dwell for no time -- G64 should not smooth over this point )
G00 Z2.00000 ( retract )

G00 X-44.46855 Y36.71702 ( rapid move to begin. )
G01 F250.00000
G01 Z-0.20000
G04 P0 ( dwell for no time -- G64 should not smooth over this point )
G01 F500.00000
G01 X-44.46855 Y36.71702
G01 X-44.80988 Y36.71702
G01 X-44.45534 Y36.71705
G01 X-44.32095 Y37.09154
G01 X-44.25702 Y37.33012
G01 X-44.20091 Y37.74041
G01 X-44.51270 Y37.77318
G01 X-44.51270 Y38.20089
G01 X-44.53017 Y38.36721
G01 X-44.56367 Y38.57874
G01 X-44.70368 Y39.01818
G01 X-44.46169 Y39.01201
G04 P0 ( dwell for no time -- G64 should not smooth over this point )
G00 Z2.00000 ( retract )

G00 X-44.53733 Y39.01448 ( rapid move to begin. )
G01 F250.00000
G01 Z-0.20000
G04 P0 ( dwell for no time -- G64 should not smooth over this point )
G01 F500.00000
G01 X-44.53733 Y39.01448
G01 X-45.55529 Y39.04843
G01 X-44.53754 Y39.01448
G04 P0 ( dwell for no time -- G64 should not smooth over this point )
G00 Z2.00000 ( retract )

G00 X-44.70411 Y39.01948 ( rapid move to begin. )
G01 F250.00000
G01 Z-0.20000
G04 P0 ( dwell for no time -- G64 should not smooth over this point )
G01 F500.00000
G01 X-44.70411 Y39.01948
G01 X-45.54797 Y39.04788
G01 X-45.04752 Y39.02758
G04 P0 ( dwell for no time -- G64 should not smooth over this point )
G00 Z2.00000 ( retract )

G00 X-45.04902 Y39.02761 ( rapid move to begin. )
G01 F250.00000
G01 Z-0.20000
G04 P0 ( dwell for no time -- G64 should not smooth over this point )
G01 F500.00000
G01 X-45.04902 Y39.02761
G01 X-45.39616 Y39.03708
G01 X-45.05016 Y39.02763
G04 P0 ( dwell for no time -- G64 should not smooth over this point )
G00 Z2.00000 ( retract )

G00 X-45.04808 Y39.02758 ( rapid move to begin. )
G01 F250.00000
G01 Z-0.20000
G04 P0 ( dwell for no time -- G64 should not smooth over this point )
G01 F500.00000
G01 X-45.04808 Y39.02758
G01 X-45.36497 Y39.03507
G01 X-44.70383 Y39.01862
G01 X-45.04874 Y39.02700
G01 X-44.96896 Y38.84777
G01 X-44.87033 Y38.51356
G01 X-44.82448 Y38.16812
G01 X-44.82448 Y37.80594
G01 X-44.51270 Y37.77318
G01 X-44.56367 Y37.39530
G01 X-44.61910 Y37.18842
G01 X-44.74754 Y36.82944
G01 X-44.80480 Y36.71705
G01 X-45.16149 Y36.71702
G01 X-44.96896 Y36.30777
G01 X-44.87033 Y35.97356
G01 X-44.82448 Y35.62812
G01 X-44.82448 Y35.26594
G01 X-44.51270 Y35.23318
G01 X-44.56367 Y34.85530
G01 X-44.61910 Y34.64842
G01 X-44.74754 Y34.28944
G01 X-44.92839 Y33.95378
G01 X-45.17980 Y33.60773
G01 X-45.44315 Y33.33201
G01 X-45.74488 Y33.09894
G01 X-46.11531 Y32.88507
G01 X-46.26809 Y32.81705
G01 X-46.46801 Y32.74029
G01 X-46.83847 Y32.65010
G01 X-47.34749 Y32.60100
G01 X-49.03110 Y32.60539
G01 X-49.45650 Y32.65010
G01 X-49.62008 Y32.68487
G01 X-49.82696 Y32.74029
G01 X-50.12564 Y32.86102
G01 X-55.88466 Y32.86102
G01 X-57.04315 Y32.67349
G01 X-57.44909 Y32.63511
G01 X-57.60589 Y32.63511
G01 X-58.03126 Y32.67984
G01 X-58.39151 Y32.76785
G01 X-58.59143 Y32.84461
G01 X-58.92549 Y33.00560
G01 X-59.23195 Y33.21441
G01 X-59.55699 Y33.50857
G01 X-59.55803 Y33.08848
G01 X-59.28937 Y32.86861
G01 X-59.08224 Y32.73410
G01 X-58.86217 Y32.62198
G01 X-58.48839 Y32.46971
G01 X-58.09646 Y32.37319
G01 X-57.60589 Y32.32163
G01 X-57.44909 Y32.32163
G01 X-56.99304 Y32.36402
G01 X-55.85946 Y32.54751
G01 X-50.19226 Y32.54751
G01 X-49.92384 Y32.44215
G01 X-49.68528 Y32.37822
G01 X-49.52168 Y32.34344
G01 X-49.03110 Y32.29188
G01 X-47.34749 Y32.28751
G01 X-46.77330 Y32.34344
G01 X-46.37114 Y32.44215
G01 X-45.98780 Y32.59866
G01 X-45.56060 Y32.84530
G01 X-45.23337 Y33.09904
G01 X-44.94683 Y33.39795
G01 X-44.65689 Y33.79704
G01 X-44.46113 Y34.16191
G01 X-44.32095 Y34.55154
G01 X-44.25702 Y34.79012
G01 X-44.20091 Y35.20041
G01 X-44.51270 Y35.23318
G01 X-44.51270 Y35.66089
G01 X-44.56367 Y36.03874
G01 X-44.67079 Y36.40465
G01 X-44.80988 Y36.71702
G04 P0 ( dwell for no time -- G64 should not smooth over this point )
G00 Z2.00000 ( retract )

G00 X-45.16146 Y36.71702 ( rapid move to begin. )
G01 F250.00000
G01 Z-0.20000
G04 P0 ( dwell for no time -- G64 should not smooth over this point )
G01 F500.00000
G01 X-45.16146 Y36.71702
G01 X-45.03393 Y36.95695
G01 X-44.91727 Y37.28529
G01 X-44.87033 Y37.46048
G01 X-44.82448 Y37.80594
G01 X-45.13627 Y37.83871
G01 X-45.13627 Y38.13536
G01 X-45.17698 Y38.44839
G01 X-45.26710 Y38.75090
G01 X-45.39616 Y39.03708
G01 X-45.43492 Y39.03957
G01 X-45.39634 Y39.03675
G04 P0 ( dwell for no time -- G64 should not smooth over this point )
G00 Z2.00000 ( retract )

G00 X-45.51785 Y39.04567 ( rapid move to begin. )
G01 F250.00000
G01 Z-0.20000
G04 P0 ( dwell for no time -- G64 should not smooth over this point )
G01 F500.00000
G01 X-45.51785 Y39.04567
G01 X-45.39420 Y39.04092
G01 X-45.77556 Y39.06025
G01 X-45.65925 Y38.86517
G01 X-45.56525 Y38.65402
G01 X-45.51358 Y38.49497
G01 X-45.46553 Y38.26891
G01 X-45.44805 Y37.87148
G01 X-45.13627 Y37.83871
G01 X-45.17698 Y37.52565
G01 X-45.26710 Y37.22311
G01 X-45.38775 Y36.95212
G01 X-45.53693 Y36.71702
G01 X-45.93278 Y36.71702
G01 X-45.74289 Y36.47000
G01 X-45.65925 Y36.32517
G01 X-45.56525 Y36.11402
G01 X-45.48364 Y35.84321
G01 X-45.46553 Y35.72891
G01 X-45.44805 Y35.33147
G01 X-45.13627 Y35.29871
G01 X-45.17698 Y34.98565
G01 X-45.32034 Y34.54446
G01 X-45.47139 Y34.26727
G01 X-45.64574 Y34.02729
G01 X-45.75765 Y33.90298
G01 X-45.86268 Y33.79798
G01 X-46.11343 Y33.60618
G01 X-46.37033 Y33.45787
G01 X-46.66179 Y33.33661
G01 X-46.96883 Y33.26338
G01 X-47.34749 Y33.22800
G01 X-49.03110 Y33.23239
G01 X-49.32615 Y33.26338
G01 X-49.63318 Y33.33661
G01 X-49.97687 Y33.48802
G01 X-55.93508 Y33.48802
G01 X-57.14333 Y33.29244
G01 X-57.44909 Y33.26211
G01 X-57.60589 Y33.26211
G01 X-57.90091 Y33.29313
G01 X-58.19773 Y33.36417
G01 X-58.61198 Y33.54860
G01 X-58.86339 Y33.72165
G01 X-59.08386 Y33.92015
G01 X-59.28224 Y34.15210
G01 X-59.44155 Y34.41245
G01 X-59.55414 Y34.66254
G01 X-59.55577 Y33.99858
G01 X-59.31683 Y33.71040
G01 X-59.04767 Y33.46803
G01 X-58.76873 Y33.27710
G01 X-58.29463 Y33.06602
G01 X-57.96609 Y32.98647
G01 X-57.60589 Y32.94862
G01 X-57.44909 Y32.94862
G01 X-57.09324 Y32.98297
G01 X-55.90985 Y33.17451
G01 X-50.05744 Y33.17451
G01 X-49.73008 Y33.03846
G01 X-49.55490 Y32.99153
G01 X-49.39132 Y32.95675
G01 X-49.03110 Y32.91888
G01 X-47.34749 Y32.91451
G01 X-46.90365 Y32.95675
G01 X-46.56491 Y33.03846
G01 X-46.24282 Y33.17146
G01 X-45.92915 Y33.35256
G01 X-45.79385 Y33.45086
G01 X-45.65290 Y33.56498
G01 X-45.41277 Y33.81751
G01 X-45.19989 Y34.11052
G01 X-45.03393 Y34.41695
G01 X-44.87033 Y34.92048
G01 X-44.82448 Y35.26594
G01 X-45.13627 Y35.29871
G01 X-45.13627 Y35.59536
G01 X-45.15374 Y35.76167
G01 X-45.21541 Y36.05184
G01 X-45.26710 Y36.21090
G01 X-45.38775 Y36.48192
G01 X-45.53002 Y36.71702
G01 X-45.16149 Y36.71702
G04 P0 ( dwell for no time -- G64 should not smooth over this point )
G00 Z2.00000 ( retract )

G00 X-45.53002 Y36.71702 ( rapid move to begin. )
G01 F250.00000
G01 Z-0.20000
G04 P0 ( dwell for no time -- G64 should not smooth over this point )
G01 F500.00000
G01 X-45.53002 Y36.71702
G01 X-45.53693 Y36.71702
G04 P0 ( dwell for no time -- G64 should not smooth over this point )
G00 Z2.00000 ( retract )

G00 X-46.38338 Y35.42977 ( rapid move to begin. )
G01 F250.00000
G01 Z-0.20000
G04 P0 ( dwell for no time -- G64 should not smooth over this point )
G01 F500.00000
G01 X-46.38338 Y35.42977
G01 X-46.40357 Y35.24636
G01 X-46.46591 Y35.05451
G01 X-46.56679 Y34.87979
G01 X-46.68955 Y34.74207
G01 X-46.85051 Y34.62071
G01 X-47.03316 Y34.53541
G01 X-47.26387 Y34.48639
G01 X-49.06542 Y34.49000
G01 X-49.24568 Y34.52924
G01 X-49.41459 Y34.60343
G01 X-49.60535 Y34.74202
G01 X-56.03591 Y34.74202
G01 X-57.41478 Y34.51972
G01 X-57.62313 Y34.51702
G01 X-57.81023 Y34.55680
G01 X-57.96959 Y34.62675
G01 X-58.15196 Y34.75924
G01 X-58.26774 Y34.88918
G01 X-58.36339 Y35.05484
G01 X-58.41803 Y35.22010
G01 X-58.44249 Y35.42700
G01 X-58.41803 Y35.63394
G01 X-58.36339 Y35.79917
G01 X-58.26774 Y35.96482
G01 X-58.15196 Y36.09477
G01 X-57.96959 Y36.22726
G01 X-57.81023 Y36.29723
G01 X-57.62313 Y36.33701
G01 X-57.33871 Y36.32248
G01 X-56.03228 Y36.07201
G01 X-49.67545 Y36.07201
G01 X-49.59404 Y36.16340
G01 X-49.41459 Y36.29058
G01 X-49.24568 Y36.36480
G01 X-49.04835 Y36.40673
G01 X-47.24663 Y36.40673
G01 X-47.04929 Y36.36480
G01 X-46.88038 Y36.29058
G01 X-46.70177 Y36.16416
G01 X-46.57767 Y36.02766
G01 X-46.47375 Y35.85492
G01 X-46.40804 Y35.66434
G01 X-46.38338 Y35.42977
G01 X-45.75984 Y35.36424
G01 X-45.79027 Y35.11601
G01 X-45.86342 Y34.87687
G01 X-46.01437 Y34.58078
G01 X-46.11170 Y34.44682
G01 X-46.28224 Y34.26391
G01 X-46.48196 Y34.11344
G01 X-46.62534 Y34.03066
G01 X-46.85554 Y33.93293
G01 X-47.09920 Y33.87669
G01 X-47.34749 Y33.85500
G01 X-49.03110 Y33.85939
G01 X-49.19577 Y33.87669
G01 X-49.43943 Y33.93293
G01 X-49.66963 Y34.03066
G01 X-49.81517 Y34.11502
G01 X-55.98550 Y34.11502
G01 X-57.28443 Y33.90643
G01 X-57.60589 Y33.88911
G01 X-57.77056 Y33.90643
G01 X-58.00398 Y33.96048
G01 X-58.29850 Y34.09160
G01 X-58.49486 Y34.22891
G01 X-58.72283 Y34.45622
G01 X-58.82014 Y34.59018
G01 X-58.93616 Y34.79983
G01 X-59.01434 Y35.02634
G01 X-59.06514 Y35.34423
G01 X-59.04876 Y35.66574
G01 X-59.01434 Y35.82769
G01 X-58.93616 Y36.05421
G01 X-58.77500 Y36.33338
G01 X-58.61790 Y36.51433
G01 X-58.44790 Y36.65372
G01 X-58.03703 Y36.76416
G01 X-57.60589 Y36.80996
G01 X-57.31513 Y36.80292
G01 X-55.97480 Y36.67701
G01 X-57.37107 Y36.80292
G01 X-57.31513 Y36.80292
G04 P0 ( dwell for no time -- G64 should not smooth over this point )
G00 Z2.00000 ( retract )

G00 X-59.55313 Y35.10816 ( rapid move to begin. )
G01 F250.00000
G01 Z-0.20000
G04 P0 ( dwell for no time -- G64 should not smooth over this point )
G01 F500.00000
G01 X-59.55313 Y35.10816
G01 X-59.55420 Y34.66371
G01 X-59.55412 Y34.68850
G04 P0 ( dwell for no time -- G64 should not smooth over this point )
G00 Z2.00000 ( retract )

G00 X-59.55420 Y34.66371 ( rapid move to begin. )
G01 F250.00000
G01 Z-0.20000
G04 P0 ( dwell for no time -- G64 should not smooth over this point )
G01 F500.00000
G01 X-59.55420 Y34.66371
G01 X-59.55420 Y34.66366
G04 P0 ( dwell for no time -- G64 should not smooth over this point )
G00 Z2.00000 ( retract )

G00 X-59.55427 Y34.66353 ( rapid move to begin. )
G01 F250.00000
G01 Z-0.20000
G04 P0 ( dwell for no time -- G64 should not smooth over this point )
G01 F500.00000
G01 X-59.55427 Y34.66353
G01 X-59.55427 Y34.66348
G04 P0 ( dwell for no time -- G64 should not smooth over this point )
G00 Z2.00000 ( retract )

G00 X-59.55414 Y34.66254 ( rapid move to begin. )
G01 F250.00000
G01 Z-0.20000
G04 P0 ( dwell for no time -- G64 should not smooth over this point )
G01 F500.00000
G01 X-59.55414 Y34.66254
G01 X-59.55412 Y34.68850
G01 X-59.55580 Y33.99861
G01 X-59.55084 Y36.01296
G04 P0 ( dwell for no time -- G64 should not smooth over this point )
G00 Z2.00000 ( retract )

G00 X-59.55084 Y36.06990 ( rapid move to begin. )
G01 F250.00000
G01 Z-0.20000
G04 P0 ( dwell for no time -- G64 should not smooth over this point )
G01 F500.00000
G01 X-59.55084 Y36.06990
G01 X-59.55341 Y35.01136
G01 X-59.55300 Y35.16975
G04 P0 ( dwell for no time -- G64 should not smooth over this point )
G00 Z2.00000 ( retract )

G00 X-59.55287 Y35.20719 ( rapid move to begin. )
G01 F250.00000
G01 Z-0.20000
G04 P0 ( dwell for no time -- G64 should not smooth over this point )
G01 F500.00000
G01 X-59.55287 Y35.20719
G01 X-59.55905 Y32.67705
G01 X-59.23898 Y32.46260
G01 X-58.84645 Y32.27182
G01 X-58.56832 Y32.16702
G01 X-59.34846 Y32.16702
G04 P0 ( dwell for no time -- G64 should not smooth over this point )
G00 Z2.00000 ( retract )

G00 X-59.56037 Y32.16702 ( rapid move to begin. )
G01 F250.00000
G01 Z-0.20000
G04 P0 ( dwell for no time -- G64 should not smooth over this point )
G01 F500.00000
G01 X-59.56037 Y32.16702
G01 X-59.77617 Y32.16702
G04 P0 ( dwell for no time -- G64 should not smooth over this point )
G00 Z2.00000 ( retract )

G00 X-59.55999 Y32.29778 ( rapid move to begin. )
G01 F250.00000
G01 Z-0.20000
G04 P0 ( dwell for no time -- G64 should not smooth over this point )
G01 F500.00000
G01 X-59.55999 Y32.29778
G01 X-59.56037 Y32.16702
G01 X-59.34846 Y32.16702
G01 X-59.55999 Y32.29778
G01 X-59.55905 Y32.67705
G04 P0 ( dwell for no time -- G64 should not smooth over this point )
G00 Z2.00000 ( retract )

G00 X-59.55910 Y32.67707 ( rapid move to begin. )
G01 F250.00000
G01 Z-0.20000
G04 P0 ( dwell for no time -- G64 should not smooth over this point )
G01 F500.00000
G01 X-59.55910 Y32.67707
G01 X-59.56004 Y32.29772
G01 X-59.77617 Y32.16702
G01 X-64.60946 Y32.16702
G01 X-64.19897 Y32.57751
G01 X-63.26361 Y32.57751
G01 X-62.14576 Y32.37992
G01 X-61.65589 Y32.33163
G01 X-61.49910 Y32.33163
G01 X-61.00852 Y32.38317
G01 X-60.61660 Y32.47969
G01 X-60.38602 Y32.56821
G01 X-60.02275 Y32.74410
G01 X-59.68876 Y32.97077
G01 X-59.55831 Y33.08871
G04 P0 ( dwell for no time -- G64 should not smooth over this point )
G00 Z2.00000 ( retract )

G00 X-59.55734 Y33.38561 ( rapid move to begin. )
G01 F250.00000
G01 Z-0.20000
G04 P0 ( dwell for no time -- G64 should not smooth over this point )
G01 F500.00000
G01 X-59.55734 Y33.38561
G01 X-59.55808 Y33.08850
G01 X-59.55597 Y33.99881
G04 P0 ( dwell for no time -- G64 should not smooth over this point )
G00 Z2.00000 ( retract )

G00 X-59.55572 Y34.09465 ( rapid move to begin. )
G01 F250.00000
G01 Z-0.20000
G04 P0 ( dwell for no time -- G64 should not smooth over this point )
G01 F500.00000
G01 X-59.55572 Y34.09465
G01 X-59.55600 Y33.99803
G01 X-59.55427 Y34.66348
G01 X-59.55704 Y33.50892
G01 X-59.55376 Y34.86833
G04 P0 ( dwell for no time -- G64 should not smooth over this point )
G00 Z2.00000 ( retract )

G00 X-59.55361 Y34.92416 ( rapid move to begin. )
G01 F250.00000
G01 Z-0.20000
G04 P0 ( dwell for no time -- G64 should not smooth over this point )
G01 F500.00000
G01 X-59.55361 Y34.92416
G01 X-59.55303 Y35.15426
G01 X-59.55630 Y33.78756
G01 X-59.55580 Y33.99861
G04 P0 ( dwell for no time -- G64 should not smooth over this point )
G00 Z2.00000 ( retract )

G00 X-59.55600 Y33.99803 ( rapid move to begin. )
G01 F250.00000
G01 Z-0.20000
G04 P0 ( dwell for no time -- G64 should not smooth over this point )
G01 F500.00000
G01 X-59.55600 Y33.99803
G01 X-59.55905 Y32.67705
G01 X-59.55724 Y33.50872
G04 P0 ( dwell for no time -- G64 should not smooth over this point )
G00 Z2.00000 ( retract )

G00 X-59.55694 Y33.52670 ( rapid move to begin. )
G01 F250.00000
G01 Z-0.20000
G04 P0 ( dwell for no time -- G64 should not smooth over this point )
G01 F500.00000
G01 X-59.55694 Y33.52670
G01 X-59.55699 Y33.50895
G04 P0 ( dwell for no time -- G64 should not smooth over this point )
G00 Z2.00000 ( retract )

G00 X-59.55704 Y33.50890 ( rapid move to begin. )
G01 F250.00000
G01 Z-0.20000
G04 P0 ( dwell for no time -- G64 should not smooth over this point )
G01 F500.00000
G01 X-59.55704 Y33.50890
G01 X-59.55630 Y33.78756
G04 P0 ( dwell for no time -- G64 should not smooth over this point )
G00 Z2.00000 ( retract )

G00 X-59.55600 Y33.99800 ( rapid move to begin. )
G01 F250.00000
G01 Z-0.20000
G04 P0 ( dwell for no time -- G64 should not smooth over this point )
G01 F500.00000
G01 X-59.55600 Y33.99800
G01 X-59.55084 Y36.06990
G01 X-59.55511 Y34.34494
G01 X-59.55432 Y34.66340
G01 X-59.66344 Y34.42246
G01 X-59.82272 Y34.16211
G01 X-59.91620 Y34.04667
G01 X-60.02112 Y33.93016
G01 X-60.24157 Y33.73166
G01 X-60.49298 Y33.55861
G01 X-60.90723 Y33.37418
G01 X-61.20405 Y33.30313
G01 X-61.49910 Y33.27212
G01 X-61.65589 Y33.27212
G01 X-61.98205 Y33.30605
G01 X-63.18111 Y33.51802
G01 X-64.58853 Y33.51802
G01 X-65.64852 Y32.45802
G01 X-65.82746 Y32.30235
G01 X-66.02998 Y32.16702
G04 P0 ( dwell for no time -- G64 should not smooth over this point )
G00 Z2.00000 ( retract )

G00 X-65.50333 Y32.16702 ( rapid move to begin. )
G01 F250.00000
G01 Z-0.20000
G04 P0 ( dwell for no time -- G64 should not smooth over this point )
G01 F500.00000
G01 X-65.50333 Y32.16702
G01 X-65.05281 Y32.16702
G04 P0 ( dwell for no time -- G64 should not smooth over this point )
G00 Z2.00000 ( retract )

G00 X-64.60946 Y32.16702 ( rapid move to begin. )
G01 F250.00000
G01 Z-0.20000
G04 P0 ( dwell for no time -- G64 should not smooth over this point )
G01 F500.00000
G01 X-64.60946 Y32.16702
G01 X-65.05281 Y32.16702
G01 X-64.32881 Y32.89102
G01 X-63.23610 Y32.89102
G01 X-62.09120 Y32.68863
G01 X-61.65589 Y32.64512
G01 X-61.49910 Y32.64512
G01 X-61.07370 Y32.68982
G01 X-60.71348 Y32.77786
G01 X-60.51355 Y32.85459
G01 X-60.17949 Y33.01560
G01 X-59.87304 Y33.22442
G01 X-59.55727 Y33.50869
G01 X-59.55935 Y32.67725
G01 X-59.86598 Y32.47260
G01 X-60.11528 Y32.34558
G01 X-60.57398 Y32.16702
G04 P0 ( dwell for no time -- G64 should not smooth over this point )
G00 Z2.00000 ( retract )

G00 X-62.74235 Y32.16702 ( rapid move to begin. )
G01 F250.00000
G01 Z-0.20000
G04 P0 ( dwell for no time -- G64 should not smooth over this point )
G01 F500.00000
G01 X-62.74235 Y32.16702
G01 X-63.29109 Y32.26402
G01 X-64.06910 Y32.26402
G01 X-64.16610 Y32.16702
G04 P0 ( dwell for no time -- G64 should not smooth over this point )
G00 Z2.00000 ( retract )

G00 X-60.66250 Y35.43701 ( rapid move to begin. )
G01 F250.00000
G01 Z-0.20000
G04 P0 ( dwell for no time -- G64 should not smooth over this point )
G01 F500.00000
G01 X-60.66250 Y35.43701
G01 X-60.67977 Y35.26383
G01 X-60.74159 Y35.06485
G01 X-60.83723 Y34.89919
G01 X-60.95302 Y34.76925
G01 X-61.13537 Y34.63676
G01 X-61.29473 Y34.56681
G01 X-61.46478 Y34.52972
G01 X-61.69018 Y34.52972
G01 X-63.07113 Y34.77201
G01 X-65.10796 Y34.77201
G01 X-66.54722 Y33.33387
G01 X-66.73632 Y33.20753
G01 X-66.89172 Y33.16038
G01 X-67.00544 Y33.14997
G01 X-75.21736 Y33.14997
G01 X-75.36280 Y33.16668
G01 X-75.57293 Y33.25373
G01 X-75.68759 Y33.34474
G01 X-78.04771 Y35.70486
G01 X-78.12076 Y35.79264
G01 X-78.18494 Y35.90597
G01 X-78.22579 Y36.02964
G01 X-78.24250 Y36.17509
G01 X-78.24250 Y37.16132
G01 X-78.39863 Y37.33040
G01 X-78.49691 Y37.49878
G01 X-78.56584 Y37.69929
G01 X-78.59249 Y37.92702
G01 X-78.56584 Y38.15474
G01 X-78.50473 Y38.33985
G01 X-78.40806 Y38.50914
G01 X-78.25665 Y38.68130
G01 X-78.06960 Y38.81387
G01 X-77.89114 Y38.89233
G01 X-77.66633 Y38.93736
G01 X-77.48863 Y38.93736
G01 X-77.28052 Y38.89680
G01 X-77.05551 Y38.79662
G01 X-76.89833 Y38.68130
G01 X-76.75635 Y38.52362
G01 X-76.65807 Y38.35524
G01 X-76.58914 Y38.15474
G01 X-76.56338 Y37.90978
G01 X-76.58914 Y37.69929
G01 X-76.65025 Y37.51417
G01 X-76.75635 Y37.33040
G01 X-76.91248 Y37.16132
G01 X-76.91248 Y36.45055
G01 X-74.94192 Y34.47997
G01 X-67.28090 Y34.47997
G01 X-65.84163 Y35.91811
G01 X-65.65253 Y36.04448
G01 X-65.52886 Y36.08530
G01 X-65.39957 Y36.10122
G01 X-63.07055 Y36.10201
G01 X-61.76379 Y36.33310
G01 X-61.48185 Y36.34699
G01 X-61.29473 Y36.30724
G01 X-61.13537 Y36.23726
G01 X-60.97865 Y36.12787
G01 X-60.84810 Y35.98827
G01 X-60.73540 Y35.79304
G01 X-60.67977 Y35.61019
G01 X-60.66250 Y35.43701
G01 X-60.03550 Y35.43701
G01 X-60.05623 Y35.19830
G01 X-60.13908 Y34.88723
G01 X-60.20644 Y34.73597
G01 X-60.32999 Y34.53064
G01 X-60.48706 Y34.34971
G01 X-60.61012 Y34.23892
G01 X-60.88035 Y34.06396
G01 X-61.18107 Y33.94903
G01 X-61.49910 Y33.89912
G01 X-61.65589 Y33.89912
G01 X-61.87291 Y33.92350
G01 X-63.12612 Y34.14502
G01 X-64.84824 Y34.14502
G01 X-66.14946 Y32.84918
G01 X-66.35431 Y32.70075
G01 X-66.67801 Y32.56669
G01 X-67.00544 Y32.52297
G01 X-75.21736 Y32.52297
G01 X-75.46884 Y32.55157
G01 X-75.28843 Y32.21406
G01 X-75.57230 Y32.72648
G01 X-75.47113 Y32.54385
G01 X-75.55094 Y32.38121
G01 X-75.71975 Y32.16702
G04 P0 ( dwell for no time -- G64 should not smooth over this point )
G00 Z2.00000 ( retract )

G00 X-75.46884 Y32.55157 ( rapid move to begin. )
G01 F250.00000
G01 Z-0.20000
G04 P0 ( dwell for no time -- G64 should not smooth over this point )
G01 F500.00000
G01 X-75.46884 Y32.55157
G01 X-75.71802 Y32.97778
G01 X-75.45381 Y32.86668
G01 X-75.21736 Y32.83648
G01 X-67.00544 Y32.83648
G01 X-66.86099 Y32.84837
G01 X-66.58855 Y32.93102
G01 X-66.34834 Y33.09153
G01 X-64.97811 Y34.45850
G01 X-63.09864 Y34.45850
G01 X-61.65589 Y34.21263
G01 X-61.39961 Y34.22307
G01 X-61.15109 Y34.28660
G01 X-60.96323 Y34.37311
G01 X-60.79438 Y34.49254
G01 X-60.58361 Y34.71492
G01 X-60.47794 Y34.89272
G01 X-60.38879 Y35.13320
G01 X-60.34899 Y35.43701
G01 X-60.36799 Y35.64296
G01 X-60.43725 Y35.88992
G01 X-60.55633 Y36.11710
G01 X-60.61513 Y36.19802
G01 X-60.79438 Y36.38149
G01 X-60.96323 Y36.50092
G01 X-61.19785 Y36.60539
G01 X-61.39961 Y36.65095
G01 X-61.65589 Y36.66139
G01 X-63.09805 Y36.41552
G01 X-65.38342 Y36.41552
G01 X-65.52784 Y36.40361
G01 X-65.71364 Y36.35685
G01 X-65.88675 Y36.27475
G01 X-66.07531 Y36.12891
G01 X-67.41075 Y34.79348
G01 X-68.00988 Y34.79993
G01 X-68.06474 Y34.78324
G01 X-67.49754 Y35.00305
G01 X-66.17460 Y36.32365
G01 X-65.91542 Y36.53630
G04 P0 ( dwell for no time -- G64 should not smooth over this point )
G00 Z2.00000 ( retract )

G00 X-65.70508 Y36.67069 ( rapid move to begin. )
G01 F250.00000
G01 Z-0.20000
G04 P0 ( dwell for no time -- G64 should not smooth over this point )
G01 F500.00000
G01 X-65.70508 Y36.67069
G01 X-65.38339 Y36.69203
G01 X-63.12229 Y36.69203
G01 X-61.78881 Y36.80798
G01 X-61.36615 Y36.80798
G01 X-61.26019 Y36.79416
G01 X-61.65587 Y36.81496
G04 P0 ( dwell for no time -- G64 should not smooth over this point )
G00 Z2.00000 ( retract )

G00 X-61.20936 Y36.79149 ( rapid move to begin. )
G01 F250.00000
G01 Z-0.20000
G04 P0 ( dwell for no time -- G64 should not smooth over this point )
G01 F500.00000
G01 X-61.20936 Y36.79149
G01 X-61.26019 Y36.79416
G01 X-60.99034 Y36.74829
G01 X-61.07019 Y36.76939
G04 P0 ( dwell for no time -- G64 should not smooth over this point )
G00 Z2.00000 ( retract )

G00 X-60.91340 Y36.73607 ( rapid move to begin. )
G01 F250.00000
G01 Z-0.20000
G04 P0 ( dwell for no time -- G64 should not smooth over this point )
G01 F500.00000
G01 X-60.91340 Y36.73607
G01 X-60.99544 Y36.75141
G01 X-60.63743 Y36.65502
G01 X-60.69877 Y36.67122
G01 X-60.27205 Y36.50691
G01 X-60.16834 Y36.45093
G01 X-60.34937 Y36.53668
G01 X-59.90802 Y36.31044
G01 X-59.55084 Y36.06990
G01 X-59.95722 Y36.33163
G01 X-59.84094 Y36.08370
G01 X-59.74444 Y35.70851
G01 X-59.72199 Y35.43701
G04 P0 ( dwell for no time -- G64 should not smooth over this point )
G00 Z2.00000 ( retract )

G00 X-59.55280 Y35.24423 ( rapid move to begin. )
G01 F250.00000
G01 Z-0.20000
G04 P0 ( dwell for no time -- G64 should not smooth over this point )
G01 F500.00000
G01 X-59.55280 Y35.24423
G01 X-59.55412 Y34.68850
G01 X-59.55084 Y36.06990
G01 X-59.55277 Y35.25675
G01 X-59.55084 Y36.06990
G01 X-59.20284 Y36.30369
G01 X-58.83733 Y36.50092
G01 X-59.04607 Y36.39421
G04 P0 ( dwell for no time -- G64 should not smooth over this point )
G00 Z2.00000 ( retract )

G00 X-58.50451 Y36.63851 ( rapid move to begin. )
G01 F250.00000
G01 Z-0.20000
G04 P0 ( dwell for no time -- G64 should not smooth over this point )
G01 F500.00000
G01 X-58.50451 Y36.63851
G01 X-58.45620 Y36.65283
G01 X-58.83733 Y36.50092
G01 X-59.13730 Y36.34151
G01 X-59.96184 Y36.34151
G01 X-60.27205 Y36.50691
G01 X-60.63743 Y36.65502
G01 X-58.45620 Y36.65283
G01 X-58.41805 Y36.66434
G01 X-58.45366 Y36.65504
G04 P0 ( dwell for no time -- G64 should not smooth over this point )
G00 Z2.00000 ( retract )

G00 X-58.34772 Y36.68946 ( rapid move to begin. )
G01 F250.00000
G01 Z-0.20000
G04 P0 ( dwell for no time -- G64 should not smooth over this point )
G01 F500.00000
G01 X-58.34772 Y36.68946
G01 X-58.27056 Y36.70800
G01 X-58.41805 Y36.66434
G01 X-58.19382 Y36.73081
G01 X-58.24297 Y36.71463
G01 X-57.89654 Y36.78646
G01 X-57.49852 Y36.80734
G01 X-57.69263 Y36.80292
G01 X-58.03703 Y36.76416
G04 P0 ( dwell for no time -- G64 should not smooth over this point )
G00 Z2.00000 ( retract )

G00 X-57.44907 Y36.80996 ( rapid move to begin. )
G01 F250.00000
G01 Z-0.20000
G04 P0 ( dwell for no time -- G64 should not smooth over this point )
G01 F500.00000
G01 X-57.44907 Y36.80996
G01 X-57.49852 Y36.80734
G01 X-57.37107 Y36.80292
G01 X-57.67190 Y36.80292
G01 X-57.96436 Y36.77186
G01 X-58.45852 Y36.65085
G01 X-58.68054 Y36.57074
G01 X-58.94139 Y36.44476
G01 X-59.13885 Y36.33818
G01 X-59.55084 Y36.06990
G01 X-59.55605 Y33.99795
G01 X-59.78813 Y33.72038
G01 X-60.05729 Y33.47804
G01 X-60.18414 Y33.38586
G01 X-60.33624 Y33.28711
G01 X-60.64106 Y33.14100
G01 X-60.98551 Y33.02909
G01 X-61.13888 Y32.99648
G01 X-61.49910 Y32.95863
G01 X-61.65589 Y32.95863
G01 X-62.03661 Y32.99734
G01 X-63.20862 Y33.20450
G01 X-64.45868 Y33.20450
G01 X-65.50333 Y32.16702
G01 X-75.26430 Y32.16702
G01 X-75.28843 Y32.21078
G01 X-67.00544 Y32.20946
G01 X-66.79955 Y32.22439
G01 X-66.58700 Y32.26669
G01 X-66.29297 Y32.37806
G01 X-65.95058 Y32.60687
G01 X-64.71840 Y33.83150
G01 X-63.15363 Y33.83150
G01 X-61.92749 Y33.61479
G01 X-61.65589 Y33.58563
G01 X-61.49910 Y33.58563
G01 X-61.11589 Y33.64238
G01 X-61.00410 Y33.67232
G01 X-60.64975 Y33.83011
G01 X-60.42585 Y33.98528
G01 X-60.25409 Y34.13994
G01 X-60.07637 Y34.34639
G01 X-60.01333 Y34.44341
G01 X-59.93494 Y34.57920
G01 X-59.79247 Y34.93945
G01 X-59.74444 Y35.16551
G01 X-59.72199 Y35.43701
G01 X-60.03550 Y35.43701
G01 X-60.05623 Y35.67572
G01 X-60.09064 Y35.83770
G01 X-60.16880 Y36.06419
G01 X-60.32999 Y36.34339
G01 X-60.48706 Y36.52434
G01 X-60.61945 Y36.63940
G01 X-60.91132 Y36.72741
G01 X-61.28856 Y36.79563
G01 X-61.73918 Y36.80798
G01 X-63.12229 Y36.69203
G01 X-65.48024 Y36.68560
G01 X-65.70508 Y36.67069
G01 X-65.91542 Y36.53630
G01 X-66.13813 Y36.35355
G01 X-67.49754 Y35.00305
G01 X-68.00003 Y34.80831
G01 X-65.82848 Y36.96851
G01 X-49.71332 Y36.96851
G01 X-49.54210 Y36.85705
G01 X-49.38932 Y36.78903
G01 X-49.07057 Y36.71702
G04 P0 ( dwell for no time -- G64 should not smooth over this point )
G00 Z2.00000 ( retract )

G00 X-49.09051 Y36.71702 ( rapid move to begin. )
G01 F250.00000
G01 Z-0.20000
G04 P0 ( dwell for no time -- G64 should not smooth over this point )
G01 F500.00000
G01 X-49.09051 Y36.71702
G01 X-49.34256 Y36.66294
G01 X-49.54210 Y36.57696
G01 X-49.81462 Y36.38550
G01 X-56.00251 Y36.38550
G01 X-57.34963 Y36.64095
G01 X-57.44909 Y36.65141
G01 X-57.70538 Y36.64095
G01 X-57.90711 Y36.59538
G01 X-58.14173 Y36.49093
G01 X-58.31059 Y36.37148
G01 X-58.48983 Y36.18804
G01 X-58.62704 Y35.97133
G01 X-58.66774 Y35.87994
G01 X-58.73698 Y35.63297
G01 X-58.75600 Y35.42700
G01 X-58.73698 Y35.22106
G01 X-58.66774 Y34.97410
G01 X-58.62704 Y34.88271
G01 X-58.48983 Y34.66600
G01 X-58.31059 Y34.48253
G01 X-58.14173 Y34.36310
G01 X-57.90711 Y34.25863
G01 X-57.60589 Y34.20262
G01 X-57.34960 Y34.21309
G01 X-56.01069 Y34.42851
G01 X-49.71332 Y34.42851
G01 X-49.54210 Y34.31705
G01 X-49.34256 Y34.23107
G01 X-49.03110 Y34.17288
G01 X-47.26387 Y34.17288
G01 X-46.95242 Y34.23107
G01 X-46.75287 Y34.31705
G01 X-46.53093 Y34.46536
G01 X-46.45658 Y34.53231
G01 X-46.28587 Y34.73752
G01 X-46.17952 Y34.92698
G01 X-46.09692 Y35.18118
G01 X-46.07160 Y35.39701
G01 X-46.09692 Y35.71283
G01 X-46.16156 Y35.92027
G01 X-46.31315 Y36.19850
G01 X-46.49202 Y36.39713
G01 X-46.75287 Y36.57696
G01 X-46.95242 Y36.66294
G01 X-47.20446 Y36.71702
G04 P0 ( dwell for no time -- G64 should not smooth over this point )
G00 Z2.00000 ( retract )

G00 X-46.39443 Y36.71702 ( rapid move to begin. )
G01 F250.00000
G01 Z-0.20000
G04 P0 ( dwell for no time -- G64 should not smooth over this point )
G01 F500.00000
G01 X-46.39443 Y36.71702
G01 X-46.39446 Y36.71702
G04 P0 ( dwell for no time -- G64 should not smooth over this point )
G00 Z2.00000 ( retract )

G00 X-47.22432 Y36.71702 ( rapid move to begin. )
G01 F250.00000
G01 Z-0.20000
G04 P0 ( dwell for no time -- G64 should not smooth over this point )
G01 F500.00000
G01 X-47.22432 Y36.71702
G01 X-49.79501 Y36.71702
G01 X-49.91812 Y36.67701
G01 X-55.97480 Y36.67701
G01 X-57.35593 Y36.80155
G01 X-57.58275 Y36.80292
G01 X-57.87665 Y36.78118
G01 X-58.18394 Y36.72467
G01 X-58.62133 Y36.59020
G01 X-59.14132 Y36.33300
G01 X-59.26405 Y36.07369
G01 X-59.36055 Y35.69851
G01 X-59.38300 Y35.42700
G01 X-59.36055 Y35.15553
G01 X-59.26405 Y34.78035
G01 X-59.09164 Y34.43343
G01 X-59.02862 Y34.33638
G01 X-58.85089 Y34.12993
G01 X-58.67914 Y33.97529
G01 X-58.45524 Y33.82010
G01 X-58.10086 Y33.66234
G01 X-57.83573 Y33.59978
G01 X-57.44909 Y33.57562
G01 X-57.19342 Y33.60191
G01 X-55.96027 Y33.80151
G01 X-49.89630 Y33.80151
G01 X-49.79714 Y33.74425
G01 X-49.53631 Y33.63476
G01 X-49.26095 Y33.57004
G01 X-49.03110 Y33.54588
G01 X-47.34749 Y33.54151
G01 X-47.03403 Y33.57004
G01 X-46.75867 Y33.63476
G01 X-46.49783 Y33.74425
G01 X-46.07246 Y34.03094
G01 X-45.87873 Y34.23704
G01 X-45.74289 Y34.42403
G01 X-45.60672 Y34.67196
G01 X-45.48364 Y35.05083
G01 X-45.44805 Y35.33147
G01 X-45.75984 Y35.36424
G01 X-45.75984 Y35.52980
G01 X-45.79027 Y35.77801
G01 X-45.86342 Y36.01715
G01 X-45.93075 Y36.16841
G01 X-46.11170 Y36.44720
G01 X-46.28224 Y36.63010
G01 X-46.39446 Y36.71702
G01 X-47.22432 Y36.71702
G01 X-46.95242 Y36.77107
G01 X-46.75287 Y36.85705
G01 X-46.53093 Y37.00536
G01 X-46.45658 Y37.07231
G01 X-46.28587 Y37.27752
G01 X-46.17952 Y37.46698
G01 X-46.09692 Y37.72118
G01 X-46.07160 Y37.93701
G01 X-45.75984 Y37.90424
G01 X-45.79027 Y37.65601
G01 X-45.86342 Y37.41687
G01 X-45.93075 Y37.26561
G01 X-46.11170 Y36.98682
G01 X-46.28224 Y36.80391
G01 X-46.39443 Y36.71702
G01 X-45.93278 Y36.71702
G04 P0 ( dwell for no time -- G64 should not smooth over this point )
G00 Z2.00000 ( retract )

G00 X-45.93276 Y36.71702 ( rapid move to begin. )
G01 F250.00000
G01 Z-0.20000
G04 P0 ( dwell for no time -- G64 should not smooth over this point )
G01 F500.00000
G01 X-45.93276 Y36.71702
G01 X-45.74289 Y36.96403
G01 X-45.60672 Y37.21196
G01 X-45.48364 Y37.59083
G01 X-45.44805 Y37.87148
G01 X-45.75984 Y37.90424
G01 X-45.75984 Y38.06980
G01 X-45.79027 Y38.31801
G01 X-45.86342 Y38.55715
G01 X-46.01437 Y38.85326
G01 X-46.21389 Y39.09662
G01 X-45.84576 Y39.06609
G01 X-46.10357 Y39.08760
G04 P0 ( dwell for no time -- G64 should not smooth over this point )
G00 Z2.00000 ( retract )

G00 X-46.10368 Y39.08763 ( rapid move to begin. )
G01 F250.00000
G01 Z-0.20000
G04 P0 ( dwell for no time -- G64 should not smooth over this point )
G01 F500.00000
G01 X-46.10368 Y39.08763
G01 X-46.20787 Y39.09616
G01 X-46.12885 Y39.09060
G01 X-46.20375 Y39.09944
G01 X-46.07635 Y39.20068
G01 X-45.92268 Y39.37589
G01 X-45.84947 Y39.51282
G01 X-45.77454 Y39.73347
G01 X-45.75933 Y39.88801
G01 X-46.06898 Y39.92702
G01 X-46.06898 Y41.12702
G01 X-46.08204 Y41.25938
G01 X-46.10926 Y41.34914
G01 X-46.18333 Y41.50395
G01 X-46.29801 Y41.63167
G01 X-46.45326 Y41.73537
G01 X-46.61513 Y41.79247
G01 X-46.74749 Y41.80550
G01 X-47.18224 Y41.80390
G01 X-46.95242 Y41.85107
G01 X-46.75287 Y41.93705
G01 X-46.49202 Y42.11688
G01 X-46.34467 Y42.27660
G01 X-46.20449 Y42.49839
G01 X-46.20515 Y42.60791
G01 X-46.20449 Y42.49839
G01 X-46.10871 Y42.34909
G01 X-45.96380 Y42.22511
G01 X-45.79677 Y42.14167
G01 X-45.57619 Y42.09880
G01 X-32.95565 Y42.09852
G01 X-32.67724 Y42.15389
G01 X-32.44122 Y42.31160
G01 X-32.30916 Y42.49969
G01 X-32.31750 Y42.35757
G01 X-32.31183 Y42.55272
G01 X-32.33893 Y41.99204
G01 X-32.30650 Y41.95935
G01 X-31.39299 Y41.81135
G01 X-32.34061 Y41.96390
G01 X-32.33893 Y41.99204
G01 X-32.55727 Y41.86425
G01 X-32.70584 Y41.81919
G01 X-32.95565 Y41.78501
G01 X-45.55933 Y41.78501
G01 X-45.69603 Y41.79466
G01 X-45.87942 Y41.83929
G01 X-46.02445 Y41.89471
G01 X-46.17690 Y41.99372
G01 X-46.17459 Y41.96387
G04 P0 ( dwell for no time -- G64 should not smooth over this point )
G00 Z2.00000 ( retract )

G00 X-46.38338 Y43.04977 ( rapid move to begin. )
G01 F250.00000
G01 Z-0.20000
G04 P0 ( dwell for no time -- G64 should not smooth over this point )
G01 F500.00000
G01 X-46.38338 Y43.04977
G01 X-46.40357 Y43.26765
G01 X-46.45973 Y43.44340
G01 X-46.56679 Y43.63423
G01 X-46.68955 Y43.77195
G01 X-46.85051 Y43.89333
G01 X-47.03316 Y43.97860
G01 X-47.22956 Y44.02404
G01 X-47.34749 Y44.03202
G01 X-49.04835 Y44.02673
G01 X-49.24568 Y43.98480
G01 X-49.41459 Y43.91058
G01 X-49.57977 Y43.79503
G01 X-49.64136 Y43.73202
G01 X-62.18203 Y43.73202
G01 X-64.28726 Y45.83725
G01 X-64.37504 Y45.91030
G01 X-64.48837 Y45.97448
G01 X-64.64377 Y46.02160
G01 X-64.75749 Y46.03201
G01 X-74.69366 Y46.03123
G01 X-74.82292 Y46.01530
G01 X-74.94662 Y45.97448
G01 X-75.05996 Y45.91030
G01 X-75.14771 Y45.83725
G01 X-78.12076 Y42.84947
G01 X-78.19701 Y42.70728
G01 X-78.24158 Y42.48427
G01 X-78.24250 Y41.23271
G01 X-78.39863 Y41.06362
G01 X-78.50473 Y40.87985
G01 X-78.57300 Y40.66098
G01 X-78.59157 Y40.44978
G01 X-78.56584 Y40.23929
G01 X-78.51093 Y40.07030
G01 X-78.39863 Y39.87040
G01 X-78.24324 Y39.70185
G01 X-78.06960 Y39.58016
G01 X-77.90727 Y39.50787
G01 X-77.66633 Y39.45666
G01 X-77.45434 Y39.46027
G01 X-77.26384 Y39.50170
G01 X-77.08538 Y39.58016
G01 X-76.88611 Y39.72494
G01 X-76.75635 Y39.87040
G01 X-76.65025 Y40.05417
G01 X-76.58914 Y40.23929
G01 X-76.56249 Y40.46702
G01 X-76.58914 Y40.69474
G01 X-76.65807 Y40.89524
G01 X-76.75635 Y41.06362
G01 X-76.91248 Y41.23271
G01 X-76.91248 Y42.19156
G01 X-74.40204 Y44.70202
G01 X-65.03295 Y44.70202
G01 X-62.91571 Y42.58592
G01 X-62.72660 Y42.45955
G01 X-62.60293 Y42.41874
G01 X-62.47367 Y42.40281
G01 X-49.64136 Y42.40202
G01 X-49.57977 Y42.33900
G01 X-49.41459 Y42.22343
G01 X-49.24568 Y42.14924
G01 X-49.06542 Y42.11000
G01 X-47.34749 Y42.10200
G01 X-47.22956 Y42.11000
G01 X-47.03316 Y42.15541
G01 X-46.85051 Y42.24071
G01 X-46.70177 Y42.34988
G01 X-46.56679 Y42.49979
G01 X-46.46591 Y42.67451
G01 X-46.40357 Y42.86636
G01 X-46.38338 Y43.04977
G04 P0 ( dwell for no time -- G64 should not smooth over this point )
G00 Z2.00000 ( retract )

G00 X-46.39237 Y43.75511 ( rapid move to begin. )
G01 F250.00000
G01 Z-0.20000
G04 P0 ( dwell for no time -- G64 should not smooth over this point )
G01 F500.00000
G01 X-46.39237 Y43.75511
G01 X-46.76603 Y44.19514
G01 X-46.39237 Y43.75511
G01 X-46.29534 Y43.59249
G01 X-46.22567 Y43.41660
G04 P0 ( dwell for no time -- G64 should not smooth over this point )
G00 Z2.00000 ( retract )

G00 X-46.19047 Y43.27271 ( rapid move to begin. )
G01 F250.00000
G01 Z-0.20000
G04 P0 ( dwell for no time -- G64 should not smooth over this point )
G01 F500.00000
G01 X-46.19047 Y43.27271
G01 X-46.22567 Y43.41660
G01 X-46.18348 Y43.23029
G01 X-46.18099 Y43.18117
G01 X-46.18927 Y43.25592
G01 X-46.17589 Y43.06519
G01 X-46.20515 Y42.60791
G01 X-46.18572 Y42.86351
G01 X-46.20393 Y42.50756
G01 X-46.17690 Y41.99372
G01 X-46.20205 Y42.53969
G01 X-46.17327 Y43.02773
G01 X-46.18572 Y42.86351
G01 X-46.18099 Y43.18117
G01 X-46.17327 Y43.02773
G01 X-46.17327 Y43.10634
G04 P0 ( dwell for no time -- G64 should not smooth over this point )
G00 Z2.00000 ( retract )

G00 X-46.17729 Y41.99397 ( rapid move to begin. )
G01 F250.00000
G01 Z-0.20000
G04 P0 ( dwell for no time -- G64 should not smooth over this point )
G01 F500.00000
G01 X-46.17729 Y41.99397
G01 X-46.20858 Y41.95800
G01 X-46.99735 Y41.82201
G01 X-46.20995 Y41.95907
G01 X-46.99735 Y41.82201
G01 X-47.26387 Y41.79920
G01 X-47.20990 Y41.80380
G01 X-49.13059 Y41.80334
G01 X-49.34256 Y41.85107
G01 X-49.46288 Y41.90177
G01 X-49.51807 Y41.94726
G01 X-49.35711 Y41.79687
G01 X-49.01739 Y41.79722
G01 X-49.27306 Y41.76187
G01 X-49.39813 Y41.72001
G01 X-49.46194 Y41.90088
G01 X-49.75099 Y42.13931
G01 X-49.51807 Y41.94726
G01 X-49.75099 Y42.13931
G01 X-49.93361 Y42.17858
G01 X-50.10468 Y42.19176
G01 X-62.50606 Y42.19422
G01 X-50.10468 Y42.19176
G04 P0 ( dwell for no time -- G64 should not smooth over this point )
G00 Z2.00000 ( retract )

G00 X-49.09051 Y44.33702 ( rapid move to begin. )
G01 F250.00000
G01 Z-0.20000
G04 P0 ( dwell for no time -- G64 should not smooth over this point )
G01 F500.00000
G01 X-49.09051 Y44.33702
G01 X-49.79501 Y44.33702
G01 X-49.85658 Y44.31703
G01 X-59.94307 Y44.31703
G01 X-61.31353 Y44.20207
G01 X-61.73425 Y44.21116
G01 X-61.97347 Y44.23550
G01 X-62.22602 Y44.41723
G01 X-62.43727 Y44.60636
G01 X-62.62851 Y44.81766
G01 X-62.80308 Y45.05719
G01 X-63.02249 Y45.45917
G01 X-63.84390 Y46.28060
G01 X-63.97727 Y46.39498
G01 X-64.19279 Y46.52744
G01 X-64.33623 Y46.58685
G01 X-64.58230 Y46.64560
G01 X-64.76978 Y46.65749
G01 X-65.45909 Y46.59406
G01 X-65.76876 Y46.60212
G01 X-66.15601 Y46.65901
G01 X-74.67748 Y46.65901
G01 X-74.85267 Y46.64560
G01 X-75.09874 Y46.58685
G01 X-75.24217 Y46.52744
G01 X-75.45772 Y46.39498
G01 X-75.59107 Y46.28060
G01 X-78.49106 Y43.38058
G01 X-78.69170 Y43.11815
G01 X-78.82070 Y42.81109
G01 X-78.84745 Y42.46705
G01 X-78.84748 Y39.43050
G01 X-78.84534 Y42.54772
G01 X-78.82876 Y42.74431
G01 X-78.84382 Y40.85199
G01 X-78.76841 Y41.05199
G01 X-78.65228 Y41.24790
G01 X-78.55599 Y41.35874
G01 X-78.55337 Y42.51703
G01 X-78.52355 Y42.71287
G01 X-78.41522 Y42.97037
G01 X-78.26940 Y43.15892
G01 X-75.36940 Y46.05891
G01 X-75.25884 Y46.15264
G01 X-75.09440 Y46.25096
G01 X-74.91393 Y46.31530
G01 X-74.72440 Y46.34321
G01 X-64.75749 Y46.34552
G01 X-64.61304 Y46.33361
G01 X-64.34057 Y46.25096
G01 X-64.10039 Y46.09046
G01 X-62.05218 Y44.04550
G01 X-49.76793 Y44.04553
G01 X-49.62874 Y44.14695
G01 X-49.38932 Y44.26501
G01 X-49.09051 Y44.33702
G01 X-48.23631 Y44.33702
G04 P0 ( dwell for no time -- G64 should not smooth over this point )
G00 Z2.00000 ( retract )

G00 X-46.77655 Y44.20753 ( rapid move to begin. )
G01 F250.00000
G01 Z-0.20000
G04 P0 ( dwell for no time -- G64 should not smooth over this point )
G01 F500.00000
G01 X-46.77655 Y44.20753
G01 X-46.76603 Y44.19514
G01 X-46.95242 Y44.28294
G01 X-47.20446 Y44.33702
G01 X-46.87231 Y44.33705
G01 X-46.77678 Y44.20951
G01 X-46.79298 Y44.33702
G01 X-46.76613 Y44.47875
G01 X-46.87231 Y44.33705
G04 P0 ( dwell for no time -- G64 should not smooth over this point )
G00 Z2.00000 ( retract )

G00 X-46.77660 Y44.46646 ( rapid move to begin. )
G01 F250.00000
G01 Z-0.20000
G04 P0 ( dwell for no time -- G64 should not smooth over this point )
G01 F500.00000
G01 X-46.77660 Y44.46646
G01 X-47.00078 Y44.37812
G01 X-47.16438 Y44.34334
G01 X-47.28262 Y44.33702
G01 X-47.20446 Y44.33702
G04 P0 ( dwell for no time -- G64 should not smooth over this point )
G00 Z2.00000 ( retract )

G00 X-47.28262 Y44.33702 ( rapid move to begin. )
G01 F250.00000
G01 Z-0.20000
G04 P0 ( dwell for no time -- G64 should not smooth over this point )
G01 F500.00000
G01 X-47.28262 Y44.33702
G01 X-49.07057 Y44.33705
G01 X-49.38932 Y44.40903
G01 X-49.54210 Y44.47705
G01 X-49.71332 Y44.58853
G01 X-59.96692 Y44.58851
G01 X-61.24660 Y44.36222
G01 X-61.56587 Y44.34263
G01 X-61.86712 Y44.39864
G01 X-62.05711 Y44.48035
G01 X-62.27060 Y44.62254
G01 X-62.34492 Y44.68947
G01 X-62.48137 Y44.84492
G01 X-62.62772 Y45.11411
G01 X-62.69699 Y45.36107
G01 X-62.71599 Y45.56701
G01 X-62.69699 Y45.77296
G01 X-62.62772 Y46.01992
G01 X-62.48137 Y46.28911
G01 X-62.34492 Y46.44456
G01 X-62.10174 Y46.63092
G01 X-61.91388 Y46.71743
G01 X-61.66537 Y46.78096
G01 X-61.56587 Y46.79140
G01 X-61.24662 Y46.77181
G01 X-59.96634 Y46.54550
G01 X-49.81462 Y46.54552
G01 X-49.54210 Y46.73696
G01 X-49.34256 Y46.82294
G01 X-49.09059 Y46.87702
G01 X-49.86308 Y46.87702
G01 X-49.92462 Y46.85703
G01 X-59.93901 Y46.85703
G01 X-61.21182 Y46.96866
G01 X-61.56587 Y46.97997
G01 X-61.95891 Y46.93821
G01 X-61.56587 Y46.97997
G04 P0 ( dwell for no time -- G64 should not smooth over this point )
G00 Z2.00000 ( retract )

G00 X-62.32734 Y46.85627 ( rapid move to begin. )
G01 F250.00000
G01 Z-0.20000
G04 P0 ( dwell for no time -- G64 should not smooth over this point )
G01 F500.00000
G01 X-62.32734 Y46.85627
G01 X-61.95891 Y46.93821
G01 X-62.34375 Y46.84303
G01 X-62.08312 Y46.91502
G01 X-62.16643 Y46.89950
G01 X-62.40070 Y46.83003
G01 X-62.33001 Y46.85530
G01 X-63.96549 Y46.85502
G01 X-64.79190 Y46.65937
G01 X-64.53447 Y46.67565
G01 X-63.94001 Y46.63679
G01 X-63.64956 Y46.52574
G01 X-63.25091 Y46.13095
G01 X-63.06821 Y45.57235
G01 X-62.87911 Y45.19648
G01 X-62.58368 Y44.77039
G01 X-62.28477 Y44.47299
G01 X-62.57245 Y44.75574
G01 X-62.54522 Y44.72013
G04 P0 ( dwell for no time -- G64 should not smooth over this point )
G00 Z2.00000 ( retract )

G00 X-62.22602 Y44.41723 ( rapid move to begin. )
G01 F250.00000
G01 Z-0.20000
G04 P0 ( dwell for no time -- G64 should not smooth over this point )
G01 F500.00000
G01 X-62.22602 Y44.41723
G01 X-62.28477 Y44.47299
G01 X-61.97347 Y44.23550
G01 X-61.81167 Y44.21525
G01 X-61.97347 Y44.23550
G04 P0 ( dwell for no time -- G64 should not smooth over this point )
G00 Z2.00000 ( retract )

G00 X-61.69773 Y44.20100 ( rapid move to begin. )
G01 F250.00000
G01 Z-0.20000
G04 P0 ( dwell for no time -- G64 should not smooth over this point )
G01 F500.00000
G01 X-61.69773 Y44.20100
G01 X-61.81167 Y44.21525
G01 X-61.40908 Y44.19407
G01 X-61.46809 Y44.19717
G01 X-61.21878 Y44.20509
G01 X-59.94307 Y44.31703
G01 X-61.40908 Y44.19407
G04 P0 ( dwell for no time -- G64 should not smooth over this point )
G00 Z2.00000 ( retract )

G00 X-63.10626 Y45.65830 ( rapid move to begin. )
G01 F250.00000
G01 Z-0.20000
G04 P0 ( dwell for no time -- G64 should not smooth over this point )
G01 F500.00000
G01 X-63.10626 Y45.65830
G01 X-63.13067 Y45.73478
G01 X-63.03400 Y45.48335
G01 X-62.88734 Y45.19468
G01 X-62.72480 Y44.94314
G01 X-62.57245 Y44.75574
G01 X-62.80308 Y45.05719
G01 X-62.93420 Y45.28693
G01 X-63.02259 Y45.46092
G01 X-63.02950 Y45.56701
G01 X-63.00875 Y45.80572
G01 X-62.97433 Y45.96770
G01 X-62.89617 Y46.19419
G01 X-62.73499 Y46.47339
G01 X-62.57791 Y46.65431
G01 X-62.34375 Y46.84303
G01 X-62.48414 Y46.80532
G04 P0 ( dwell for no time -- G64 should not smooth over this point )
G00 Z2.00000 ( retract )

G00 X-62.82406 Y46.66498 ( rapid move to begin. )
G01 F250.00000
G01 Z-0.20000
G04 P0 ( dwell for no time -- G64 should not smooth over this point )
G01 F500.00000
G01 X-62.82406 Y46.66498
G01 X-62.42678 Y46.82071
G01 X-62.66727 Y46.73478
G01 X-62.92704 Y46.60780
G01 X-62.82406 Y46.66498
G01 X-63.07029 Y46.52828
G01 X-63.06265 Y46.54154
G01 X-63.66549 Y46.54151
G01 X-63.30925 Y46.39564
G01 X-63.07029 Y46.52828
G01 X-63.13003 Y46.42482
G01 X-63.24558 Y46.14385
G01 X-63.13067 Y45.73478
G01 X-63.23176 Y46.05124
G01 X-63.30925 Y46.39564
G01 X-63.25091 Y46.13095
G04 P0 ( dwell for no time -- G64 should not smooth over this point )
G00 Z2.00000 ( retract )

G00 X-63.30925 Y46.39564 ( rapid move to begin. )
G01 F250.00000
G01 Z-0.20000
G04 P0 ( dwell for no time -- G64 should not smooth over this point )
G01 F500.00000
G01 X-63.30925 Y46.39564
G01 X-63.75325 Y46.57197
G01 X-63.66549 Y46.54151
G04 P0 ( dwell for no time -- G64 should not smooth over this point )
G00 Z2.00000 ( retract )

G00 X-64.57925 Y46.67717 ( rapid move to begin. )
G01 F250.00000
G01 Z-0.20000
G04 P0 ( dwell for no time -- G64 should not smooth over this point )
G01 F500.00000
G01 X-64.57925 Y46.67717
G01 X-64.37677 Y46.67702
G01 X-63.94001 Y46.63679
G01 X-63.75325 Y46.57197
G01 X-63.94001 Y46.63679
G01 X-64.12076 Y46.66170
G01 X-64.41042 Y46.68012
G01 X-64.78741 Y46.65861
G01 X-64.67839 Y46.67049
G04 P0 ( dwell for no time -- G64 should not smooth over this point )
G00 Z2.00000 ( retract )

G00 X-64.79361 Y46.65901 ( rapid move to begin. )
G01 F250.00000
G01 Z-0.20000
G04 P0 ( dwell for no time -- G64 should not smooth over this point )
G01 F500.00000
G01 X-64.79361 Y46.65901
G01 X-65.40237 Y46.59960
G01 X-65.37656 Y46.60212
G04 P0 ( dwell for no time -- G64 should not smooth over this point )
G00 Z2.00000 ( retract )

G00 X-65.37681 Y46.60212 ( rapid move to begin. )
G01 F250.00000
G01 Z-0.20000
G04 P0 ( dwell for no time -- G64 should not smooth over this point )
G01 F500.00000
G01 X-65.37681 Y46.60212
G01 X-65.66663 Y46.59945
G01 X-65.61588 Y46.59406
G04 P0 ( dwell for no time -- G64 should not smooth over this point )
G00 Z2.00000 ( retract )

G00 X-66.08527 Y46.64397 ( rapid move to begin. )
G01 F250.00000
G01 Z-0.20000
G04 P0 ( dwell for no time -- G64 should not smooth over this point )
G01 F500.00000
G01 X-66.08527 Y46.64397
G01 X-66.12337 Y46.65421
G01 X-65.82876 Y46.61093
G01 X-65.61215 Y46.60212
G01 X-65.92556 Y46.61860
G01 X-66.18502 Y46.67438
G01 X-66.15601 Y46.65901
G04 P0 ( dwell for no time -- G64 should not smooth over this point )
G00 Z2.00000 ( retract )

G00 X-66.24207 Y46.67730 ( rapid move to begin. )
G01 F250.00000
G01 Z-0.20000
G04 P0 ( dwell for no time -- G64 should not smooth over this point )
G01 F500.00000
G01 X-66.24207 Y46.67730
G01 X-66.16274 Y46.66257
G01 X-66.25238 Y46.68888
G01 X-66.18502 Y46.67438
G01 X-66.37801 Y46.77674
G01 X-66.62792 Y46.97971
G01 X-66.78499 Y47.16064
G01 X-66.94618 Y47.43983
G01 X-67.02433 Y47.66635
G01 X-67.05875 Y47.82830
G01 X-67.07948 Y48.06701
G01 X-67.05875 Y48.30574
G01 X-67.02433 Y48.46769
G01 X-66.94618 Y48.69421
G01 X-66.79515 Y48.95609
G01 X-66.35842 Y49.14938
G01 X-65.92406 Y49.25720
G01 X-65.65116 Y49.28697
G01 X-65.97892 Y49.25139
G01 X-65.93866 Y49.25565
G01 X-66.20968 Y49.19579
G01 X-66.05314 Y49.23381
G01 X-66.13569 Y49.21806
G01 X-66.32639 Y49.16068
G01 X-66.25383 Y49.18631
G04 P0 ( dwell for no time -- G64 should not smooth over this point )
G00 Z2.00000 ( retract )

G00 X-66.41062 Y49.13536 ( rapid move to begin. )
G01 F250.00000
G01 Z-0.20000
G04 P0 ( dwell for no time -- G64 should not smooth over this point )
G01 F500.00000
G01 X-66.41062 Y49.13536
G01 X-66.32639 Y49.16068
G01 X-66.64590 Y49.03239
G01 X-66.47920 Y49.10673
G01 X-66.54798 Y49.08248
G01 X-66.79063 Y48.96391
G01 X-66.63742 Y49.04074
G01 X-66.77844 Y48.97501
G01 X-73.72234 Y48.97501
G01 X-78.82548 Y43.87184
G01 X-78.82876 Y42.74431
G01 X-78.75439 Y43.15168
G01 X-78.66630 Y43.42397
G01 X-78.53356 Y43.75094
G01 X-75.71761 Y46.55662
G01 X-75.52259 Y46.72576
G01 X-75.38995 Y46.80392
G01 X-75.18975 Y46.88685
G01 X-74.88340 Y46.95759
G01 X-74.67748 Y46.97252
G01 X-67.02830 Y46.97252
G01 X-66.57300 Y46.77504
G01 X-66.18631 Y46.66843
G01 X-66.49180 Y46.75322
G01 X-66.35868 Y46.71172
G01 X-66.41621 Y46.72411
G01 X-66.75921 Y46.85617
G01 X-66.51425 Y46.75924
G01 X-66.67191 Y46.81573
G01 X-66.57300 Y46.77504
G04 P0 ( dwell for no time -- G64 should not smooth over this point )
G00 Z2.00000 ( retract )

G00 X-67.23322 Y47.08543 ( rapid move to begin. )
G01 F250.00000
G01 Z-0.20000
G04 P0 ( dwell for no time -- G64 should not smooth over this point )
G01 F500.00000
G01 X-67.23322 Y47.08543
G01 X-67.02830 Y46.97252
G01 X-66.67191 Y46.81573
G01 X-67.04001 Y46.97852
G01 X-67.27404 Y47.42035
G01 X-67.32248 Y47.56945
G01 X-67.37054 Y47.79553
G01 X-67.39299 Y48.06701
G01 X-67.37054 Y48.33851
G01 X-67.29319 Y48.65245
G01 X-67.32225 Y48.63351
G01 X-67.26922 Y48.67526
G01 X-67.67483 Y48.35581
G01 X-67.39284 Y48.58751
G04 P0 ( dwell for no time -- G64 should not smooth over this point )
G00 Z2.00000 ( retract )

G00 X-67.68476 Y48.34801 ( rapid move to begin. )
G01 F250.00000
G01 Z-0.20000
G04 P0 ( dwell for no time -- G64 should not smooth over this point )
G01 F500.00000
G01 X-67.68476 Y48.34801
G01 X-73.46263 Y48.34801
G01 X-74.52457 Y47.28604
G01 X-73.76773 Y47.59952
G04 P0 ( dwell for no time -- G64 should not smooth over this point )
G00 Z2.00000 ( retract )

G00 X-73.24266 Y47.81702 ( rapid move to begin. )
G01 F250.00000
G01 Z-0.20000
G04 P0 ( dwell for no time -- G64 should not smooth over this point )
G01 F500.00000
G01 X-73.24266 Y47.81702
G01 X-73.76770 Y47.59952
G01 X-73.33276 Y48.03450
G01 X-68.01049 Y48.03450
G01 X-67.68486 Y48.34654
G04 P0 ( dwell for no time -- G64 should not smooth over this point )
G00 Z2.00000 ( retract )

G00 X-67.68486 Y48.34656 ( rapid move to begin. )
G01 F250.00000
G01 Z-0.20000
G04 P0 ( dwell for no time -- G64 should not smooth over this point )
G01 F500.00000
G01 X-67.68486 Y48.34656
G01 X-68.22192 Y47.81702
G04 P0 ( dwell for no time -- G64 should not smooth over this point )
G00 Z2.00000 ( retract )

G00 X-67.96634 Y47.59952 ( rapid move to begin. )
G01 F250.00000
G01 Z-0.20000
G04 P0 ( dwell for no time -- G64 should not smooth over this point )
G01 F500.00000
G01 X-67.96634 Y47.59952
G01 X-67.99411 Y47.72998
G01 X-68.01720 Y48.01862
G01 X-67.67691 Y48.35418
G04 P0 ( dwell for no time -- G64 should not smooth over this point )
G00 Z2.00000 ( retract )

G00 X-67.66142 Y48.36904 ( rapid move to begin. )
G01 F250.00000
G01 Z-0.20000
G04 P0 ( dwell for no time -- G64 should not smooth over this point )
G01 F500.00000
G01 X-67.66142 Y48.36904
G01 X-67.68491 Y48.34588
G01 X-67.70648 Y48.06701
G01 X-67.68232 Y47.76274
G01 X-67.62065 Y47.47257
G01 X-67.55903 Y47.28939
G01 X-67.59929 Y47.31456
G01 X-67.44341 Y47.21631
G01 X-67.55537 Y47.28593
G04 P0 ( dwell for no time -- G64 should not smooth over this point )
G00 Z2.00000 ( retract )

G00 X-67.55550 Y47.28601 ( rapid move to begin. )
G01 F250.00000
G01 Z-0.20000
G04 P0 ( dwell for no time -- G64 should not smooth over this point )
G01 F500.00000
G01 X-67.55550 Y47.28601
G01 X-74.50999 Y47.28601
G01 X-73.24266 Y47.81702
G01 X-68.22192 Y47.81702
G01 X-67.59929 Y47.31456
G04 P0 ( dwell for no time -- G64 should not smooth over this point )
G00 Z2.00000 ( retract )

G00 X-67.31677 Y47.13038 ( rapid move to begin. )
G01 F250.00000
G01 Z-0.20000
G04 P0 ( dwell for no time -- G64 should not smooth over this point )
G01 F500.00000
G01 X-67.31677 Y47.13038
G01 X-67.55537 Y47.28593
G01 X-67.23343 Y47.08555
G01 X-67.44211 Y47.21542
G01 X-67.31677 Y47.13038
G01 X-67.04349 Y46.98337
G01 X-67.45776 Y47.22604
G01 X-67.96634 Y47.59952
G01 X-73.76478 Y47.59952
G01 X-74.89943 Y47.12157
G01 X-75.12241 Y47.00260
G01 X-75.53626 Y46.71774
G01 X-73.59247 Y48.66150
G01 X-67.29098 Y48.66150
G04 P0 ( dwell for no time -- G64 should not smooth over this point )
G00 Z2.00000 ( retract )

G00 X-67.23604 Y48.70143 ( rapid move to begin. )
G01 F250.00000
G01 Z-0.20000
G04 P0 ( dwell for no time -- G64 should not smooth over this point )
G01 F500.00000
G01 X-67.23604 Y48.70143
G01 X-67.26922 Y48.67526
G01 X-66.94092 Y48.88436
G01 X-67.29319 Y48.65245
G01 X-66.87127 Y48.92754
G01 X-66.93015 Y48.89020
G01 X-66.81349 Y48.95360
G01 X-66.94491 Y48.87950
G01 X-66.76172 Y48.98171
G01 X-66.87127 Y48.92754
G04 P0 ( dwell for no time -- G64 should not smooth over this point )
G00 Z2.00000 ( retract )

G00 X-64.02716 Y49.20701 ( rapid move to begin. )
G01 F250.00000
G01 Z-0.20000
G04 P0 ( dwell for no time -- G64 should not smooth over this point )
G01 F500.00000
G01 X-64.02716 Y49.20701
G01 X-65.42942 Y49.28824
G01 X-64.03191 Y49.12550
G01 X-58.12133 Y49.12550
G04 P0 ( dwell for no time -- G64 should not smooth over this point )
G00 Z2.00000 ( retract )

G00 X-59.05077 Y49.20701 ( rapid move to begin. )
G01 F250.00000
G01 Z-0.20000
G04 P0 ( dwell for no time -- G64 should not smooth over this point )
G01 F500.00000
G01 X-59.05077 Y49.20701
G01 X-58.12898 Y49.12682
G01 X-59.04363 Y49.28852
G01 X-65.43176 Y49.28852
G04 P0 ( dwell for no time -- G64 should not smooth over this point )
G00 Z2.00000 ( retract )

G00 X-65.45909 Y49.28997 ( rapid move to begin. )
G01 F250.00000
G01 Z-0.20000
G04 P0 ( dwell for no time -- G64 should not smooth over this point )
G01 F500.00000
G01 X-65.45909 Y49.28997
G01 X-65.43409 Y49.28852
G01 X-65.65345 Y49.28596
G01 X-65.58814 Y49.28852
G01 X-65.63297 Y49.28852
G01 X-65.61588 Y49.28997
G04 P0 ( dwell for no time -- G64 should not smooth over this point )
G00 Z2.00000 ( retract )

G00 X-65.64324 Y49.28852 ( rapid move to begin. )
G01 F250.00000
G01 Z-0.20000
G04 P0 ( dwell for no time -- G64 should not smooth over this point )
G01 F500.00000
G01 X-65.64324 Y49.28852
G01 X-65.63297 Y49.28852
G01 X-73.85219 Y49.28852
G01 X-79.13899 Y44.00169
G01 X-79.13899 Y41.35874
G01 X-79.04270 Y41.24790
G01 X-78.92657 Y41.05199
G01 X-78.84748 Y40.84236
G01 X-78.84382 Y40.85199
G01 X-78.84552 Y40.08641
G01 X-78.76841 Y39.88204
G01 X-78.67956 Y39.72814
G01 X-78.50183 Y39.51516
G01 X-78.28375 Y39.34379
G01 X-77.98802 Y39.20353
G01 X-74.01111 Y39.19702
G01 X-73.76748 Y38.95349
G01 X-73.55208 Y38.99614
G01 X-73.03116 Y39.13853
G01 X-72.67510 Y39.19004
G01 X-72.37350 Y39.19098
G01 X-71.96370 Y39.13850
G01 X-71.56626 Y39.14650
G01 X-71.52994 Y39.07231
G01 X-71.37751 Y38.90551
G04 P0 ( dwell for no time -- G64 should not smooth over this point )
G00 Z2.00000 ( retract )

G00 X-71.38610 Y38.90833 ( rapid move to begin. )
G01 F250.00000
G01 Z-0.20000
G04 P0 ( dwell for no time -- G64 should not smooth over this point )
G01 F500.00000
G01 X-71.38610 Y38.90833
G01 X-71.56832 Y38.98608
G01 X-71.62308 Y39.04473
G01 X-71.81244 Y39.10139
G01 X-71.62308 Y39.04473
G04 P0 ( dwell for no time -- G64 should not smooth over this point )
G00 Z2.00000 ( retract )

G00 X-73.82595 Y41.00566 ( rapid move to begin. )
G01 F250.00000
G01 Z-0.20000
G04 P0 ( dwell for no time -- G64 should not smooth over this point )
G01 F500.00000
G01 X-73.82595 Y41.00566
G01 X-73.93542 Y41.20589
G01 X-74.01302 Y41.30769
G01 X-73.63428 Y41.69364
G01 X-73.76209 Y41.55153
G01 X-73.78957 Y41.50012
G01 X-73.82600 Y41.31701
G01 X-73.82595 Y41.00566
G01 X-73.78752 Y40.77972
G01 X-73.77324 Y40.37912
G01 X-73.78752 Y40.77972
G01 X-73.83700 Y41.05752
G01 X-73.90522 Y41.30342
G01 X-73.78625 Y41.52466
G01 X-73.63428 Y41.69364
G01 X-73.49087 Y41.72994
G01 X-73.34746 Y41.74203
G01 X-71.64747 Y41.74203
G01 X-71.51279 Y41.73136
G01 X-71.37812 Y41.69936
G01 X-71.06954 Y41.77858
G01 X-70.89850 Y41.79176
G01 X-67.13917 Y41.79176
G01 X-67.03048 Y41.78534
G01 X-65.62586 Y41.54391
G04 P0 ( dwell for no time -- G64 should not smooth over this point )
G00 Z2.00000 ( retract )

G00 X-65.44908 Y41.54391 ( rapid move to begin. )
G01 F250.00000
G01 Z-0.20000
G04 P0 ( dwell for no time -- G64 should not smooth over this point )
G01 F500.00000
G01 X-65.44908 Y41.54391
G01 X-65.62586 Y41.54391
G01 X-65.40371 Y41.55244
G01 X-65.44908 Y41.54391
G01 X-65.27481 Y41.57299
G01 X-65.19381 Y41.59928
G01 X-65.32360 Y41.56753
G01 X-65.15263 Y41.60997
G01 X-65.13430 Y41.61864
G01 X-65.19099 Y41.60045
G01 X-64.94882 Y41.70644
G04 P0 ( dwell for no time -- G64 should not smooth over this point )
G00 Z2.00000 ( retract )

G00 X-64.80580 Y41.81035 ( rapid move to begin. )
G01 F250.00000
G01 Z-0.20000
G04 P0 ( dwell for no time -- G64 should not smooth over this point )
G01 F500.00000
G01 X-64.80580 Y41.81035
G01 X-64.99053 Y41.68668
G01 X-64.80580 Y41.81035
G01 X-64.68192 Y41.93631
G01 X-64.63724 Y41.99778
G01 X-64.80580 Y41.81035
G01 X-64.60481 Y42.03807
G01 X-64.59510 Y42.05579
G01 X-64.63097 Y42.00840
G01 X-64.49663 Y42.23591
G01 X-64.59510 Y42.05579
G01 X-64.57814 Y42.07916
G01 X-64.49663 Y42.23591
G01 X-64.33178 Y42.80926
G01 X-64.49663 Y42.23591
G04 P0 ( dwell for no time -- G64 should not smooth over this point )
G00 Z2.00000 ( retract )

G00 X-64.62249 Y42.66702 ( rapid move to begin. )
G01 F250.00000
G01 Z-0.20000
G04 P0 ( dwell for no time -- G64 should not smooth over this point )
G01 F500.00000
G01 X-64.62249 Y42.66702
G01 X-64.64695 Y42.46009
G01 X-64.70158 Y42.29486
G01 X-64.79724 Y42.12920
G01 X-64.91301 Y41.99925
G01 X-65.09538 Y41.86677
G01 X-65.25474 Y41.79679
G01 X-65.44184 Y41.75701
G01 X-65.72378 Y41.77093
G01 X-67.03114 Y42.00202
G01 X-73.76204 Y42.00202
G01 X-74.37248 Y41.39156
G01 X-74.37248 Y41.23271
G01 X-74.21635 Y41.06362
G01 X-74.10405 Y40.86372
G01 X-74.04197 Y40.66098
G01 X-74.02249 Y40.46702
G01 X-74.04914 Y40.23929
G01 X-74.11025 Y40.05417
G01 X-74.21635 Y39.87040
G01 X-74.37174 Y39.70185
G01 X-74.54538 Y39.58016
G01 X-74.70771 Y39.50787
G01 X-74.91434 Y39.46027
G01 X-75.12633 Y39.45666
G01 X-75.35114 Y39.50170
G01 X-75.55947 Y39.59741
G01 X-75.71665 Y39.71272
G01 X-75.84776 Y39.85699
G01 X-75.95691 Y40.03878
G01 X-76.03300 Y40.27305
G01 X-76.05249 Y40.46702
G01 X-76.02584 Y40.69474
G01 X-75.96473 Y40.87985
G01 X-75.86806 Y41.04914
G01 X-75.70250 Y41.23271
G01 X-75.69582 Y41.75818
G01 X-75.65833 Y41.90533
G01 X-75.59521 Y42.02920
G01 X-75.50771 Y42.13723
G01 X-74.50771 Y43.13725
G01 X-74.39305 Y43.22826
G01 X-74.18292 Y43.31530
G01 X-74.03748 Y43.33202
G01 X-67.03056 Y43.33202
G01 X-65.72378 Y43.56311
G01 X-65.44184 Y43.57700
G01 X-65.25474 Y43.53722
G01 X-65.09538 Y43.46727
G01 X-64.91301 Y43.33479
G01 X-64.79724 Y43.20484
G01 X-64.70158 Y43.03918
G01 X-64.64695 Y42.87393
G01 X-64.62249 Y42.66702
G04 P0 ( dwell for no time -- G64 should not smooth over this point )
G00 Z2.00000 ( retract )

G00 X-64.32411 Y42.83596 ( rapid move to begin. )
G01 F250.00000
G01 Z-0.20000
G04 P0 ( dwell for no time -- G64 should not smooth over this point )
G01 F500.00000
G01 X-64.32411 Y42.83596
G01 X-64.33178 Y42.80926
G01 X-64.20242 Y43.15211
G01 X-63.94377 Y43.08681
G01 X-63.81007 Y43.02902
G01 X-63.87875 Y43.03560
G01 X-64.02848 Y43.00863
G01 X-64.15160 Y42.95894
G01 X-64.32411 Y42.83596
G01 X-64.34880 Y42.97080
G01 X-64.43793 Y43.21132
G01 X-64.54362 Y43.38912
G01 X-64.68004 Y43.54454
G01 X-64.92325 Y43.73092
G01 X-65.11111 Y43.81744
G01 X-65.20623 Y43.84835
G01 X-65.45909 Y43.89140
G01 X-65.77839 Y43.87182
G01 X-67.05807 Y43.64550
G01 X-74.03748 Y43.64550
G01 X-74.27393 Y43.61530
G01 X-74.45439 Y43.55094
G01 X-74.69460 Y43.39046
G01 X-75.72940 Y42.35892
G01 X-75.88317 Y42.15656
G01 X-75.95099 Y42.01767
G01 X-76.00837 Y41.78277
G01 X-76.01599 Y41.35874
G01 X-76.11228 Y41.24790
G01 X-76.22841 Y41.05199
G01 X-76.30748 Y40.84236
G01 X-76.38657 Y41.05199
G01 X-76.50270 Y41.24790
G01 X-76.59899 Y41.35874
G01 X-76.59899 Y42.06169
G01 X-74.27217 Y44.38851
G01 X-65.16279 Y44.38851
G01 X-63.81123 Y43.03695
G01 X-63.76447 Y43.01431
G01 X-63.81007 Y43.02902
G01 X-63.66793 Y42.96760
G01 X-63.73133 Y42.99499
G01 X-63.57872 Y42.90603
G01 X-63.66793 Y42.96760
G01 X-63.49102 Y42.84553
G01 X-63.51606 Y42.86953
G04 P0 ( dwell for no time -- G64 should not smooth over this point )
G00 Z2.00000 ( retract )

G00 X-63.04964 Y42.42267 ( rapid move to begin. )
G01 F250.00000
G01 Z-0.20000
G04 P0 ( dwell for no time -- G64 should not smooth over this point )
G01 F500.00000
G01 X-63.04964 Y42.42267
G01 X-63.49102 Y42.84553
G01 X-63.04964 Y42.42267
G01 X-62.91525 Y42.31998
G01 X-62.79297 Y42.25717
G01 X-62.66201 Y42.21508
G01 X-62.50606 Y42.19422
G01 X-62.75099 Y42.24365
G01 X-62.91525 Y42.31998
G04 P0 ( dwell for no time -- G64 should not smooth over this point )
G00 Z2.00000 ( retract )

G00 X-64.20242 Y43.15211 ( rapid move to begin. )
G01 F250.00000
G01 Z-0.20000
G04 P0 ( dwell for no time -- G64 should not smooth over this point )
G01 F500.00000
G01 X-64.20242 Y43.15211
G01 X-64.39328 Y43.41812
G01 X-64.67732 Y43.71762
G01 X-64.97260 Y43.94401
G01 X-64.67732 Y43.71762
G04 P0 ( dwell for no time -- G64 should not smooth over this point )
G00 Z2.00000 ( retract )

G00 X-65.27062 Y44.12821 ( rapid move to begin. )
G01 F250.00000
G01 Z-0.20000
G04 P0 ( dwell for no time -- G64 should not smooth over this point )
G01 F500.00000
G01 X-65.27062 Y44.12821
G01 X-64.97260 Y43.94401
G01 X-65.27062 Y44.12821
G01 X-65.38057 Y44.13194
G01 X-65.30618 Y44.13194
G04 P0 ( dwell for no time -- G64 should not smooth over this point )
G00 Z2.00000 ( retract )

G00 X-65.61588 Y44.13997 ( rapid move to begin. )
G01 F250.00000
G01 Z-0.20000
G04 P0 ( dwell for no time -- G64 should not smooth over this point )
G01 F500.00000
G01 X-65.61588 Y44.13997
G01 X-65.34768 Y44.13301
G01 X-65.71560 Y44.13199
G01 X-65.54839 Y44.13766
G01 X-65.61588 Y44.13997
G01 X-66.35558 Y44.08094
G01 X-65.76808 Y44.13202
G04 P0 ( dwell for no time -- G64 should not smooth over this point )
G00 Z2.00000 ( retract )

G00 X-65.71560 Y44.13199 ( rapid move to begin. )
G01 F250.00000
G01 Z-0.20000
G04 P0 ( dwell for no time -- G64 should not smooth over this point )
G01 F500.00000
G01 X-65.71560 Y44.13199
G01 X-66.35558 Y44.08094
G04 P0 ( dwell for no time -- G64 should not smooth over this point )
G00 Z2.00000 ( retract )

G00 X-66.35598 Y44.08089 ( rapid move to begin. )
G01 F250.00000
G01 Z-0.20000
G04 P0 ( dwell for no time -- G64 should not smooth over this point )
G01 F500.00000
G01 X-66.35598 Y44.08089
G01 X-74.14233 Y44.07502
G01 X-74.28642 Y43.93092
G01 X-74.03748 Y43.95902
G01 X-67.08557 Y43.95902
G01 X-66.43528 Y44.07400
G01 X-67.09065 Y44.01703
G01 X-74.11749 Y44.01515
G01 X-74.30364 Y43.92036
G01 X-74.28642 Y43.93092
G04 P0 ( dwell for no time -- G64 should not smooth over this point )
G00 Z2.00000 ( retract )

G00 X-74.52457 Y47.28604 ( rapid move to begin. )
G01 F250.00000
G01 Z-0.20000
G04 P0 ( dwell for no time -- G64 should not smooth over this point )
G01 F500.00000
G01 X-74.52457 Y47.28604
G01 X-74.50999 Y47.28601
G01 X-74.85635 Y47.13976
G01 X-74.52460 Y47.28604
G01 X-74.80532 Y47.16607
G01 X-75.00964 Y47.06071
G01 X-74.89943 Y47.12157
G04 P0 ( dwell for no time -- G64 should not smooth over this point )
G00 Z2.00000 ( retract )

G00 X-75.20908 Y46.95065 ( rapid move to begin. )
G01 F250.00000
G01 Z-0.20000
G04 P0 ( dwell for no time -- G64 should not smooth over this point )
G01 F500.00000
G01 X-75.20908 Y46.95065
G01 X-75.00964 Y47.06071
G01 X-75.12241 Y47.00260
G01 X-75.44670 Y46.78611
G01 X-75.20908 Y46.95065
G01 X-75.40029 Y46.82302
G04 P0 ( dwell for no time -- G64 should not smooth over this point )
G00 Z2.00000 ( retract )

G00 X-75.47989 Y46.76396 ( rapid move to begin. )
G01 F250.00000
G01 Z-0.20000
G04 P0 ( dwell for no time -- G64 should not smooth over this point )
G01 F500.00000
G01 X-75.47989 Y46.76396
G01 X-75.44670 Y46.78611
G01 X-75.70971 Y46.56450
G01 X-75.64761 Y46.62640
G04 P0 ( dwell for no time -- G64 should not smooth over this point )
G00 Z2.00000 ( retract )

G00 X-75.79747 Y46.48700 ( rapid move to begin. )
G01 F250.00000
G01 Z-0.20000
G04 P0 ( dwell for no time -- G64 should not smooth over this point )
G01 F500.00000
G01 X-75.79747 Y46.48700
G01 X-75.70971 Y46.56450
G01 X-78.53356 Y43.75094
G04 P0 ( dwell for no time -- G64 should not smooth over this point )
G00 Z2.00000 ( retract )

G00 X-81.38748 Y44.40702 ( rapid move to begin. )
G01 F250.00000
G01 Z-0.20000
G04 P0 ( dwell for no time -- G64 should not smooth over this point )
G01 F500.00000
G01 X-81.38748 Y44.40702
G01 X-81.36545 Y44.73555
G04 P0 ( dwell for no time -- G64 should not smooth over this point )
G00 Z2.00000 ( retract )

G00 X-86.65749 Y58.10534 ( rapid move to begin. )
G01 F250.00000
G01 Z-0.20000
G04 P0 ( dwell for no time -- G64 should not smooth over this point )
G01 F500.00000
G01 X-86.65749 Y58.10534
G01 X-86.65749 Y58.16701
G01 X-86.59582 Y58.16701
G04 P0 ( dwell for no time -- G64 should not smooth over this point )
G00 Z2.00000 ( retract )

G00 X-81.72029 Y53.78079 ( rapid move to begin. )
G01 F250.00000
G01 Z-0.20000
G04 P0 ( dwell for no time -- G64 should not smooth over this point )
G01 F500.00000
G01 X-81.72029 Y53.78079
G01 X-81.74663 Y53.87584
G01 X-81.78557 Y53.93410
G01 X-81.86870 Y53.99791
G01 X-81.93507 Y54.02041
G01 X-82.07381 Y54.01135
G01 X-82.18943 Y53.93408
G01 X-82.25090 Y53.80942
G01 X-82.25090 Y53.70462
G01 X-82.18943 Y53.57995
G01 X-82.07381 Y53.50269
G01 X-81.93510 Y53.49359
G01 X-81.81041 Y53.55509
G01 X-81.73314 Y53.67071
G01 X-81.72029 Y53.78079
G01 X-81.40665 Y53.80022
G01 X-81.46484 Y54.01478
G01 X-81.54935 Y54.14124
G01 X-81.72974 Y54.27967
G01 X-81.87384 Y54.32857
G01 X-82.02558 Y54.33852
G01 X-82.24521 Y54.27967
G01 X-82.37170 Y54.19514
G01 X-82.47203 Y54.08074
G01 X-82.53932 Y53.94432
G01 X-82.56898 Y53.79514
G01 X-82.53932 Y53.56969
G01 X-82.42565 Y53.37279
G01 X-82.31127 Y53.27249
G01 X-82.17485 Y53.20520
G01 X-82.02558 Y53.17551
G01 X-81.87381 Y53.18547
G01 X-81.72977 Y53.23436
G01 X-81.60327 Y53.31887
G01 X-81.50292 Y53.43329
G01 X-81.43566 Y53.56969
G01 X-81.40731 Y53.70881
G01 X-81.40665 Y53.80022
G01 X-81.09301 Y53.81965
G01 X-81.13818 Y54.04533
G01 X-81.18306 Y54.15369
G01 X-81.31316 Y54.34838
G01 X-81.48920 Y54.50279
G01 X-81.59078 Y54.56143
G01 X-81.81247 Y54.63669
G01 X-82.04610 Y54.65201
G01 X-82.16248 Y54.63669
G01 X-82.38420 Y54.56143
G01 X-82.57886 Y54.43136
G01 X-82.73327 Y54.25529
G01 X-82.83680 Y54.04533
G01 X-82.88249 Y53.81569
G01 X-82.88249 Y53.69834
G01 X-82.83680 Y53.46870
G01 X-82.73324 Y53.25872
G01 X-82.57886 Y53.08267
G01 X-82.48582 Y53.01127
G01 X-82.27579 Y52.90769
G01 X-82.04610 Y52.86200
G01 X-81.81249 Y52.87734
G01 X-81.59083 Y52.95257
G01 X-81.39611 Y53.08267
G01 X-81.24173 Y53.25872
G01 X-81.13818 Y53.46870
G01 X-81.09398 Y53.68709
G01 X-81.09301 Y53.81965
G01 X-80.77935 Y53.83906
G01 X-80.79967 Y53.99329
G01 X-80.84067 Y54.14627
G01 X-80.90129 Y54.29265
G01 X-80.98052 Y54.42989
G01 X-81.07694 Y54.55554
G01 X-81.18892 Y54.66753
G01 X-81.31463 Y54.76400
G01 X-81.45184 Y54.84322
G01 X-81.59822 Y54.90385
G01 X-81.75123 Y54.94485
G01 X-81.90828 Y54.96552
G01 X-82.06670 Y54.96552
G01 X-82.22375 Y54.94485
G01 X-82.37678 Y54.90383
G01 X-82.52314 Y54.84322
G01 X-82.66035 Y54.76400
G01 X-82.78600 Y54.66758
G01 X-82.89804 Y54.55554
G01 X-82.99448 Y54.42986
G01 X-83.07368 Y54.29268
G01 X-83.13431 Y54.14630
G01 X-83.17531 Y53.99329
G01 X-83.19598 Y53.83624
G01 X-83.19598 Y53.67779
G01 X-83.17531 Y53.52075
G01 X-83.13431 Y53.36774
G01 X-83.07368 Y53.22136
G01 X-82.99448 Y53.08417
G01 X-82.89804 Y52.95849
G01 X-82.78603 Y52.84648
G01 X-82.66035 Y52.75003
G01 X-82.52314 Y52.67081
G01 X-82.37676 Y52.61018
G01 X-82.22377 Y52.56919
G01 X-82.06670 Y52.54851
G01 X-81.90828 Y52.54851
G01 X-81.75120 Y52.56919
G01 X-81.59822 Y52.61018
G01 X-81.45181 Y52.67081
G01 X-81.31465 Y52.75001
G01 X-81.18898 Y52.84645
G01 X-81.07691 Y52.95852
G01 X-80.98049 Y53.08417
G01 X-80.90129 Y53.22136
G01 X-80.84067 Y53.36776
G01 X-80.78062 Y53.66542
G01 X-80.77935 Y53.83906
G01 X-80.46571 Y53.85851
G01 X-80.49152 Y54.05455
G01 X-80.54318 Y54.24734
G01 X-80.61951 Y54.43159
G01 X-80.71928 Y54.60441
G01 X-80.84074 Y54.76270
G01 X-80.98179 Y54.90375
G01 X-81.14011 Y55.02524
G01 X-81.31290 Y55.12498
G01 X-81.49718 Y55.20131
G01 X-81.68994 Y55.25297
G01 X-81.88773 Y55.27901
G01 X-82.08725 Y55.27901
G01 X-82.28504 Y55.25297
G01 X-82.47780 Y55.20131
G01 X-82.66207 Y55.12498
G01 X-82.83487 Y55.02521
G01 X-82.99316 Y54.90378
G01 X-83.13423 Y54.76270
G01 X-83.25570 Y54.60441
G01 X-83.35544 Y54.43161
G01 X-83.43182 Y54.24726
G01 X-83.48343 Y54.05460
G01 X-83.50947 Y53.85681
G01 X-83.50947 Y53.65719
G01 X-83.48343 Y53.45940
G01 X-83.43180 Y53.26675
G01 X-83.35547 Y53.08242
G01 X-83.25567 Y52.90960
G01 X-83.13421 Y52.75130
G01 X-82.99319 Y52.61028
G01 X-82.83492 Y52.48882
G01 X-82.66207 Y52.38902
G01 X-82.47777 Y52.31270
G01 X-82.28509 Y52.26106
G01 X-82.08725 Y52.23502
G01 X-81.88773 Y52.23502
G01 X-81.68989 Y52.26106
G01 X-81.49723 Y52.31270
G01 X-81.31288 Y52.38905
G01 X-81.14011 Y52.48879
G01 X-80.98181 Y52.61026
G01 X-80.84072 Y52.75135
G01 X-80.71928 Y52.90962
G01 X-80.61951 Y53.08242
G01 X-80.54318 Y53.26669
G01 X-80.49152 Y53.45946
G01 X-80.46726 Y53.64373
G01 X-80.46571 Y53.85851
G01 X-80.15207 Y53.87789
G01 X-80.18339 Y54.11584
G01 X-80.24567 Y54.34825
G01 X-80.33775 Y54.57055
G01 X-80.45801 Y54.77891
G01 X-80.60452 Y54.96982
G01 X-80.77468 Y55.14000
G01 X-80.96558 Y55.28648
G01 X-81.17394 Y55.40677
G01 X-81.39621 Y55.49882
G01 X-81.62862 Y55.56110
G01 X-81.86718 Y55.59252
G01 X-82.10779 Y55.59252
G01 X-82.34635 Y55.56110
G01 X-82.57879 Y55.49882
G01 X-82.80104 Y55.40677
G01 X-83.00944 Y55.28643
G01 X-83.20030 Y55.14000
G01 X-83.37043 Y54.96987
G01 X-83.51694 Y54.77893
G01 X-83.63723 Y54.57055
G01 X-83.72933 Y54.34823
G01 X-83.79159 Y54.11589
G01 X-83.82298 Y53.87731
G01 X-83.82298 Y53.63670
G01 X-83.79159 Y53.39814
G01 X-83.72931 Y53.16575
G01 X-83.63723 Y52.94345
G01 X-83.51694 Y52.73510
G01 X-83.37045 Y52.54419
G01 X-83.20027 Y52.37401
G01 X-83.00944 Y52.22758
G01 X-82.80104 Y52.10726
G01 X-82.57879 Y52.01521
G01 X-82.34635 Y51.95293
G01 X-82.10779 Y51.92151
G01 X-81.86718 Y51.92151
G01 X-81.62862 Y51.95293
G01 X-81.39621 Y52.01519
G01 X-81.17389 Y52.10729
G01 X-80.96553 Y52.22761
G01 X-80.77468 Y52.37404
G01 X-80.60452 Y52.54419
G01 X-80.45801 Y52.73512
G01 X-80.33775 Y52.94348
G01 X-80.24567 Y53.16578
G01 X-80.18339 Y53.39819
G01 X-80.15390 Y53.62214
G01 X-80.15207 Y53.87789
G04 P0 ( dwell for no time -- G64 should not smooth over this point )
G00 Z2.00000 ( retract )

G00 X-75.33463 Y51.03988 ( rapid move to begin. )
G01 F250.00000
G01 Z-0.20000
G04 P0 ( dwell for no time -- G64 should not smooth over this point )
G01 F500.00000
G01 X-75.33463 Y51.03988
G01 X-75.29686 Y51.05476
G01 X-75.33463 Y51.03988
G01 X-81.04247 Y45.33201
G01 X-81.31463 Y45.01081
G01 X-81.36545 Y44.73555
G01 X-81.36548 Y45.03184
G01 X-75.34134 Y51.05601
G01 X-75.29686 Y51.05476
G01 X-74.86039 Y51.21656
G01 X-74.95218 Y51.19080
G04 P0 ( dwell for no time -- G64 should not smooth over this point )
G00 Z2.00000 ( retract )

G00 X-74.82714 Y51.22883 ( rapid move to begin. )
G01 F250.00000
G01 Z-0.20000
G04 P0 ( dwell for no time -- G64 should not smooth over this point )
G01 F500.00000
G01 X-74.82714 Y51.22883
G01 X-74.86039 Y51.21656
G01 X-74.51675 Y51.29073
G04 P0 ( dwell for no time -- G64 should not smooth over this point )
G00 Z2.00000 ( retract )

G00 X-70.53832 Y54.88818 ( rapid move to begin. )
G01 F250.00000
G01 Z-0.20000
G04 P0 ( dwell for no time -- G64 should not smooth over this point )
G01 F500.00000
G01 X-70.53832 Y54.88818
G01 X-70.41214 Y55.10637
G01 X-70.22915 Y55.31371
G01 X-70.09392 Y55.41193
G01 X-69.88227 Y55.51409
G01 X-69.62270 Y55.57192
G01 X-69.40909 Y55.58015
G01 X-69.65410 Y55.57073
G01 X-69.88227 Y55.51409
G01 X-70.08613 Y55.41762
G01 X-70.22915 Y55.31371
G01 X-70.35303 Y55.18775
G01 X-70.45681 Y55.04490
G01 X-70.53832 Y54.88818
G01 X-70.60505 Y54.65224
G01 X-70.61915 Y54.36878
G01 X-70.59296 Y54.19402
G01 X-70.45176 Y53.72118
G01 X-70.59296 Y54.19402
G04 P0 ( dwell for no time -- G64 should not smooth over this point )
G00 Z2.00000 ( retract )

G00 X-69.91960 Y53.31610 ( rapid move to begin. )
G01 F250.00000
G01 Z-0.20000
G04 P0 ( dwell for no time -- G64 should not smooth over this point )
G01 F500.00000
G01 X-69.91960 Y53.31610
G01 X-69.57589 Y53.27957
G01 X-69.27833 Y53.28861
G01 X-69.57589 Y53.27957
G01 X-69.95892 Y53.32534
G01 X-69.93797 Y53.32283
G01 X-70.06710 Y53.37035
G01 X-70.28059 Y53.51254
G01 X-70.43652 Y53.67010
G01 X-70.39159 Y53.44701
G01 X-69.95892 Y53.32534
G01 X-70.63233 Y53.32651
G01 X-70.39159 Y53.44701
G01 X-70.62651 Y53.33367
G01 X-70.53002 Y53.45321
G01 X-70.47439 Y53.55191
G01 X-70.43891 Y53.66260
G01 X-70.45176 Y53.72118
G01 X-70.43652 Y53.67010
G04 P0 ( dwell for no time -- G64 should not smooth over this point )
G00 Z2.00000 ( retract )

G00 X-70.65984 Y53.31526 ( rapid move to begin. )
G01 F250.00000
G01 Z-0.20000
G04 P0 ( dwell for no time -- G64 should not smooth over this point )
G01 F500.00000
G01 X-70.65984 Y53.31526
G01 X-70.62651 Y53.33367
G01 X-70.90662 Y53.24495
G01 X-70.70713 Y53.30177
G01 X-70.90662 Y53.24495
G01 X-71.11412 Y53.22557
G01 X-70.90662 Y53.24495
G04 P0 ( dwell for no time -- G64 should not smooth over this point )
G00 Z2.00000 ( retract )

G00 X-71.13898 Y53.22326 ( rapid move to begin. )
G01 F250.00000
G01 Z-0.20000
G04 P0 ( dwell for no time -- G64 should not smooth over this point )
G01 F500.00000
G01 X-71.13898 Y53.22326
G01 X-71.11412 Y53.22557
G01 X-75.87649 Y53.22326
G04 P0 ( dwell for no time -- G64 should not smooth over this point )
G00 Z2.00000 ( retract )

G00 X-76.08098 Y53.19997 ( rapid move to begin. )
G01 F250.00000
G01 Z-0.20000
G04 P0 ( dwell for no time -- G64 should not smooth over this point )
G01 F500.00000
G01 X-76.08098 Y53.19997
G01 X-75.88424 Y53.22237
G01 X-76.08098 Y53.19997
G01 X-76.21192 Y53.15791
G01 X-76.36732 Y53.06875
G01 X-76.21192 Y53.15791
G04 P0 ( dwell for no time -- G64 should not smooth over this point )
G00 Z2.00000 ( retract )

G00 X-76.49536 Y52.96692 ( rapid move to begin. )
G01 F250.00000
G01 Z-0.20000
G04 P0 ( dwell for no time -- G64 should not smooth over this point )
G01 F500.00000
G01 X-76.49536 Y52.96692
G01 X-76.36732 Y53.06875
G01 X-76.49536 Y52.96692
G01 X-83.27637 Y46.18591
G01 X-83.40452 Y46.02480
G01 X-83.46736 Y45.90250
G01 X-83.50942 Y45.77156
G01 X-83.53182 Y45.60387
G01 X-83.53748 Y41.44688
G01 X-83.55397 Y41.32730
G01 X-83.70198 Y41.10708
G01 X-83.79077 Y40.93644
G01 X-83.85026 Y40.75341
G01 X-83.87838 Y40.47236
G01 X-83.85026 Y40.18064
G01 X-83.74462 Y39.90894
G01 X-83.79077 Y39.99761
G01 X-83.85026 Y40.18064
G01 X-83.88168 Y40.42773
G01 X-83.85618 Y40.70667
G01 X-83.76545 Y40.98506
G01 X-83.55397 Y41.32730
G04 P0 ( dwell for no time -- G64 should not smooth over this point )
G00 Z2.00000 ( retract )

G00 X-81.62019 Y39.19705 ( rapid move to begin. )
G01 F250.00000
G01 Z-0.20000
G04 P0 ( dwell for no time -- G64 should not smooth over this point )
G01 F500.00000
G01 X-81.62019 Y39.19705
G01 X-83.04328 Y39.19702
G01 X-82.24696 Y39.20353
G01 X-82.03787 Y39.29375
G01 X-81.80747 Y39.44823
G01 X-81.58270 Y39.68615
G01 X-81.46657 Y39.88204
G01 X-81.38748 Y40.09159
G01 X-81.38748 Y39.43050
G01 X-81.62019 Y39.19705
G01 X-81.38748 Y39.19702
G01 X-81.38748 Y38.96350
G01 X-81.62017 Y39.19702
G01 X-83.04363 Y39.19702
G01 X-82.24696 Y39.19050
G01 X-82.03787 Y39.10028
G01 X-81.76855 Y38.91427
G01 X-81.58270 Y38.70790
G01 X-81.46657 Y38.51199
G01 X-81.38748 Y38.30236
G01 X-81.38748 Y38.96350
G01 X-81.15474 Y39.19702
G01 X-81.38748 Y39.19702
G01 X-81.38748 Y39.43050
G01 X-81.15474 Y39.19705
G04 P0 ( dwell for no time -- G64 should not smooth over this point )
G00 Z2.00000 ( retract )

G00 X-81.64249 Y37.92702 ( rapid move to begin. )
G01 F250.00000
G01 Z-0.20000
G04 P0 ( dwell for no time -- G64 should not smooth over this point )
G01 F500.00000
G01 X-81.64249 Y37.92702
G01 X-81.66914 Y38.15474
G01 X-81.73807 Y38.35524
G01 X-81.83635 Y38.52362
G01 X-81.97833 Y38.68130
G01 X-82.16538 Y38.81387
G01 X-82.34384 Y38.89233
G01 X-82.53434 Y38.93375
G01 X-82.74633 Y38.93736
G01 X-82.98727 Y38.88615
G01 X-83.17947 Y38.79662
G01 X-83.34886 Y38.66909
G01 X-83.47863 Y38.52362
G01 X-83.58473 Y38.33985
G01 X-83.64584 Y38.15474
G01 X-83.67249 Y37.92702
G01 X-83.64584 Y37.69929
G01 X-83.57691 Y37.49878
G01 X-83.47863 Y37.33040
G01 X-83.33665 Y37.17272
G01 X-83.14960 Y37.04016
G01 X-82.97114 Y36.96170
G01 X-82.78064 Y36.92027
G01 X-82.56863 Y36.91666
G01 X-82.32771 Y36.96787
G01 X-82.13551 Y37.05741
G01 X-81.96611 Y37.18494
G01 X-81.83635 Y37.33040
G01 X-81.73025 Y37.51417
G01 X-81.66914 Y37.69929
G01 X-81.64249 Y37.92702
G04 P0 ( dwell for no time -- G64 should not smooth over this point )
G00 Z2.00000 ( retract )

G00 X-83.04363 Y39.19702 ( rapid move to begin. )
G01 F250.00000
G01 Z-0.20000
G04 P0 ( dwell for no time -- G64 should not smooth over this point )
G01 F500.00000
G01 X-83.04363 Y39.19702
G01 X-83.21318 Y39.19702
G01 X-83.28539 Y39.10515
G01 X-83.28554 Y39.29029
G01 X-83.21318 Y39.19702
G01 X-83.68554 Y38.58824
G01 X-83.28554 Y39.10373
G01 X-83.04363 Y39.19702
G01 X-83.28676 Y39.29934
G01 X-83.66347 Y39.77802
G01 X-83.28554 Y39.29029
G01 X-83.62478 Y39.71564
G01 X-83.74462 Y39.90894
G01 X-83.70198 Y39.82697
G04 P0 ( dwell for no time -- G64 should not smooth over this point )
G00 Z2.00000 ( retract )

G00 X-83.28679 Y39.09469 ( rapid move to begin. )
G01 F250.00000
G01 Z-0.20000
G04 P0 ( dwell for no time -- G64 should not smooth over this point )
G01 F500.00000
G01 X-83.28679 Y39.09469
G01 X-83.70198 Y38.56710
G01 X-83.68607 Y38.58727
G01 X-83.79077 Y38.39644
G01 X-83.70198 Y38.56710
G04 P0 ( dwell for no time -- G64 should not smooth over this point )
G00 Z2.00000 ( retract )

G00 X-83.79077 Y38.39644 ( rapid move to begin. )
G01 F250.00000
G01 Z-0.20000
G04 P0 ( dwell for no time -- G64 should not smooth over this point )
G01 F500.00000
G01 X-83.79077 Y38.39644
G01 X-83.85026 Y38.21341
G01 X-83.87871 Y37.98971
G01 X-83.86499 Y37.73929
G01 X-83.81709 Y37.55006
G01 X-83.85026 Y37.64064
G01 X-83.87871 Y37.83091
G01 X-83.87871 Y38.02316
G01 X-83.85026 Y38.21341
G04 P0 ( dwell for no time -- G64 should not smooth over this point )
G00 Z2.00000 ( retract )

G00 X-83.79077 Y37.45761 ( rapid move to begin. )
G01 F250.00000
G01 Z-0.20000
G04 P0 ( dwell for no time -- G64 should not smooth over this point )
G01 F500.00000
G01 X-83.79077 Y37.45761
G01 X-83.81709 Y37.55006
G01 X-83.75968 Y37.39322
G01 X-83.74770 Y37.37483
G01 X-83.76817 Y37.41638
G01 X-83.64475 Y37.20818
G01 X-83.70198 Y37.28697
G04 P0 ( dwell for no time -- G64 should not smooth over this point )
G00 Z2.00000 ( retract )

G00 X-83.58900 Y37.13145 ( rapid move to begin. )
G01 F250.00000
G01 Z-0.20000
G04 P0 ( dwell for no time -- G64 should not smooth over this point )
G01 F500.00000
G01 X-83.58900 Y37.13145
G01 X-83.64475 Y37.20818
G01 X-83.52405 Y37.06538
G01 X-83.64162 Y37.21217
G01 X-83.49265 Y37.03345
G01 X-83.50573 Y37.04371
G04 P0 ( dwell for no time -- G64 should not smooth over this point )
G00 Z2.00000 ( retract )

G00 X-83.45412 Y36.99426 ( rapid move to begin. )
G01 F250.00000
G01 Z-0.20000
G04 P0 ( dwell for no time -- G64 should not smooth over this point )
G01 F500.00000
G01 X-83.45412 Y36.99426
G01 X-83.49265 Y37.03345
G01 X-83.29839 Y36.88110
G01 X-83.37424 Y36.94059
G01 X-83.26238 Y36.86543
G01 X-83.29839 Y36.88110
G01 X-83.12628 Y36.79525
G01 X-83.03583 Y36.76584
G01 X-83.26238 Y36.86543
G01 X-82.99840 Y36.75057
G01 X-83.02667 Y36.76287
G01 X-82.75372 Y36.70414
G01 X-82.99840 Y36.75057
G04 P0 ( dwell for no time -- G64 should not smooth over this point )
G00 Z2.00000 ( retract )

G00 X-86.59582 Y32.16702 ( rapid move to begin. )
G01 F250.00000
G01 Z-0.20000
G04 P0 ( dwell for no time -- G64 should not smooth over this point )
G01 F500.00000
G01 X-86.59582 Y32.16702
G01 X-86.65749 Y32.16702
G01 X-86.65749 Y32.22866
G04 P0 ( dwell for no time -- G64 should not smooth over this point )
G00 Z2.00000 ( retract )

G00 X-82.56121 Y36.70414 ( rapid move to begin. )
G01 F250.00000
G01 Z-0.20000
G04 P0 ( dwell for no time -- G64 should not smooth over this point )
G01 F500.00000
G01 X-82.56121 Y36.70414
G01 X-82.75372 Y36.70414
G01 X-82.49040 Y36.71382
G01 X-82.46941 Y36.71946
G01 X-82.51496 Y36.71290
G01 X-82.34909 Y36.74438
G01 X-82.31877 Y36.75596
G01 X-82.44346 Y36.72647
G01 X-82.27993 Y36.76548
G01 X-82.11201 Y36.83404
G01 X-82.31653 Y36.75057
G01 X-82.49040 Y36.71382
G04 P0 ( dwell for no time -- G64 should not smooth over this point )
G00 Z2.00000 ( retract )

G00 X-82.07952 Y36.84732 ( rapid move to begin. )
G01 F250.00000
G01 Z-0.20000
G04 P0 ( dwell for no time -- G64 should not smooth over this point )
G01 F500.00000
G01 X-82.07952 Y36.84732
G01 X-82.11201 Y36.83404
G01 X-82.06027 Y36.86022
G01 X-82.12499 Y36.82995
G01 X-82.01656 Y36.88110
G01 X-82.05910 Y36.86101
G01 X-81.86083 Y36.99426
G01 X-81.94358 Y36.93863
G01 X-81.48735 Y37.29797
G01 X-81.38748 Y37.55159
G01 X-81.38748 Y37.36805
G01 X-81.48735 Y37.29797
G01 X-81.38748 Y37.30892
G01 X-81.28262 Y37.29744
G01 X-80.75839 Y36.88110
G01 X-80.49589 Y36.76586
G01 X-80.75839 Y36.88110
G01 X-81.38748 Y37.36805
G04 P0 ( dwell for no time -- G64 should not smooth over this point )
G00 Z2.00000 ( retract )

G00 X-78.84748 Y40.09159 ( rapid move to begin. )
G01 F250.00000
G01 Z-0.20000
G04 P0 ( dwell for no time -- G64 should not smooth over this point )
G01 F500.00000
G01 X-78.84748 Y40.09159
G01 X-78.84748 Y39.19702
G01 X-78.61474 Y39.19702
G01 X-78.84748 Y38.96350
G01 X-78.84748 Y38.30236
G01 X-78.92657 Y38.51199
G01 X-79.04270 Y38.70790
G01 X-79.22855 Y38.91427
G01 X-79.49787 Y39.10028
G01 X-79.70696 Y39.19050
G01 X-80.50363 Y39.19702
G01 X-79.08017 Y39.19702
G01 X-78.84748 Y38.96350
G01 X-78.84748 Y39.19702
G01 X-79.08019 Y39.19705
G04 P0 ( dwell for no time -- G64 should not smooth over this point )
G00 Z2.00000 ( retract )

G00 X-79.10249 Y37.92702 ( rapid move to begin. )
G01 F250.00000
G01 Z-0.20000
G04 P0 ( dwell for no time -- G64 should not smooth over this point )
G01 F500.00000
G01 X-79.10249 Y37.92702
G01 X-79.12914 Y38.15474
G01 X-79.19807 Y38.35524
G01 X-79.29635 Y38.52362
G01 X-79.43833 Y38.68130
G01 X-79.62538 Y38.81387
G01 X-79.80384 Y38.89233
G01 X-79.99434 Y38.93375
G01 X-80.20633 Y38.93736
G01 X-80.44727 Y38.88615
G01 X-80.63947 Y38.79662
G01 X-80.80886 Y38.66909
G01 X-80.93863 Y38.52362
G01 X-81.04473 Y38.33985
G01 X-81.10584 Y38.15474
G01 X-81.13249 Y37.92702
G01 X-81.10584 Y37.69929
G01 X-81.03691 Y37.49878
G01 X-80.93863 Y37.33040
G01 X-80.79665 Y37.17272
G01 X-80.60960 Y37.04016
G01 X-80.43114 Y36.96170
G01 X-80.24064 Y36.92027
G01 X-80.02863 Y36.91666
G01 X-79.78771 Y36.96787
G01 X-79.59551 Y37.05741
G01 X-79.42611 Y37.18494
G01 X-79.29635 Y37.33040
G01 X-79.19025 Y37.51417
G01 X-79.12914 Y37.69929
G01 X-79.10249 Y37.92702
G04 P0 ( dwell for no time -- G64 should not smooth over this point )
G00 Z2.00000 ( retract )

G00 X-78.44181 Y36.04074 ( rapid move to begin. )
G01 F250.00000
G01 Z-0.20000
G04 P0 ( dwell for no time -- G64 should not smooth over this point )
G01 F500.00000
G01 X-78.44181 Y36.04074
G01 X-78.38736 Y35.83963
G01 X-78.30201 Y35.69083
G01 X-78.38736 Y35.83963
G01 X-78.42942 Y35.97059
G01 X-78.45025 Y36.10645
G01 X-78.46429 Y36.51984
G01 X-78.45025 Y36.10645
G04 P0 ( dwell for no time -- G64 should not smooth over this point )
G00 Z2.00000 ( retract )

G00 X-78.84748 Y37.21997 ( rapid move to begin. )
G01 F250.00000
G01 Z-0.20000
G04 P0 ( dwell for no time -- G64 should not smooth over this point )
G01 F500.00000
G01 X-78.84748 Y37.21997
G01 X-78.60803 Y37.01534
G01 X-78.51611 Y36.77712
G01 X-78.46429 Y36.51984
G01 X-78.49759 Y36.72553
G01 X-78.56503 Y36.91331
G01 X-78.79858 Y37.06899
G01 X-79.05774 Y37.12197
G01 X-78.84748 Y37.21997
G01 X-78.84748 Y37.55159
G01 X-78.92657 Y37.34204
G01 X-79.05774 Y37.12197
G01 X-79.60391 Y36.82103
G01 X-79.50922 Y36.86480
G01 X-79.53952 Y36.84732
G01 X-79.70300 Y36.78057
G01 X-79.64867 Y36.79525
G04 P0 ( dwell for no time -- G64 should not smooth over this point )
G00 Z2.00000 ( retract )

G00 X-80.02121 Y36.70414 ( rapid move to begin. )
G01 F250.00000
G01 Z-0.20000
G04 P0 ( dwell for no time -- G64 should not smooth over this point )
G01 F500.00000
G01 X-80.02121 Y36.70414
G01 X-79.96690 Y36.71321
G01 X-80.21374 Y36.70414
G01 X-80.49589 Y36.76586
G01 X-80.45839 Y36.75057
G04 P0 ( dwell for no time -- G64 should not smooth over this point )
G00 Z2.00000 ( retract )

G00 X-79.95040 Y36.71382 ( rapid move to begin. )
G01 F250.00000
G01 Z-0.20000
G04 P0 ( dwell for no time -- G64 should not smooth over this point )
G01 F500.00000
G01 X-79.95040 Y36.71382
G01 X-79.96690 Y36.71321
G01 X-79.83150 Y36.73584
G01 X-79.79967 Y36.74618
G01 X-79.88303 Y36.73035
G01 X-79.68055 Y36.78486
G01 X-79.97496 Y36.71290
G01 X-80.21374 Y36.70414
G01 X-80.43528 Y36.74618
G01 X-80.72238 Y36.86543
G01 X-81.28262 Y37.29744
G01 X-81.38748 Y37.55159
G01 X-81.38748 Y38.30236
G01 X-81.30841 Y38.51199
G01 X-81.16076 Y38.74681
G01 X-81.00643 Y38.91427
G01 X-80.73711 Y39.10028
G01 X-80.50363 Y39.19702
G01 X-81.15474 Y39.19705
G01 X-79.70696 Y39.20353
G01 X-79.49787 Y39.29375
G01 X-79.22855 Y39.47975
G01 X-79.04270 Y39.68615
G01 X-78.88588 Y39.97343
G01 X-78.84748 Y40.09159
G01 X-78.84748 Y40.84236
G04 P0 ( dwell for no time -- G64 should not smooth over this point )
G00 Z2.00000 ( retract )

G00 X-76.30748 Y39.43050 ( rapid move to begin. )
G01 F250.00000
G01 Z-0.20000
G04 P0 ( dwell for no time -- G64 should not smooth over this point )
G01 F500.00000
G01 X-76.30748 Y39.43050
G01 X-76.30745 Y40.09156
G01 X-76.30745 Y39.43048
G01 X-76.54019 Y39.19702
G01 X-76.30748 Y38.96350
G01 X-76.30745 Y39.43048
G01 X-76.07474 Y39.19705
G04 P0 ( dwell for no time -- G64 should not smooth over this point )
G00 Z2.00000 ( retract )

G00 X-76.30748 Y36.70114 ( rapid move to begin. )
G01 F250.00000
G01 Z-0.20000
G04 P0 ( dwell for no time -- G64 should not smooth over this point )
G01 F500.00000
G01 X-76.30748 Y36.70114
G01 X-76.07974 Y36.20003
G01 X-76.06379 Y36.17735
G01 X-76.11258 Y36.27229
G01 X-76.02777 Y36.11336
G01 X-76.05599 Y36.16625
G01 X-75.84476 Y35.86584
G01 X-74.80220 Y34.81723
G01 X-75.84476 Y35.86584
G04 P0 ( dwell for no time -- G64 should not smooth over this point )
G00 Z2.00000 ( retract )

G00 X-74.73583 Y34.79348 ( rapid move to begin. )
G01 F250.00000
G01 Z-0.20000
G04 P0 ( dwell for no time -- G64 should not smooth over this point )
G01 F500.00000
G01 X-74.73583 Y34.79348
G01 X-74.80220 Y34.81723
G01 X-74.74299 Y34.79935
G01 X-74.80908 Y34.82416
G01 X-75.84476 Y35.86584
G01 X-76.05271 Y36.16160
G01 X-76.30748 Y36.70114
G01 X-76.30748 Y37.55159
G01 X-76.38657 Y37.34204
G01 X-76.50270 Y37.14615
G01 X-76.59899 Y37.03528
G01 X-76.59899 Y36.58039
G01 X-74.81205 Y34.79348
G01 X-74.73580 Y34.79345
G04 P0 ( dwell for no time -- G64 should not smooth over this point )
G00 Z2.00000 ( retract )

G00 X-74.34898 Y34.70366 ( rapid move to begin. )
G01 F250.00000
G01 Z-0.20000
G04 P0 ( dwell for no time -- G64 should not smooth over this point )
G01 F500.00000
G01 X-74.34898 Y34.70366
G01 X-74.13852 Y34.69048
G01 X-74.46326 Y34.72645
G01 X-74.34898 Y34.70366
G01 X-74.61556 Y34.76086
G01 X-74.52744 Y34.73427
G04 P0 ( dwell for no time -- G64 should not smooth over this point )
G00 Z2.00000 ( retract )

G00 X-74.73560 Y34.79338 ( rapid move to begin. )
G01 F250.00000
G01 Z-0.20000
G04 P0 ( dwell for no time -- G64 should not smooth over this point )
G01 F500.00000
G01 X-74.73560 Y34.79338
G01 X-74.58632 Y34.75098
G01 X-74.74576 Y34.80161
G01 X-74.79564 Y34.84253
G01 X-75.76092 Y35.80783
G01 X-75.87522 Y35.96157
G01 X-75.98579 Y36.22848
G01 X-76.01599 Y36.46492
G01 X-76.01599 Y37.03531
G01 X-76.11228 Y37.14615
G01 X-76.22841 Y37.34204
G01 X-76.30748 Y37.55159
G01 X-76.30748 Y38.96350
G01 X-76.07474 Y39.19705
G01 X-75.42376 Y39.19702
G01 X-75.65711 Y39.29375
G01 X-75.92643 Y39.47975
G01 X-76.08076 Y39.64721
G01 X-76.22841 Y39.88204
G01 X-76.30745 Y40.09156
G01 X-76.30745 Y41.66707
G01 X-76.29277 Y41.93489
G01 X-76.14593 Y42.17307
G01 X-75.92160 Y42.45026
G01 X-74.87248 Y43.50202
G01 X-74.56593 Y43.75986
G01 X-74.30364 Y43.92036
G01 X-74.56593 Y43.75986
G04 P0 ( dwell for no time -- G64 should not smooth over this point )
G00 Z2.00000 ( retract )

G00 X-76.30748 Y40.84236 ( rapid move to begin. )
G01 F250.00000
G01 Z-0.20000
G04 P0 ( dwell for no time -- G64 should not smooth over this point )
G01 F500.00000
G01 X-76.30748 Y40.84236
G01 X-76.30745 Y40.09156
G04 P0 ( dwell for no time -- G64 should not smooth over this point )
G00 Z2.00000 ( retract )

G00 X-76.30748 Y40.09159 ( rapid move to begin. )
G01 F250.00000
G01 Z-0.20000
G04 P0 ( dwell for no time -- G64 should not smooth over this point )
G01 F500.00000
G01 X-76.30748 Y40.09159
G01 X-76.38657 Y39.88204
G01 X-76.47542 Y39.72814
G01 X-76.68855 Y39.47975
G01 X-76.95787 Y39.29375
G01 X-77.19124 Y39.19702
G01 X-77.96363 Y39.19702
G01 X-78.28375 Y39.05024
G01 X-78.50183 Y38.87886
G01 X-78.67956 Y38.66589
G01 X-78.76841 Y38.51199
G01 X-78.84748 Y38.30236
G01 X-78.84748 Y37.55159
G01 X-78.76841 Y37.34204
G01 X-78.65228 Y37.14615
G01 X-78.55599 Y37.03528
G01 X-78.55599 Y36.89175
G01 X-78.49759 Y36.72553
G01 X-78.46594 Y36.56795
G01 X-78.43846 Y36.02970
G01 X-78.37420 Y35.81687
G01 X-78.29967 Y35.68786
G01 X-78.19637 Y35.55621
G01 X-75.97296 Y33.32769
G01 X-78.19637 Y35.55621
G01 X-78.30201 Y35.69083
G01 X-78.28319 Y35.65934
G04 P0 ( dwell for no time -- G64 should not smooth over this point )
G00 Z2.00000 ( retract )

G00 X-75.94840 Y33.30308 ( rapid move to begin. )
G01 F250.00000
G01 Z-0.20000
G04 P0 ( dwell for no time -- G64 should not smooth over this point )
G01 F500.00000
G01 X-75.94840 Y33.30308
G01 X-75.97296 Y33.32769
G01 X-75.85117 Y33.18119
G04 P0 ( dwell for no time -- G64 should not smooth over this point )
G00 Z2.00000 ( retract )

G00 X-75.83826 Y33.16150 ( rapid move to begin. )
G01 F250.00000
G01 Z-0.20000
G04 P0 ( dwell for no time -- G64 should not smooth over this point )
G01 F500.00000
G01 X-75.83826 Y33.16150
G01 X-75.92462 Y33.26955
G01 X-75.71893 Y32.97931
G04 P0 ( dwell for no time -- G64 should not smooth over this point )
G00 Z2.00000 ( retract )

G00 X-75.71891 Y32.97926 ( rapid move to begin. )
G01 F250.00000
G01 Z-0.20000
G04 P0 ( dwell for no time -- G64 should not smooth over this point )
G01 F500.00000
G01 X-75.71891 Y32.97926
G01 X-75.71812 Y32.97791
G04 P0 ( dwell for no time -- G64 should not smooth over this point )
G00 Z2.00000 ( retract )

G00 X-75.71802 Y32.97778 ( rapid move to begin. )
G01 F250.00000
G01 Z-0.20000
G04 P0 ( dwell for no time -- G64 should not smooth over this point )
G01 F500.00000
G01 X-75.71802 Y32.97778
G01 X-75.69846 Y32.94433
G01 X-75.74278 Y33.01306
G01 X-75.71804 Y32.97776
G04 P0 ( dwell for no time -- G64 should not smooth over this point )
G00 Z2.00000 ( retract )

G00 X-75.65950 Y32.88385 ( rapid move to begin. )
G01 F250.00000
G01 Z-0.20000
G04 P0 ( dwell for no time -- G64 should not smooth over this point )
G01 F500.00000
G01 X-75.65950 Y32.88385
G01 X-75.69846 Y32.94433
G01 X-75.46958 Y32.55284
G04 P0 ( dwell for no time -- G64 should not smooth over this point )
G00 Z2.00000 ( retract )

G00 X-72.01109 Y36.61608 ( rapid move to begin. )
G01 F250.00000
G01 Z-0.20000
G04 P0 ( dwell for no time -- G64 should not smooth over this point )
G01 F500.00000
G01 X-72.01109 Y36.61608
G01 X-71.96316 Y36.62896
G01 X-72.36786 Y36.57813
G01 X-72.06753 Y36.60897
G01 X-72.12412 Y36.59812
G01 X-72.40860 Y36.57381
G01 X-72.36786 Y36.57813
G01 X-72.76024 Y36.59231
G01 X-72.49763 Y36.57557
G01 X-72.58630 Y36.57381
G01 X-72.87081 Y36.59812
G01 X-72.92542 Y36.60986
G01 X-72.80228 Y36.59678
G01 X-73.04066 Y36.63462
G01 X-72.87081 Y36.59812
G04 P0 ( dwell for no time -- G64 should not smooth over this point )
G00 Z2.00000 ( retract )

G00 X-73.46575 Y36.74559 ( rapid move to begin. )
G01 F250.00000
G01 Z-0.20000
G04 P0 ( dwell for no time -- G64 should not smooth over this point )
G01 F500.00000
G01 X-73.46575 Y36.74559
G01 X-73.16156 Y36.65385
G01 X-72.94038 Y36.61146
G01 X-73.16156 Y36.65385
G01 X-73.21978 Y36.67315
G01 X-73.10200 Y36.64783
G01 X-73.32059 Y36.70658
G01 X-73.21978 Y36.67315
G01 X-73.28805 Y36.68784
G01 X-73.62432 Y36.80729
G01 X-73.40370 Y36.72891
G01 X-73.62432 Y36.80729
G01 X-73.76748 Y36.95898
G01 X-73.76748 Y38.95349
G04 P0 ( dwell for no time -- G64 should not smooth over this point )
G00 Z2.00000 ( retract )

G00 X-74.01111 Y39.19702 ( rapid move to begin. )
G01 F250.00000
G01 Z-0.20000
G04 P0 ( dwell for no time -- G64 should not smooth over this point )
G01 F500.00000
G01 X-74.01111 Y39.19702
G01 X-73.97362 Y39.38961
G01 X-73.82249 Y39.95128
G01 X-73.77324 Y40.37912
G01 X-73.77794 Y40.24533
G01 X-73.82597 Y39.92834
G01 X-73.96270 Y39.68615
G01 X-74.14855 Y39.47975
G01 X-74.41787 Y39.29375
G01 X-74.65122 Y39.19702
G04 P0 ( dwell for no time -- G64 should not smooth over this point )
G00 Z2.00000 ( retract )

G00 X-73.76862 Y40.42303 ( rapid move to begin. )
G01 F250.00000
G01 Z-0.20000
G04 P0 ( dwell for no time -- G64 should not smooth over this point )
G01 F500.00000
G01 X-73.76862 Y40.42303
G01 X-73.78752 Y40.15433
G01 X-73.82597 Y39.92834
G01 X-73.82600 Y39.61701
G01 X-73.78957 Y39.43391
G01 X-73.68584 Y39.27866
G01 X-73.53060 Y39.17493
G01 X-73.44083 Y39.14770
G01 X-73.03116 Y39.13853
G01 X-72.67510 Y39.19004
G04 P0 ( dwell for no time -- G64 should not smooth over this point )
G00 Z2.00000 ( retract )

G00 X-72.58630 Y39.19471 ( rapid move to begin. )
G01 F250.00000
G01 Z-0.20000
G04 P0 ( dwell for no time -- G64 should not smooth over this point )
G01 F500.00000
G01 X-72.58630 Y39.19471
G01 X-72.14210 Y39.17135
G01 X-71.81244 Y39.10139
G01 X-72.14210 Y39.17135
G01 X-72.40860 Y39.19471
G04 P0 ( dwell for no time -- G64 should not smooth over this point )
G00 Z2.00000 ( retract )

G00 X-71.52636 Y36.74651 ( rapid move to begin. )
G01 F250.00000
G01 Z-0.20000
G04 P0 ( dwell for no time -- G64 should not smooth over this point )
G01 F500.00000
G01 X-71.52636 Y36.74651
G01 X-71.96316 Y36.62896
G01 X-71.52636 Y36.74651
G01 X-71.09110 Y36.74651
G01 X-69.72578 Y36.59939
G01 X-69.34722 Y36.59939
G01 X-69.05867 Y36.63759
G01 X-68.79324 Y36.84191
G01 X-69.07132 Y36.63589
G01 X-69.34722 Y36.59939
G01 X-69.67122 Y36.59939
G01 X-71.09110 Y36.74651
G04 P0 ( dwell for no time -- G64 should not smooth over this point )
G00 Z2.00000 ( retract )

G00 X-68.61481 Y34.69048 ( rapid move to begin. )
G01 F250.00000
G01 Z-0.20000
G04 P0 ( dwell for no time -- G64 should not smooth over this point )
G01 F500.00000
G01 X-68.61481 Y34.69048
G01 X-74.20126 Y34.69612
G01 X-68.61481 Y34.69048
G01 X-69.38824 Y34.69124
G01 X-68.60467 Y34.69137
G01 X-68.61481 Y34.69048
G01 X-68.40437 Y34.70366
G01 X-68.35598 Y34.71329
G01 X-68.60467 Y34.69137
G01 X-68.30632 Y34.71822
G01 X-68.28105 Y34.72480
G01 X-68.35197 Y34.71410
G01 X-68.01748 Y34.79348
G01 X-68.40437 Y34.70366
G04 P0 ( dwell for no time -- G64 should not smooth over this point )
G00 Z2.00000 ( retract )

G00 X-68.54376 Y37.07861 ( rapid move to begin. )
G01 F250.00000
G01 Z-0.20000
G04 P0 ( dwell for no time -- G64 should not smooth over this point )
G01 F500.00000
G01 X-68.54376 Y37.07861
G01 X-68.79324 Y36.84191
G01 X-68.54376 Y37.07861
G01 X-68.37615 Y37.28766
G01 X-68.18128 Y37.59967
G04 P0 ( dwell for no time -- G64 should not smooth over this point )
G00 Z2.00000 ( retract )

G00 X-68.62149 Y37.86700 ( rapid move to begin. )
G01 F250.00000
G01 Z-0.20000
G04 P0 ( dwell for no time -- G64 should not smooth over this point )
G01 F500.00000
G01 X-68.62149 Y37.86700
G01 X-68.64595 Y38.07394
G01 X-68.70058 Y38.23917
G01 X-68.79624 Y38.40482
G01 X-68.93767 Y38.55786
G01 X-69.09438 Y38.66726
G01 X-69.25374 Y38.73723
G01 X-69.44084 Y38.77701
G01 X-69.61488 Y38.77790
G01 X-71.02504 Y38.59202
G01 X-71.73672 Y38.59202
G01 X-71.81833 Y38.68130
G01 X-72.00538 Y38.81387
G01 X-72.18384 Y38.89233
G01 X-72.40863 Y38.93736
G01 X-72.62064 Y38.93375
G01 X-72.81114 Y38.89233
G01 X-72.98960 Y38.81387
G01 X-73.17665 Y38.68130
G01 X-73.31863 Y38.52362
G01 X-73.42473 Y38.33985
G01 X-73.48584 Y38.15474
G01 X-73.51249 Y37.92702
G01 X-73.49300 Y37.73305
G01 X-73.43093 Y37.53030
G01 X-73.31863 Y37.33040
G01 X-73.18886 Y37.18494
G01 X-73.01947 Y37.05741
G01 X-72.82727 Y36.96787
G01 X-72.58633 Y36.91666
G01 X-72.37434 Y36.92027
G01 X-72.16771 Y36.96787
G01 X-71.97551 Y37.05741
G01 X-71.83174 Y37.16185
G01 X-71.73670 Y37.26203
G01 X-71.03466 Y37.26203
G01 X-69.63213 Y36.95702
G01 X-69.44084 Y36.95702
G01 X-69.27043 Y36.99233
G01 X-69.06451 Y37.08400
G01 X-68.91201 Y37.19924
G01 X-68.79624 Y37.32919
G01 X-68.70058 Y37.49484
G01 X-68.64595 Y37.66010
G01 X-68.62149 Y37.86700
G04 P0 ( dwell for no time -- G64 should not smooth over this point )
G00 Z2.00000 ( retract )

G00 X-69.44805 Y38.99014 ( rapid move to begin. )
G01 F250.00000
G01 Z-0.20000
G04 P0 ( dwell for no time -- G64 should not smooth over this point )
G01 F500.00000
G01 X-69.44805 Y38.99014
G01 X-69.27381 Y38.96106
G01 X-69.10592 Y38.90650
G01 X-68.94783 Y38.82761
G01 X-68.75519 Y38.67599
G01 X-68.60381 Y38.49598
G01 X-68.52565 Y38.36007
G01 X-68.30930 Y37.84191
G01 X-68.32700 Y37.66106
G01 X-68.39624 Y37.41410
G01 X-68.54262 Y37.14491
G01 X-68.75339 Y36.92253
G01 X-68.92225 Y36.80310
G01 X-69.15687 Y36.69863
G01 X-69.45809 Y36.64262
G01 X-69.66489 Y36.64524
G01 X-71.06898 Y36.94852
G01 X-71.59976 Y36.94852
G01 X-71.79123 Y36.80379
G01 X-72.08696 Y36.66353
G01 X-72.30916 Y36.61362
G01 X-72.58633 Y36.60318
G01 X-72.90802 Y36.66353
G01 X-73.11711 Y36.75375
G01 X-73.38643 Y36.93975
G01 X-73.57228 Y37.14615
G01 X-73.68841 Y37.34204
G01 X-73.76748 Y37.55159
G01 X-73.84657 Y37.34204
G01 X-73.96270 Y37.14615
G01 X-74.05899 Y37.03528
G01 X-74.05899 Y36.87023
G01 X-73.73321 Y36.54448
G01 X-69.02014 Y36.54448
G01 X-67.86271 Y37.70190
G01 X-67.82121 Y37.72108
G01 X-67.86891 Y37.69964
G01 X-67.93487 Y37.69835
G01 X-68.12073 Y37.74120
G01 X-68.20808 Y37.77539
G01 X-68.31051 Y37.84445
G01 X-68.52565 Y38.36007
G01 X-68.65006 Y38.55964
G01 X-68.80480 Y38.72370
G04 P0 ( dwell for no time -- G64 should not smooth over this point )
G00 Z2.00000 ( retract )

G00 X-67.74961 Y37.75425 ( rapid move to begin. )
G01 F250.00000
G01 Z-0.20000
G04 P0 ( dwell for no time -- G64 should not smooth over this point )
G01 F500.00000
G01 X-67.74961 Y37.75425
G01 X-67.82121 Y37.72108
G01 X-67.60727 Y37.84105
G01 X-67.50239 Y37.92636
G01 X-67.52903 Y37.90025
G04 P0 ( dwell for no time -- G64 should not smooth over this point )
G00 Z2.00000 ( retract )

G00 X-67.45067 Y37.96845 ( rapid move to begin. )
G01 F250.00000
G01 Z-0.20000
G04 P0 ( dwell for no time -- G64 should not smooth over this point )
G01 F500.00000
G01 X-67.45067 Y37.96845
G01 X-67.50239 Y37.92636
G01 X-66.93256 Y38.48504
G01 X-67.45067 Y37.96845
G01 X-66.74994 Y38.65324
G01 X-66.69154 Y38.69405
G01 X-66.80244 Y38.61265
G01 X-66.93256 Y38.48504
G01 X-66.82596 Y38.59136
G04 P0 ( dwell for no time -- G64 should not smooth over this point )
G00 Z2.00000 ( retract )

G00 X-66.56922 Y38.75689 ( rapid move to begin. )
G01 F250.00000
G01 Z-0.20000
G04 P0 ( dwell for no time -- G64 should not smooth over this point )
G01 F500.00000
G01 X-66.56922 Y38.75689
G01 X-66.69154 Y38.69405
G01 X-66.56922 Y38.75689
G01 X-66.43828 Y38.79898
G04 P0 ( dwell for no time -- G64 should not smooth over this point )
G00 Z2.00000 ( retract )

G00 X-66.30247 Y38.81981 ( rapid move to begin. )
G01 F250.00000
G01 Z-0.20000
G04 P0 ( dwell for no time -- G64 should not smooth over this point )
G01 F500.00000
G01 X-66.30247 Y38.81981
G01 X-66.43828 Y38.79898
G01 X-66.28220 Y38.81981
G01 X-66.53874 Y38.76667
G01 X-66.73000 Y38.66467
G01 X-66.82596 Y38.59136
G01 X-67.50277 Y37.92603
G01 X-67.68052 Y37.79995
G01 X-67.86081 Y37.70333
G01 X-68.18128 Y37.59967
G01 X-68.31951 Y37.86637
G01 X-68.52565 Y38.36007
G01 X-68.71719 Y38.63083
G01 X-68.94783 Y38.82761
G01 X-69.20155 Y38.93756
G01 X-69.44805 Y38.99014
G01 X-69.63004 Y38.99007
G01 X-70.82971 Y38.83281
G01 X-71.04018 Y38.82298
G01 X-71.23624 Y38.85941
G01 X-71.37751 Y38.90551
G01 X-71.59979 Y38.90551
G01 X-71.87787 Y39.10028
G01 X-72.08531 Y39.16032
G01 X-72.62138 Y39.19098
G01 X-72.99473 Y39.14379
G01 X-73.20375 Y39.05024
G01 X-73.42183 Y38.87886
G01 X-73.59956 Y38.66589
G01 X-73.68841 Y38.51199
G01 X-73.76748 Y38.30236
G01 X-73.84657 Y38.51199
G01 X-73.93542 Y38.66589
G01 X-74.11312 Y38.87886
G01 X-74.18747 Y38.94579
G01 X-74.41787 Y39.10028
G01 X-74.62696 Y39.19050
G01 X-75.44802 Y39.19050
G01 X-75.74375 Y39.05024
G01 X-75.96183 Y38.87886
G01 X-76.13956 Y38.66589
G01 X-76.22841 Y38.51199
G01 X-76.30748 Y38.30236
G01 X-76.38657 Y38.51199
G01 X-76.50270 Y38.70790
G01 X-76.72747 Y38.94579
G01 X-76.95787 Y39.10028
G01 X-77.16696 Y39.19050
G01 X-78.61474 Y39.19702
G01 X-78.84748 Y39.43050
G01 X-79.08019 Y39.19705
G01 X-80.50368 Y39.19705
G01 X-80.73711 Y39.29375
G01 X-81.00643 Y39.47975
G01 X-81.16076 Y39.64721
G01 X-81.30841 Y39.88204
G01 X-81.38748 Y40.09159
G01 X-81.38748 Y40.84239
G01 X-81.30841 Y41.05199
G01 X-81.19228 Y41.24790
G01 X-81.09599 Y41.35874
G01 X-81.09599 Y44.40702
G01 X-81.06579 Y44.64347
G01 X-81.00142 Y44.82391
G01 X-80.90310 Y44.98835
G01 X-80.80940 Y45.09892
G01 X-74.94939 Y50.95893
G01 X-74.83882 Y51.05263
G01 X-74.67438 Y51.15095
G01 X-74.49394 Y51.21529
G01 X-74.25749 Y51.24551
G01 X-59.04307 Y51.24551
G01 X-58.34736 Y51.36853
G01 X-59.04851 Y51.30752
G01 X-57.68869 Y51.42585
G01 X-57.40033 Y51.42667
G01 X-57.68869 Y51.42585
G01 X-58.34180 Y51.36952
G04 P0 ( dwell for no time -- G64 should not smooth over this point )
G00 Z2.00000 ( retract )

G00 X-58.34195 Y51.36952 ( rapid move to begin. )
G01 F250.00000
G01 Z-0.20000
G04 P0 ( dwell for no time -- G64 should not smooth over this point )
G01 F500.00000
G01 X-58.34195 Y51.36952
G01 X-75.47118 Y51.36952
G01 X-81.67899 Y45.16171
G01 X-81.67899 Y41.35874
G01 X-81.58270 Y41.24790
G01 X-81.46657 Y41.05199
G01 X-81.38748 Y40.84239
G01 X-81.38748 Y44.40702
G01 X-81.36538 Y44.73572
G01 X-81.27790 Y44.97169
G01 X-81.14544 Y45.18723
G01 X-81.03106 Y45.32058
G01 X-75.29821 Y51.05341
G01 X-74.79097 Y51.23602
G01 X-74.51675 Y51.29073
G01 X-74.25749 Y51.30752
G01 X-59.04851 Y51.30752
G04 P0 ( dwell for no time -- G64 should not smooth over this point )
G00 Z2.00000 ( retract )

G00 X-57.35633 Y51.42585 ( rapid move to begin. )
G01 F250.00000
G01 Z-0.20000
G04 P0 ( dwell for no time -- G64 should not smooth over this point )
G01 F500.00000
G01 X-57.35633 Y51.42585
G01 X-57.40033 Y51.42667
G01 X-57.31546 Y51.41935
G01 X-57.40078 Y51.42585
G01 X-57.19954 Y51.40937
G01 X-57.15026 Y51.40005
G01 X-57.31198 Y51.41905
G01 X-57.10624 Y51.39456
G01 X-57.14018 Y51.39817
G01 X-57.04567 Y51.37828
G01 X-57.26649 Y51.41158
G01 X-56.91191 Y51.34887
G01 X-56.94948 Y51.36124
G04 P0 ( dwell for no time -- G64 should not smooth over this point )
G00 Z2.00000 ( retract )

G00 X-56.84485 Y51.33312 ( rapid move to begin. )
G01 F250.00000
G01 Z-0.20000
G04 P0 ( dwell for no time -- G64 should not smooth over this point )
G01 F500.00000
G01 X-56.84485 Y51.33312
G01 X-56.77310 Y51.30790
G01 X-56.91191 Y51.34887
G01 X-56.62626 Y51.25631
G01 X-56.96393 Y51.35631
G01 X-56.86624 Y51.30366
G01 X-56.66505 Y51.14455
G01 X-56.52860 Y50.98910
G01 X-56.38224 Y50.71994
G01 X-56.31300 Y50.47297
G01 X-56.29398 Y50.26701
G01 X-56.60749 Y50.26701
G01 X-56.63195 Y50.47394
G01 X-56.68659 Y50.63917
G01 X-56.78224 Y50.80482
G01 X-56.89802 Y50.93477
G01 X-57.05049 Y51.05001
G01 X-57.22362 Y51.13104
G01 X-57.44409 Y51.17790
G01 X-57.70878 Y51.16309
G01 X-59.01554 Y50.93200
G01 X-74.25749 Y50.93200
G01 X-74.40293 Y50.91529
G01 X-74.52661 Y50.87447
G01 X-74.63994 Y50.81029
G01 X-74.72772 Y50.73724
G01 X-80.58771 Y44.87723
G01 X-80.67874 Y44.76257
G01 X-80.76579 Y44.55246
G01 X-80.78250 Y44.40702
G01 X-80.78247 Y41.23271
G01 X-80.93863 Y41.06362
G01 X-81.04473 Y40.87985
G01 X-81.10584 Y40.69474
G01 X-81.13249 Y40.46702
G01 X-81.10584 Y40.23929
G01 X-81.03691 Y40.03878
G01 X-80.94806 Y39.88491
G01 X-80.79665 Y39.71272
G01 X-80.60960 Y39.58016
G01 X-80.43114 Y39.50170
G01 X-80.20633 Y39.45666
G01 X-79.99434 Y39.46027
G01 X-79.78771 Y39.50787
G01 X-79.59551 Y39.59741
G01 X-79.42611 Y39.72494
G01 X-79.29635 Y39.87040
G01 X-79.19807 Y40.03878
G01 X-79.12914 Y40.23929
G01 X-79.10338 Y40.48427
G01 X-79.12914 Y40.69474
G01 X-79.18405 Y40.86372
G01 X-79.29635 Y41.06362
G01 X-79.45248 Y41.23271
G01 X-79.45248 Y44.13156
G01 X-73.98203 Y49.60201
G01 X-59.01615 Y49.60201
G01 X-57.70878 Y49.37092
G01 X-57.44409 Y49.35611
G01 X-57.22362 Y49.40297
G01 X-57.05049 Y49.48400
G01 X-56.89802 Y49.59924
G01 X-56.78224 Y49.72919
G01 X-56.68659 Y49.89484
G01 X-56.63195 Y50.06010
G01 X-56.60749 Y50.26701
G04 P0 ( dwell for no time -- G64 should not smooth over this point )
G00 Z2.00000 ( retract )

G00 X-58.11970 Y49.12535 ( rapid move to begin. )
G01 F250.00000
G01 Z-0.20000
G04 P0 ( dwell for no time -- G64 should not smooth over this point )
G01 F500.00000
G01 X-58.11970 Y49.12535
G01 X-57.60088 Y49.08408
G01 X-57.52227 Y49.08560
G01 X-57.66174 Y49.08890
G01 X-57.39814 Y49.08799
G01 X-57.44406 Y49.08408
G04 P0 ( dwell for no time -- G64 should not smooth over this point )
G00 Z2.00000 ( retract )

G00 X-57.35217 Y49.08890 ( rapid move to begin. )
G01 F250.00000
G01 Z-0.20000
G04 P0 ( dwell for no time -- G64 should not smooth over this point )
G01 F500.00000
G01 X-57.35217 Y49.08890
G01 X-57.39814 Y49.08799
G01 X-57.31051 Y49.09551
G01 X-57.39865 Y49.08890
G01 X-57.19537 Y49.10539
G01 X-57.14645 Y49.11476
G01 X-57.28732 Y49.09749
G01 X-57.09796 Y49.12088
G01 X-57.25803 Y49.10384
G01 X-57.08087 Y49.12489
G01 X-57.11074 Y49.12162
G01 X-56.90246 Y49.16693
G01 X-57.09796 Y49.12088
G04 P0 ( dwell for no time -- G64 should not smooth over this point )
G00 Z2.00000 ( retract )

G00 X-56.83218 Y49.18349 ( rapid move to begin. )
G01 F250.00000
G01 Z-0.20000
G04 P0 ( dwell for no time -- G64 should not smooth over this point )
G01 F500.00000
G01 X-56.83218 Y49.18349
G01 X-56.63279 Y49.25365
G01 X-56.90246 Y49.16693
G01 X-56.61161 Y49.26109
G01 X-56.67538 Y49.23444
G04 P0 ( dwell for no time -- G64 should not smooth over this point )
G00 Z2.00000 ( retract )

G00 X-56.54757 Y49.28364 ( rapid move to begin. )
G01 F250.00000
G01 Z-0.20000
G04 P0 ( dwell for no time -- G64 should not smooth over this point )
G01 F500.00000
G01 X-56.54757 Y49.28364
G01 X-56.61161 Y49.26109
G01 X-56.50205 Y49.30691
G01 X-56.61674 Y49.26089
G01 X-56.31293 Y49.39581
G01 X-56.39078 Y49.35344
G04 P0 ( dwell for no time -- G64 should not smooth over this point )
G00 Z2.00000 ( retract )

G00 X-56.23487 Y49.43315 ( rapid move to begin. )
G01 F250.00000
G01 Z-0.20000
G04 P0 ( dwell for no time -- G64 should not smooth over this point )
G01 F500.00000
G01 X-56.23487 Y49.43315
G01 X-56.47290 Y49.32182
G01 X-56.16106 Y49.48126
G01 X-56.22471 Y49.43902
G04 P0 ( dwell for no time -- G64 should not smooth over this point )
G00 Z2.00000 ( retract )

G00 X-56.07808 Y49.52370 ( rapid move to begin. )
G01 F250.00000
G01 Z-0.20000
G04 P0 ( dwell for no time -- G64 should not smooth over this point )
G01 F500.00000
G01 X-56.07808 Y49.52370
G01 X-55.83226 Y49.69154
G01 X-56.16106 Y49.48126
G01 X-55.74005 Y49.76571
G01 X-55.83226 Y49.69154
G01 X-55.74298 Y49.75253
G04 P0 ( dwell for no time -- G64 should not smooth over this point )
G00 Z2.00000 ( retract )

G00 X-55.26566 Y50.15781 ( rapid move to begin. )
G01 F250.00000
G01 Z-0.20000
G04 P0 ( dwell for no time -- G64 should not smooth over this point )
G01 F500.00000
G01 X-55.26566 Y50.15781
G01 X-55.74005 Y49.76571
G01 X-55.68943 Y49.99553
G01 X-55.66698 Y50.26701
G01 X-55.68943 Y50.53851
G01 X-55.73279 Y50.74252
G01 X-56.20218 Y51.05601
G01 X-55.14737 Y51.05601
G01 X-53.82479 Y49.73343
G01 X-53.56234 Y49.53279
G01 X-53.38085 Y49.44829
G01 X-53.44334 Y49.45763
G01 X-53.08286 Y49.40366
G01 X-52.45812 Y49.39853
G01 X-52.91121 Y49.39703
G01 X-53.28654 Y49.42919
G01 X-53.54651 Y49.48100
G01 X-53.75598 Y49.54062
G01 X-55.04402 Y50.06602
G01 X-55.36071 Y50.38263
G01 X-55.39500 Y50.45811
G01 X-55.35913 Y50.37485
G01 X-55.39500 Y50.45811
G01 X-55.73650 Y50.74508
G01 X-56.19708 Y51.04668
G01 X-56.11379 Y50.89421
G01 X-56.03563 Y50.66769
G01 X-56.00122 Y50.50574
G01 X-55.98049 Y50.26701
G01 X-56.29398 Y50.26701
G01 X-56.33381 Y49.96322
G01 X-56.42293 Y49.72271
G01 X-56.52860 Y49.54491
G01 X-56.73939 Y49.32253
G01 X-56.90823 Y49.20310
G01 X-57.05214 Y49.13655
G01 X-57.40119 Y49.08890
G01 X-57.60320 Y49.08890
G01 X-59.05077 Y49.20701
G01 X-64.02716 Y49.20701
G01 X-65.53719 Y49.28585
G01 X-65.70148 Y49.27722
G01 X-65.91712 Y49.23538
G01 X-66.10712 Y49.15367
G01 X-66.32060 Y49.01148
G01 X-66.53137 Y48.78911
G01 X-66.67773 Y48.51994
G01 X-66.74697 Y48.27295
G01 X-66.76599 Y48.06701
G01 X-66.74697 Y47.86107
G01 X-66.67773 Y47.61410
G01 X-66.53137 Y47.34491
G01 X-66.39492 Y47.18946
G01 X-66.15174 Y47.00311
G01 X-65.96389 Y46.91659
G01 X-65.71537 Y46.85307
G01 X-65.61588 Y46.84263
G01 X-65.45909 Y46.84263
G01 X-65.26955 Y46.86849
G01 X-64.00209 Y47.16851
G01 X-49.76793 Y47.16851
G01 X-49.54210 Y47.01705
G01 X-49.34256 Y46.93107
G01 X-49.13059 Y46.88334
G01 X-47.23207 Y46.87705
G01 X-49.09059 Y46.87702
G01 X-47.23116 Y46.87702
G04 P0 ( dwell for no time -- G64 should not smooth over this point )
G00 Z2.00000 ( retract )

G00 X-46.38338 Y45.58977 ( rapid move to begin. )
G01 F250.00000
G01 Z-0.20000
G04 P0 ( dwell for no time -- G64 should not smooth over this point )
G01 F500.00000
G01 X-46.38338 Y45.58977
G01 X-46.40804 Y45.82434
G01 X-46.47375 Y46.01492
G01 X-46.56679 Y46.17423
G01 X-46.71521 Y46.33503
G01 X-46.88038 Y46.45058
G01 X-47.04929 Y46.52480
G01 X-47.22956 Y46.56404
G01 X-47.34749 Y46.57202
G01 X-48.94749 Y46.57202
G01 X-49.22902 Y46.52927
G01 X-49.41459 Y46.45058
G01 X-49.59404 Y46.32340
G01 X-49.67545 Y46.23201
G01 X-59.99382 Y46.23201
G01 X-61.30121 Y46.46310
G01 X-61.58312 Y46.47700
G01 X-61.77024 Y46.43722
G01 X-61.92960 Y46.36727
G01 X-62.08632 Y46.25787
G01 X-62.21688 Y46.11827
G01 X-62.32958 Y45.92305
G01 X-62.38520 Y45.74019
G01 X-62.40247 Y45.56701
G01 X-62.38520 Y45.39384
G01 X-62.32958 Y45.21098
G01 X-62.21688 Y45.01576
G01 X-62.08632 Y44.87616
G01 X-61.92960 Y44.76676
G01 X-61.77024 Y44.69679
G01 X-61.58312 Y44.65703
G01 X-61.30118 Y44.67093
G01 X-59.99443 Y44.90202
G01 X-49.60535 Y44.90202
G01 X-49.41459 Y44.76343
G01 X-49.24568 Y44.68924
G01 X-49.06542 Y44.65000
G01 X-47.34749 Y44.64200
G01 X-47.22956 Y44.65000
G01 X-47.03316 Y44.69541
G01 X-46.85051 Y44.78071
G01 X-46.70177 Y44.88988
G01 X-46.56679 Y45.03979
G01 X-46.46591 Y45.21451
G01 X-46.40357 Y45.40636
G01 X-46.38338 Y45.58977
G04 P0 ( dwell for no time -- G64 should not smooth over this point )
G00 Z2.00000 ( retract )

G00 X-46.39237 Y44.91893 ( rapid move to begin. )
G01 F250.00000
G01 Z-0.20000
G04 P0 ( dwell for no time -- G64 should not smooth over this point )
G01 F500.00000
G01 X-46.39237 Y44.91893
G01 X-46.76613 Y44.47875
G01 X-46.39237 Y44.91893
G01 X-46.27680 Y45.13265
G01 X-46.28981 Y45.09297
G01 X-46.22567 Y45.25746
G01 X-46.21584 Y45.30077
G01 X-46.23540 Y45.24685
G01 X-46.18348 Y45.44377
G01 X-46.18099 Y45.49287
G01 X-46.20208 Y45.36163
G01 X-46.17327 Y45.56773
G01 X-46.17944 Y45.52338
G01 X-46.18927 Y45.79592
G01 X-46.17327 Y45.56773
G01 X-46.18348 Y45.77029
G04 P0 ( dwell for no time -- G64 should not smooth over this point )
G00 Z2.00000 ( retract )

G00 X-46.77655 Y46.74753 ( rapid move to begin. )
G01 F250.00000
G01 Z-0.20000
G04 P0 ( dwell for no time -- G64 should not smooth over this point )
G01 F500.00000
G01 X-46.77655 Y46.74753
G01 X-46.39237 Y46.29511
G01 X-46.29293 Y46.12642
G01 X-46.22567 Y45.95660
G01 X-46.18927 Y45.79592
G01 X-46.22567 Y45.95660
G01 X-46.28981 Y46.12112
G01 X-46.39237 Y46.29511
G01 X-46.77678 Y46.74951
G01 X-46.95242 Y46.82294
G01 X-47.20444 Y46.87702
G01 X-46.87231 Y46.87705
G01 X-46.77678 Y46.74951
G01 X-46.79298 Y46.87702
G01 X-46.77683 Y47.00448
G01 X-46.39237 Y47.45893
G01 X-46.29344 Y47.62678
G01 X-46.21584 Y47.84077
G01 X-46.18569 Y48.01880
G01 X-46.22567 Y47.79746
G01 X-46.29534 Y47.62157
G01 X-46.39237 Y47.45893
G01 X-46.69760 Y47.11027
G01 X-46.87231 Y46.87705
G04 P0 ( dwell for no time -- G64 should not smooth over this point )
G00 Z2.00000 ( retract )

G00 X-46.77660 Y47.00646 ( rapid move to begin. )
G01 F250.00000
G01 Z-0.20000
G04 P0 ( dwell for no time -- G64 should not smooth over this point )
G01 F500.00000
G01 X-46.77660 Y47.00646
G01 X-46.95242 Y46.93107
G01 X-47.22430 Y46.87702
G04 P0 ( dwell for no time -- G64 should not smooth over this point )
G00 Z2.00000 ( retract )

G00 X-46.38338 Y48.12977 ( rapid move to begin. )
G01 F250.00000
G01 Z-0.20000
G04 P0 ( dwell for no time -- G64 should not smooth over this point )
G01 F500.00000
G01 X-46.38338 Y48.12977
G01 X-46.40357 Y47.94636
G01 X-46.46591 Y47.75451
G01 X-46.56679 Y47.57979
G01 X-46.70177 Y47.42988
G01 X-46.85051 Y47.32071
G01 X-47.03316 Y47.23541
G01 X-47.22956 Y47.19000
G01 X-47.34749 Y47.18200
G01 X-49.06542 Y47.19000
G01 X-49.24568 Y47.22924
G01 X-49.41459 Y47.30343
G01 X-49.57977 Y47.41900
G01 X-49.64136 Y47.48202
G01 X-64.03869 Y47.48202
G01 X-65.34176 Y47.17356
G01 X-65.61588 Y47.15611
G01 X-65.82025 Y47.19681
G01 X-65.97961 Y47.26676
G01 X-66.16195 Y47.39924
G01 X-66.27773 Y47.52919
G01 X-66.37338 Y47.69485
G01 X-66.42802 Y47.86010
G01 X-66.45248 Y48.06701
G01 X-66.43518 Y48.24019
G01 X-66.37958 Y48.42304
G01 X-66.26688 Y48.61827
G01 X-66.13633 Y48.75786
G01 X-65.97961 Y48.86726
G01 X-65.82025 Y48.93724
G01 X-65.63313 Y48.97699
G01 X-65.45909 Y48.97790
G01 X-64.05017 Y48.81202
G01 X-49.64136 Y48.81202
G01 X-49.44446 Y48.97333
G01 X-49.26181 Y49.05860
G01 X-49.06542 Y49.10404
G01 X-48.94749 Y49.11202
G01 X-47.34749 Y49.11202
G01 X-47.22956 Y49.10404
G01 X-47.04929 Y49.06480
G01 X-46.88038 Y48.99058
G01 X-46.71521 Y48.87503
G01 X-46.56679 Y48.71423
G01 X-46.47375 Y48.55492
G01 X-46.40804 Y48.36434
G01 X-46.38338 Y48.12977
G04 P0 ( dwell for no time -- G64 should not smooth over this point )
G00 Z2.00000 ( retract )

G00 X-46.22567 Y47.79746 ( rapid move to begin. )
G01 F250.00000
G01 Z-0.20000
G04 P0 ( dwell for no time -- G64 should not smooth over this point )
G01 F500.00000
G01 X-46.22567 Y47.79746
G01 X-46.19047 Y47.94136
G01 X-46.17327 Y48.10773
G01 X-46.17556 Y48.21423
G01 X-46.18569 Y48.01880
G01 X-46.18348 Y48.31029
G01 X-46.18887 Y48.33018
G01 X-46.18546 Y48.28144
G01 X-46.19047 Y48.35271
G01 X-46.24165 Y48.52441
G01 X-46.20423 Y48.40905
G01 X-46.22567 Y48.49660
G01 X-46.29534 Y48.67249
G01 X-46.27759 Y48.62355
G01 X-46.36794 Y48.79416
G01 X-46.29534 Y48.67249
G04 P0 ( dwell for no time -- G64 should not smooth over this point )
G00 Z2.00000 ( retract )

G00 X-46.39237 Y48.83511 ( rapid move to begin. )
G01 F250.00000
G01 Z-0.20000
G04 P0 ( dwell for no time -- G64 should not smooth over this point )
G01 F500.00000
G01 X-46.39237 Y48.83511
G01 X-46.36794 Y48.79416
G01 X-46.76608 Y49.27521
G01 X-46.69758 Y49.18375
G04 P0 ( dwell for no time -- G64 should not smooth over this point )
G00 Z2.00000 ( retract )

G00 X-46.77655 Y49.28753 ( rapid move to begin. )
G01 F250.00000
G01 Z-0.20000
G04 P0 ( dwell for no time -- G64 should not smooth over this point )
G01 F500.00000
G01 X-46.77655 Y49.28753
G01 X-46.76608 Y49.27521
G01 X-46.95242 Y49.36294
G01 X-47.19928 Y49.41593
G01 X-46.87231 Y49.41702
G01 X-46.77678 Y49.28949
G01 X-46.79298 Y49.41702
G01 X-46.77683 Y49.54445
G01 X-46.39237 Y49.99893
G01 X-46.69760 Y49.65027
G01 X-46.87231 Y49.41702
G01 X-49.12150 Y49.40955
G01 X-47.20433 Y49.41702
G01 X-47.22440 Y49.41705
G01 X-46.90566 Y49.48903
G01 X-46.77660 Y49.54646
G04 P0 ( dwell for no time -- G64 should not smooth over this point )
G00 Z2.00000 ( retract )

G00 X-47.22440 Y49.41705 ( rapid move to begin. )
G01 F250.00000
G01 Z-0.20000
G04 P0 ( dwell for no time -- G64 should not smooth over this point )
G01 F500.00000
G01 X-47.22440 Y49.41705
G01 X-49.79501 Y49.41702
G01 X-49.82511 Y49.40724
G01 X-49.12150 Y49.40955
G01 X-49.38932 Y49.34501
G01 X-49.62874 Y49.22695
G01 X-49.76793 Y49.12550
G01 X-57.07599 Y49.12555
G01 X-56.78864 Y49.20023
G01 X-56.53279 Y49.29876
G01 X-56.21722 Y49.45253
G01 X-56.11379 Y49.63983
G01 X-56.03563 Y49.86635
G01 X-56.00122 Y50.02830
G01 X-55.98049 Y50.26701
G01 X-55.35349 Y50.26701
G01 X-55.35913 Y50.37485
G01 X-55.26566 Y50.15781
G01 X-53.79541 Y49.55672
G01 X-53.31369 Y49.43460
G01 X-52.97994 Y49.40343
G01 X-49.82511 Y49.40724
G01 X-52.45812 Y49.39853
G01 X-49.85658 Y49.39703
G04 P0 ( dwell for no time -- G64 should not smooth over this point )
G00 Z2.00000 ( retract )

G00 X-49.07057 Y49.41705 ( rapid move to begin. )
G01 F250.00000
G01 Z-0.20000
G04 P0 ( dwell for no time -- G64 should not smooth over this point )
G01 F500.00000
G01 X-49.07057 Y49.41705
G01 X-49.38932 Y49.48903
G01 X-49.54210 Y49.55705
G01 X-49.71332 Y49.66851
G01 X-52.91121 Y49.66851
G01 X-53.05566 Y49.68042
G01 X-53.24143 Y49.72718
G01 X-53.41456 Y49.80927
G01 X-53.60310 Y49.95512
G01 X-55.01750 Y51.36952
G01 X-56.98841 Y51.36952
G01 X-56.80233 Y51.31674
G01 X-56.42977 Y51.16566
G01 X-56.16055 Y51.02801
G01 X-55.73279 Y50.74252
G01 X-55.27722 Y50.74252
G01 X-54.28715 Y49.75250
G01 X-53.75598 Y49.54062
G01 X-53.44334 Y49.45763
G01 X-53.58580 Y49.48885
G04 P0 ( dwell for no time -- G64 should not smooth over this point )
G00 Z2.00000 ( retract )

G00 X-53.36094 Y49.43902 ( rapid move to begin. )
G01 F250.00000
G01 Z-0.20000
G04 P0 ( dwell for no time -- G64 should not smooth over this point )
G01 F500.00000
G01 X-53.36094 Y49.43902
G01 X-56.22471 Y49.43902
G01 X-55.72522 Y49.76543
G01 X-55.36680 Y50.06602
G01 X-55.04402 Y50.06602
G04 P0 ( dwell for no time -- G64 should not smooth over this point )
G00 Z2.00000 ( retract )

G00 X-54.28715 Y49.75250 ( rapid move to begin. )
G01 F250.00000
G01 Z-0.20000
G04 P0 ( dwell for no time -- G64 should not smooth over this point )
G01 F500.00000
G01 X-54.28715 Y49.75250
G01 X-55.74298 Y49.75253
G01 X-55.36680 Y50.06602
G01 X-55.35349 Y50.26701
G04 P0 ( dwell for no time -- G64 should not smooth over this point )
G00 Z2.00000 ( retract )

G00 X-55.39500 Y50.45811 ( rapid move to begin. )
G01 F250.00000
G01 Z-0.20000
G04 P0 ( dwell for no time -- G64 should not smooth over this point )
G01 F500.00000
G01 X-55.39500 Y50.45811
G01 X-55.73277 Y50.74252
G04 P0 ( dwell for no time -- G64 should not smooth over this point )
G00 Z2.00000 ( retract )

G00 X-55.73279 Y50.74252 ( rapid move to begin. )
G01 F250.00000
G01 Z-0.20000
G04 P0 ( dwell for no time -- G64 should not smooth over this point )
G01 F500.00000
G01 X-55.73279 Y50.74252
G01 X-55.91036 Y50.87333
G01 X-56.22009 Y51.06482
G01 X-56.20218 Y51.05601
G04 P0 ( dwell for no time -- G64 should not smooth over this point )
G00 Z2.00000 ( retract )

G00 X-56.40807 Y51.16492 ( rapid move to begin. )
G01 F250.00000
G01 Z-0.20000
G04 P0 ( dwell for no time -- G64 should not smooth over this point )
G01 F500.00000
G01 X-56.40807 Y51.16492
G01 X-56.20988 Y51.05689
G01 X-56.46286 Y51.18600
G01 X-56.40807 Y51.16492
G01 X-56.49438 Y51.20106
G01 X-56.36977 Y51.13858
G01 X-56.63132 Y51.25659
G01 X-56.52009 Y51.21183
G01 X-56.62626 Y51.25631
G01 X-56.56489 Y51.23475
G04 P0 ( dwell for no time -- G64 should not smooth over this point )
G00 Z2.00000 ( retract )

G00 X-54.40389 Y53.40932 ( rapid move to begin. )
G01 F250.00000
G01 Z-0.20000
G04 P0 ( dwell for no time -- G64 should not smooth over this point )
G01 F500.00000
G01 X-54.40389 Y53.40932
G01 X-54.27884 Y53.27210
G01 X-54.30122 Y53.43017
G01 X-54.28629 Y53.54912
G01 X-54.40389 Y53.40932
G01 X-67.97023 Y53.40251
G01 X-69.27833 Y53.28861
G01 X-68.83635 Y53.32654
G04 P0 ( dwell for no time -- G64 should not smooth over this point )
G00 Z2.00000 ( retract )

G00 X-68.00447 Y55.33872 ( rapid move to begin. )
G01 F250.00000
G01 Z-0.20000
G04 P0 ( dwell for no time -- G64 should not smooth over this point )
G01 F500.00000
G01 X-68.00447 Y55.33872
G01 X-69.40909 Y55.58015
G01 X-68.00447 Y55.33872
G01 X-67.89578 Y55.33227
G01 X-55.28860 Y55.33227
G01 X-55.04026 Y55.35696
G01 X-54.88329 Y55.48414
G01 X-55.04026 Y55.35696
G04 P0 ( dwell for no time -- G64 should not smooth over this point )
G00 Z2.00000 ( retract )

G00 X-54.28408 Y53.55920 ( rapid move to begin. )
G01 F250.00000
G01 Z-0.20000
G04 P0 ( dwell for no time -- G64 should not smooth over this point )
G01 F500.00000
G01 X-54.28408 Y53.55920
G01 X-54.28408 Y53.55918
G04 P0 ( dwell for no time -- G64 should not smooth over this point )
G00 Z2.00000 ( retract )

G00 X-54.01514 Y53.87157 ( rapid move to begin. )
G01 F250.00000
G01 Z-0.20000
G04 P0 ( dwell for no time -- G64 should not smooth over this point )
G01 F500.00000
G01 X-54.01514 Y53.87157
G01 X-51.97618 Y55.91396
G01 X-54.01514 Y53.87157
G01 X-54.28629 Y53.54912
G01 X-54.28408 Y53.55918
G01 X-54.43104 Y53.50873
G01 X-54.66749 Y53.47851
G01 X-67.97691 Y53.47851
G01 X-68.83635 Y53.32654
G01 X-54.56530 Y53.32420
G01 X-54.37574 Y53.29631
G01 X-54.27762 Y53.26606
G01 X-53.08634 Y52.06337
G01 X-54.22373 Y53.21165
G01 X-53.90902 Y52.88194
G01 X-54.06833 Y53.04114
G04 P0 ( dwell for no time -- G64 should not smooth over this point )
G00 Z2.00000 ( retract )

G00 X-54.27717 Y53.26560 ( rapid move to begin. )
G01 F250.00000
G01 Z-0.20000
G04 P0 ( dwell for no time -- G64 should not smooth over this point )
G01 F500.00000
G01 X-54.27717 Y53.26560
G01 X-54.22373 Y53.21165
G01 X-54.27762 Y53.26606
G04 P0 ( dwell for no time -- G64 should not smooth over this point )
G00 Z2.00000 ( retract )

G00 X-52.73148 Y51.70510 ( rapid move to begin. )
G01 F250.00000
G01 Z-0.20000
G04 P0 ( dwell for no time -- G64 should not smooth over this point )
G01 F500.00000
G01 X-52.73148 Y51.70510
G01 X-53.90902 Y52.88194
G01 X-52.70366 Y51.68232
G04 P0 ( dwell for no time -- G64 should not smooth over this point )
G00 Z2.00000 ( retract )

G00 X-52.70359 Y51.68227 ( rapid move to begin. )
G01 F250.00000
G01 Z-0.20000
G04 P0 ( dwell for no time -- G64 should not smooth over this point )
G01 F500.00000
G01 X-52.70359 Y51.68227
G01 X-52.67664 Y51.65542
G04 P0 ( dwell for no time -- G64 should not smooth over this point )
G00 Z2.00000 ( retract )

G00 X-52.53841 Y51.54696 ( rapid move to begin. )
G01 F250.00000
G01 Z-0.20000
G04 P0 ( dwell for no time -- G64 should not smooth over this point )
G01 F500.00000
G01 X-52.53841 Y51.54696
G01 X-52.70359 Y51.68227
G01 X-52.53841 Y51.54696
G01 X-52.29007 Y51.52227
G01 X-49.95533 Y51.53071
G01 X-52.29007 Y51.52227
G04 P0 ( dwell for no time -- G64 should not smooth over this point )
G00 Z2.00000 ( retract )

G00 X-49.78502 Y51.55382 ( rapid move to begin. )
G01 F250.00000
G01 Z-0.20000
G04 P0 ( dwell for no time -- G64 should not smooth over this point )
G01 F500.00000
G01 X-49.78502 Y51.55382
G01 X-49.95533 Y51.53071
G01 X-49.78502 Y51.55382
G01 X-49.58442 Y51.70594
G01 X-49.38424 Y51.89751
G01 X-49.58442 Y51.70594
G04 P0 ( dwell for no time -- G64 should not smooth over this point )
G00 Z2.00000 ( retract )

G00 X-49.31937 Y51.95664 ( rapid move to begin. )
G01 F250.00000
G01 Z-0.20000
G04 P0 ( dwell for no time -- G64 should not smooth over this point )
G01 F500.00000
G01 X-49.31937 Y51.95664
G01 X-49.38751 Y51.88468
G01 X-49.09178 Y51.95666
G01 X-49.31937 Y51.95664
G01 X-49.38424 Y51.89751
G01 X-49.35366 Y52.01661
G01 X-49.07306 Y51.95702
G04 P0 ( dwell for no time -- G64 should not smooth over this point )
G00 Z2.00000 ( retract )

G00 X-49.07116 Y51.95699 ( rapid move to begin. )
G01 F250.00000
G01 Z-0.20000
G04 P0 ( dwell for no time -- G64 should not smooth over this point )
G01 F500.00000
G01 X-49.07116 Y51.95699
G01 X-49.09178 Y51.95666
G01 X-47.17200 Y51.94991
G01 X-47.34749 Y51.95702
G04 P0 ( dwell for no time -- G64 should not smooth over this point )
G00 Z2.00000 ( retract )

G00 X-49.07078 Y54.49704 ( rapid move to begin. )
G01 F250.00000
G01 Z-0.20000
G04 P0 ( dwell for no time -- G64 should not smooth over this point )
G01 F500.00000
G01 X-49.07078 Y54.49704
G01 X-47.13601 Y54.51013
G01 X-49.07766 Y54.49842
G01 X-47.20990 Y54.50380
G01 X-49.07278 Y54.49704
G01 X-49.32473 Y54.44619
G01 X-49.34939 Y54.55275
G01 X-49.29460 Y54.49776
G01 X-49.07080 Y54.49704
G04 P0 ( dwell for no time -- G64 should not smooth over this point )
G00 Z2.00000 ( retract )

G00 X-49.29460 Y54.49776 ( rapid move to begin. )
G01 F250.00000
G01 Z-0.20000
G04 P0 ( dwell for no time -- G64 should not smooth over this point )
G01 F500.00000
G01 X-49.29460 Y54.49776
G01 X-49.07766 Y54.49842
G01 X-49.34939 Y54.55275
G01 X-49.76973 Y54.92770
G01 X-49.45871 Y54.66250
G04 P0 ( dwell for no time -- G64 should not smooth over this point )
G00 Z2.00000 ( retract )

G00 X-47.22440 Y57.03705 ( rapid move to begin. )
G01 F250.00000
G01 Z-0.20000
G04 P0 ( dwell for no time -- G64 should not smooth over this point )
G01 F500.00000
G01 X-47.22440 Y57.03705
G01 X-46.90566 Y57.10903
G01 X-46.77660 Y57.16646
G04 P0 ( dwell for no time -- G64 should not smooth over this point )
G00 Z2.00000 ( retract )

G00 X-46.87231 Y57.03705 ( rapid move to begin. )
G01 F250.00000
G01 Z-0.20000
G04 P0 ( dwell for no time -- G64 should not smooth over this point )
G01 F500.00000
G01 X-46.87231 Y57.03705
G01 X-46.69760 Y57.27027
G01 X-46.39237 Y57.61893
G01 X-46.77683 Y57.16448
G01 X-46.79298 Y57.03702
G01 X-46.77678 Y56.90951
G01 X-46.87231 Y57.03705
G01 X-49.42264 Y57.03705
G01 X-49.51838 Y56.90753
G01 X-49.38932 Y56.96501
G01 X-49.09051 Y57.03702
G01 X-47.20446 Y57.03702
G01 X-46.95242 Y56.98294
G01 X-46.76603 Y56.89514
G01 X-46.77655 Y56.90753
G04 P0 ( dwell for no time -- G64 should not smooth over this point )
G00 Z2.00000 ( retract )

G00 X-46.39237 Y56.45511 ( rapid move to begin. )
G01 F250.00000
G01 Z-0.20000
G04 P0 ( dwell for no time -- G64 should not smooth over this point )
G01 F500.00000
G01 X-46.39237 Y56.45511
G01 X-46.76603 Y56.89514
G01 X-46.39237 Y56.45511
G01 X-46.29534 Y56.29249
G01 X-46.22567 Y56.11660
G01 X-46.18099 Y55.88114
G01 X-46.22567 Y56.11660
G04 P0 ( dwell for no time -- G64 should not smooth over this point )
G00 Z2.00000 ( retract )

G00 X-46.38338 Y55.74975 ( rapid move to begin. )
G01 F250.00000
G01 Z-0.20000
G04 P0 ( dwell for no time -- G64 should not smooth over this point )
G01 F500.00000
G01 X-46.38338 Y55.74975
G01 X-46.40357 Y55.96765
G01 X-46.45973 Y56.14340
G01 X-46.56679 Y56.33423
G01 X-46.68955 Y56.47195
G01 X-46.85051 Y56.59333
G01 X-47.03316 Y56.67860
G01 X-47.22956 Y56.72404
G01 X-47.34749 Y56.73202
G01 X-48.94749 Y56.73202
G01 X-49.06542 Y56.72404
G01 X-49.24568 Y56.68480
G01 X-49.41459 Y56.61058
G01 X-49.57977 Y56.49503
G01 X-49.72818 Y56.33423
G01 X-49.83524 Y56.14340
G01 X-49.88693 Y55.98434
G01 X-49.91159 Y55.78427
G01 X-49.89140 Y55.56636
G01 X-49.83524 Y55.39062
G01 X-49.72818 Y55.19979
G01 X-49.60542 Y55.06207
G01 X-49.44446 Y54.94071
G01 X-49.26181 Y54.85541
G01 X-49.06542 Y54.81000
G01 X-48.94749 Y54.80200
G01 X-47.34749 Y54.80200
G01 X-47.22956 Y54.81000
G01 X-47.04929 Y54.84924
G01 X-46.88038 Y54.92343
G01 X-46.71521 Y55.03900
G01 X-46.56679 Y55.19979
G01 X-46.45973 Y55.39062
G01 X-46.40804 Y55.54970
G01 X-46.38338 Y55.74975
G04 P0 ( dwell for no time -- G64 should not smooth over this point )
G00 Z2.00000 ( retract )

G00 X-46.17327 Y55.80631 ( rapid move to begin. )
G01 F250.00000
G01 Z-0.20000
G04 P0 ( dwell for no time -- G64 should not smooth over this point )
G01 F500.00000
G01 X-46.17327 Y55.80631
G01 X-46.18099 Y55.88114
G01 X-46.19090 Y55.21632
G01 X-46.34467 Y54.97660
G01 X-46.53093 Y54.78536
G01 X-46.66624 Y54.68706
G01 X-46.90566 Y54.56903
G01 X-47.13601 Y54.51013
G01 X-46.99735 Y54.52201
G01 X-46.26542 Y54.65132
G01 X-47.18221 Y54.50390
G01 X-46.74749 Y54.50550
G01 X-46.61513 Y54.49247
G01 X-46.37053 Y54.39115
G01 X-46.24284 Y54.27647
G01 X-46.16385 Y54.16751
G01 X-46.11963 Y53.63080
G01 X-46.16700 Y54.19379
G01 X-46.26542 Y54.65132
G01 X-46.16309 Y54.78777
G01 X-46.19090 Y55.21632
G01 X-46.10611 Y55.08582
G01 X-46.03797 Y55.02135
G01 X-45.88178 Y54.91190
G01 X-45.73433 Y54.86212
G01 X-46.16309 Y54.78777
G04 P0 ( dwell for no time -- G64 should not smooth over this point )
G00 Z2.00000 ( retract )

G00 X-46.11963 Y53.63075 ( rapid move to begin. )
G01 F250.00000
G01 Z-0.20000
G04 P0 ( dwell for no time -- G64 should not smooth over this point )
G01 F500.00000
G01 X-46.11963 Y53.63075
G01 X-46.10081 Y53.49623
G04 P0 ( dwell for no time -- G64 should not smooth over this point )
G00 Z2.00000 ( retract )

G00 X-46.00830 Y53.09443 ( rapid move to begin. )
G01 F250.00000
G01 Z-0.20000
G04 P0 ( dwell for no time -- G64 should not smooth over this point )
G01 F500.00000
G01 X-46.00830 Y53.09443
G01 X-45.89408 Y53.04729
G01 X-46.05836 Y53.01937
G01 X-46.00830 Y53.09443
G01 X-46.07787 Y53.36738
G01 X-46.06898 Y53.00960
G01 X-46.18170 Y52.83451
G01 X-46.05836 Y53.01937
G01 X-46.18170 Y52.83451
G01 X-46.32207 Y52.49306
G01 X-46.40878 Y52.34351
G01 X-46.50624 Y52.22811
G01 X-46.79184 Y51.94739
G01 X-46.78120 Y51.83261
G01 X-46.39252 Y51.37536
G01 X-46.29534 Y51.21249
G01 X-46.20129 Y50.92893
G01 X-46.17424 Y50.74519
G01 X-46.18569 Y50.55878
G01 X-46.18348 Y50.85029
G01 X-46.22567 Y51.03660
G01 X-46.29534 Y51.21249
G04 P0 ( dwell for no time -- G64 should not smooth over this point )
G00 Z2.00000 ( retract )

G00 X-46.38338 Y50.66975 ( rapid move to begin. )
G01 F250.00000
G01 Z-0.20000
G04 P0 ( dwell for no time -- G64 should not smooth over this point )
G01 F500.00000
G01 X-46.38338 Y50.66975
G01 X-46.40804 Y50.46970
G01 X-46.45973 Y50.31062
G01 X-46.56679 Y50.11979
G01 X-46.71521 Y49.95900
G01 X-46.88038 Y49.84343
G01 X-47.04929 Y49.76924
G01 X-47.22956 Y49.73000
G01 X-47.34749 Y49.72200
G01 X-48.94749 Y49.72200
G01 X-49.06542 Y49.73000
G01 X-49.26181 Y49.77541
G01 X-49.44446 Y49.86071
G01 X-49.60535 Y49.98202
G01 X-52.91121 Y49.98202
G01 X-53.02492 Y49.99241
G01 X-53.15045 Y50.02718
G01 X-53.26676 Y50.08575
G01 X-53.38144 Y50.17678
G01 X-54.88766 Y51.68300
G01 X-75.60103 Y51.68300
G01 X-81.99248 Y45.29155
G01 X-81.99248 Y41.23271
G01 X-81.83635 Y41.06362
G01 X-81.73807 Y40.89524
G01 X-81.66914 Y40.69474
G01 X-81.64249 Y40.46702
G01 X-81.66914 Y40.23929
G01 X-81.73025 Y40.05417
G01 X-81.83635 Y39.87040
G01 X-81.99174 Y39.70185
G01 X-82.16538 Y39.58016
G01 X-82.32771 Y39.50787
G01 X-82.56863 Y39.45666
G01 X-82.78064 Y39.46027
G01 X-82.97114 Y39.50170
G01 X-83.14960 Y39.58016
G01 X-83.33665 Y39.71272
G01 X-83.48806 Y39.88491
G01 X-83.57691 Y40.03878
G01 X-83.64584 Y40.23929
G01 X-83.67157 Y40.48427
G01 X-83.64584 Y40.69474
G01 X-83.59093 Y40.86372
G01 X-83.47863 Y41.06362
G01 X-83.32247 Y41.23273
G01 X-83.32250 Y45.56701
G01 X-83.30579 Y45.71246
G01 X-83.21874 Y45.92259
G01 X-83.12771 Y46.03724
G01 X-76.34672 Y52.81823
G01 X-76.23206 Y52.90927
G01 X-76.02193 Y52.99631
G01 X-75.87649 Y53.01302
G01 X-54.59604 Y53.01221
G01 X-54.46675 Y52.99631
G01 X-54.34308 Y52.95547
G01 X-54.15398 Y52.82910
G01 X-52.63574 Y51.31201
G01 X-49.67545 Y51.31201
G01 X-49.59404 Y51.40340
G01 X-49.41459 Y51.53058
G01 X-49.24568 Y51.60480
G01 X-49.04835 Y51.64673
G01 X-47.24663 Y51.64673
G01 X-47.04929 Y51.60480
G01 X-46.88038 Y51.53058
G01 X-46.70177 Y51.40416
G01 X-46.57767 Y51.26766
G01 X-46.47375 Y51.09492
G01 X-46.40804 Y50.90434
G01 X-46.38338 Y50.66975
G04 P0 ( dwell for no time -- G64 should not smooth over this point )
G00 Z2.00000 ( retract )

G00 X-46.29534 Y50.16157 ( rapid move to begin. )
G01 F250.00000
G01 Z-0.20000
G04 P0 ( dwell for no time -- G64 should not smooth over this point )
G01 F500.00000
G01 X-46.29534 Y50.16157
G01 X-46.39237 Y49.99893
G01 X-46.28981 Y50.17297
G01 X-46.20462 Y50.42347
G01 X-46.22567 Y50.33744
G04 P0 ( dwell for no time -- G64 should not smooth over this point )
G00 Z2.00000 ( retract )

G00 X-46.19047 Y50.48133 ( rapid move to begin. )
G01 F250.00000
G01 Z-0.20000
G04 P0 ( dwell for no time -- G64 should not smooth over this point )
G01 F500.00000
G01 X-46.19047 Y50.48133
G01 X-46.20462 Y50.42347
G01 X-46.17327 Y50.64770
G04 P0 ( dwell for no time -- G64 should not smooth over this point )
G00 Z2.00000 ( retract )

G00 X-46.79199 Y51.94879 ( rapid move to begin. )
G01 F250.00000
G01 Z-0.20000
G04 P0 ( dwell for no time -- G64 should not smooth over this point )
G01 F500.00000
G01 X-46.79199 Y51.94879
G01 X-47.23377 Y51.94889
G01 X-46.83652 Y51.90353
G01 X-47.11996 Y51.94079
G01 X-46.95242 Y51.90294
G01 X-46.78178 Y51.82984
G01 X-46.39252 Y51.37536
G01 X-46.83652 Y51.90353
G01 X-46.50624 Y52.22811
G04 P0 ( dwell for no time -- G64 should not smooth over this point )
G00 Z2.00000 ( retract )

G00 X-46.38249 Y52.62702 ( rapid move to begin. )
G01 F250.00000
G01 Z-0.20000
G04 P0 ( dwell for no time -- G64 should not smooth over this point )
G01 F500.00000
G01 X-46.38249 Y52.62702
G01 X-46.38950 Y53.89821
G01 X-46.46451 Y54.05481
G01 X-46.54470 Y54.13050
G01 X-46.67627 Y54.18501
G01 X-49.05810 Y54.18498
G01 X-49.24286 Y54.14500
G01 X-49.41627 Y54.06974
G01 X-49.54667 Y53.98262
G01 X-49.70308 Y53.82621
G01 X-49.81594 Y53.64200
G01 X-50.00951 Y53.64200
G01 X-49.93463 Y53.80159
G01 X-49.85609 Y53.91914
G01 X-49.67184 Y54.14614
G01 X-49.62508 Y54.33309
G01 X-49.65660 Y54.49153
G01 X-49.72582 Y54.60083
G01 X-49.93019 Y54.78391
G01 X-50.07530 Y54.95452
G01 X-50.19104 Y55.14596
G01 X-50.27456 Y55.35348
G01 X-50.32389 Y55.57253
G01 X-50.32389 Y55.96151
G01 X-50.27456 Y56.18056
G01 X-50.19104 Y56.38808
G01 X-50.07530 Y56.57951
G01 X-49.86227 Y56.85005
G01 X-49.81550 Y57.03702
G01 X-49.86227 Y57.22396
G01 X-50.07530 Y57.49452
G01 X-50.19104 Y57.68596
G01 X-50.27456 Y57.89348
G01 X-50.32389 Y58.11253
G01 X-50.33298 Y58.37265
G01 X-50.32389 Y58.50151
G01 X-50.27456 Y58.72056
G01 X-50.19104 Y58.92808
G01 X-50.07530 Y59.11951
G01 X-49.86227 Y59.39005
G01 X-49.81550 Y59.57702
G01 X-49.86227 Y59.76396
G01 X-50.07530 Y60.03452
G01 X-50.19104 Y60.22596
G01 X-50.27456 Y60.43348
G01 X-50.32389 Y60.65256
G01 X-50.33298 Y60.91265
G01 X-50.32389 Y61.04153
G01 X-50.27456 Y61.26056
G01 X-50.19104 Y61.46810
G01 X-50.07530 Y61.65951
G01 X-49.86227 Y61.93005
G01 X-49.81550 Y62.11702
G01 X-49.86227 Y62.30396
G01 X-50.07530 Y62.57452
G01 X-50.19104 Y62.76596
G01 X-50.27456 Y62.97348
G01 X-50.32389 Y63.19253
G01 X-50.33298 Y63.45265
G01 X-50.32389 Y63.58151
G01 X-50.27456 Y63.80058
G01 X-50.19104 Y64.00808
G01 X-50.07530 Y64.19951
G01 X-49.86222 Y64.47010
G01 X-49.81545 Y64.65705
G01 X-49.86222 Y64.84401
G01 X-50.14291 Y65.21330
G01 X-50.25919 Y65.46019
G01 X-50.32505 Y65.72506
G01 X-50.33798 Y65.99771
G01 X-50.29747 Y66.26761
G01 X-50.20509 Y66.52445
G01 X-50.06437 Y66.75831
G01 X-49.86222 Y67.01002
G01 X-49.81545 Y67.19699
G01 X-49.86222 Y67.38394
G01 X-50.07530 Y67.65452
G01 X-50.19104 Y67.84596
G01 X-50.27456 Y68.05348
G01 X-50.32389 Y68.27253
G01 X-50.33298 Y68.53265
G01 X-50.32389 Y68.66151
G01 X-50.27456 Y68.88056
G01 X-50.19104 Y69.08808
G01 X-50.07530 Y69.27951
G01 X-49.86227 Y69.55005
G01 X-49.81550 Y69.73702
G01 X-49.86227 Y69.92396
G01 X-50.07530 Y70.19452
G01 X-50.19104 Y70.38596
G01 X-50.27456 Y70.59348
G01 X-50.32389 Y70.81253
G01 X-50.32582 Y71.21916
G01 X-50.35840 Y71.37662
G01 X-50.42526 Y71.48738
G01 X-50.55292 Y71.58637
G01 X-50.70875 Y71.62896
G01 X-50.86900 Y71.60869
G01 X-51.01362 Y71.52475
G01 X-51.42073 Y71.11865
G01 X-51.51047 Y70.98434
G01 X-51.54199 Y70.82589
G01 X-51.54199 Y56.41160
G01 X-51.56871 Y56.24284
G01 X-51.62152 Y56.08033
G01 X-51.69909 Y55.92808
G01 X-51.79952 Y55.78985
G01 X-53.88700 Y53.69788
G01 X-53.96561 Y53.55763
G01 X-53.98773 Y53.43017
G01 X-53.96561 Y53.30269
G01 X-53.86647 Y53.13741
G01 X-52.58283 Y51.85377
G01 X-52.44852 Y51.76403
G01 X-52.29007 Y51.73251
G01 X-50.06468 Y51.73251
G01 X-49.90623 Y51.76403
G01 X-49.77194 Y51.85377
G01 X-49.69745 Y51.95956
G01 X-49.65383 Y52.11432
G01 X-49.65383 Y52.17871
G01 X-49.69745 Y52.33347
G01 X-49.93463 Y52.65245
G01 X-50.00951 Y52.81201
G01 X-49.81594 Y52.81201
G01 X-49.70308 Y52.62783
G01 X-49.54667 Y52.47142
G01 X-49.41627 Y52.38427
G01 X-49.24286 Y52.30901
G01 X-49.02590 Y52.26586
G01 X-46.67627 Y52.26903
G01 X-46.54470 Y52.32352
G01 X-46.46451 Y52.39923
G01 X-46.39890 Y52.52486
G01 X-46.38249 Y52.62702
G04 P0 ( dwell for no time -- G64 should not smooth over this point )
G00 Z2.00000 ( retract )

G00 X-45.88963 Y53.04805 ( rapid move to begin. )
G01 F250.00000
G01 Z-0.20000
G04 P0 ( dwell for no time -- G64 should not smooth over this point )
G01 F500.00000
G01 X-45.88963 Y53.04805
G01 X-45.77343 Y52.99748
G04 P0 ( dwell for no time -- G64 should not smooth over this point )
G00 Z2.00000 ( retract )

G00 X-45.37127 Y52.79141 ( rapid move to begin. )
G01 F250.00000
G01 Z-0.20000
G04 P0 ( dwell for no time -- G64 should not smooth over this point )
G01 F500.00000
G01 X-45.37127 Y52.79141
G01 X-45.77343 Y52.99748
G01 X-45.34643 Y52.78468
G01 X-45.37127 Y52.79141
G01 X-45.12748 Y52.72550
G01 X-45.28460 Y52.76324
G01 X-45.19588 Y52.73441
G01 X-45.01389 Y52.70401
G01 X-44.82926 Y52.70401
G01 X-44.55450 Y52.76504
G01 X-44.79154 Y52.71236
G01 X-45.10307 Y52.71889
G01 X-45.08338 Y52.71358
G04 P0 ( dwell for no time -- G64 should not smooth over this point )
G00 Z2.00000 ( retract )

G00 X-43.95659 Y53.87701 ( rapid move to begin. )
G01 F250.00000
G01 Z-0.20000
G04 P0 ( dwell for no time -- G64 should not smooth over this point )
G01 F500.00000
G01 X-43.95659 Y53.87701
G01 X-43.98214 Y53.65968
G01 X-44.04003 Y53.48450
G01 X-44.14089 Y53.30980
G01 X-44.26367 Y53.17208
G01 X-44.42461 Y53.05069
G01 X-44.60726 Y52.96543
G01 X-44.83797 Y52.91640
G01 X-45.02245 Y52.91729
G01 X-45.21978 Y52.95925
G01 X-45.38869 Y53.03345
G01 X-45.56730 Y53.15989
G01 X-45.70228 Y53.30980
G01 X-45.80317 Y53.48450
G01 X-45.86103 Y53.65968
G01 X-45.88658 Y53.87701
G01 X-45.86103 Y54.09433
G01 X-45.80317 Y54.26951
G01 X-45.70228 Y54.44421
G01 X-45.57952 Y54.58193
G01 X-45.38869 Y54.72057
G01 X-45.21978 Y54.79478
G01 X-45.00520 Y54.83763
G01 X-44.82072 Y54.83672
G01 X-44.62339 Y54.79478
G01 X-44.45448 Y54.72057
G01 X-44.27587 Y54.59415
G01 X-44.14089 Y54.44421
G01 X-44.04003 Y54.26951
G01 X-43.98214 Y54.09433
G01 X-43.95659 Y53.87701
G04 P0 ( dwell for no time -- G64 should not smooth over this point )
G00 Z2.00000 ( retract )

G00 X-43.65156 Y53.40822 ( rapid move to begin. )
G01 F250.00000
G01 Z-0.20000
G04 P0 ( dwell for no time -- G64 should not smooth over this point )
G01 F500.00000
G01 X-43.65156 Y53.40822
G01 X-43.52928 Y53.31457
G01 X-43.65159 Y53.32964
G01 X-43.74493 Y53.32044
G01 X-43.81742 Y53.28117
G01 X-43.65156 Y53.40822
G01 X-43.65156 Y53.77121
G01 X-43.68400 Y53.56281
G01 X-43.77536 Y53.31434
G01 X-43.92029 Y53.20241
G01 X-43.86329 Y53.24604
G01 X-44.15743 Y52.98229
G01 X-43.92029 Y53.20241
G01 X-44.15743 Y52.98229
G01 X-44.34892 Y52.85384
G01 X-44.16411 Y52.97741
G01 X-44.30678 Y52.87378
G04 P0 ( dwell for no time -- G64 should not smooth over this point )
G00 Z2.00000 ( retract )

G00 X-44.52131 Y52.77244 ( rapid move to begin. )
G01 F250.00000
G01 Z-0.20000
G04 P0 ( dwell for no time -- G64 should not smooth over this point )
G01 F500.00000
G01 X-44.52131 Y52.77244
G01 X-44.55450 Y52.76504
G01 X-44.34892 Y52.85384
G01 X-44.52131 Y52.77244
G01 X-44.69761 Y52.72890
G01 X-44.82926 Y52.70401
G01 X-45.01389 Y52.70401
G01 X-45.24701 Y52.74813
G01 X-45.37127 Y52.79141
G01 X-45.88963 Y53.04805
G01 X-46.06215 Y53.30571
G01 X-46.10073 Y53.49588
G01 X-46.08872 Y53.40985
G01 X-46.07787 Y53.36738
G01 X-46.11963 Y53.63075
G01 X-46.16398 Y54.16865
G01 X-46.08955 Y54.39702
G01 X-45.98320 Y54.58648
G01 X-45.81249 Y54.79171
G01 X-45.73433 Y54.86212
G01 X-45.19585 Y55.01965
G01 X-45.12999 Y55.03065
G01 X-45.58399 Y54.90299
G01 X-45.08338 Y55.04050
G01 X-45.10251 Y55.03525
G01 X-44.82923 Y55.05005
G01 X-45.07106 Y55.04050
G01 X-44.77876 Y55.04050
G01 X-44.82923 Y55.05005
G01 X-44.59613 Y55.00593
G01 X-44.56952 Y54.99435
G01 X-44.69730 Y55.02509
G01 X-44.52131 Y54.98163
G01 X-44.50149 Y54.97225
G01 X-44.56499 Y54.99240
G01 X-44.30678 Y54.88028
G01 X-44.50149 Y54.97225
G01 X-44.47190 Y54.96265
G01 X-44.30678 Y54.88028
G01 X-44.15743 Y54.77175
G04 P0 ( dwell for no time -- G64 should not smooth over this point )
G00 Z2.00000 ( retract )

G00 X-43.92032 Y54.55166 ( rapid move to begin. )
G01 F250.00000
G01 Z-0.20000
G04 P0 ( dwell for no time -- G64 should not smooth over this point )
G01 F500.00000
G01 X-43.92032 Y54.55166
G01 X-44.15743 Y54.77175
G01 X-43.86329 Y54.50797
G01 X-43.92032 Y54.55166
G01 X-43.77536 Y54.43972
G01 X-43.68400 Y54.19120
G01 X-43.66319 Y54.09336
G01 X-43.65156 Y53.77147
G04 P0 ( dwell for no time -- G64 should not smooth over this point )
G00 Z2.00000 ( retract )

G00 X-43.65156 Y53.77121 ( rapid move to begin. )
G01 F250.00000
G01 Z-0.20000
G04 P0 ( dwell for no time -- G64 should not smooth over this point )
G01 F500.00000
G01 X-43.65156 Y53.77121
G01 X-43.65159 Y54.34581
G01 X-43.52926 Y54.43946
G01 X-43.65159 Y54.42440
G01 X-43.74493 Y54.43360
G01 X-43.81745 Y54.47286
G01 X-43.65159 Y54.34581
G04 P0 ( dwell for no time -- G64 should not smooth over this point )
G00 Z2.00000 ( retract )

G00 X-43.52784 Y54.43967 ( rapid move to begin. )
G01 F250.00000
G01 Z-0.20000
G04 P0 ( dwell for no time -- G64 should not smooth over this point )
G01 F500.00000
G01 X-43.52784 Y54.43967
G01 X-43.61917 Y54.19120
G01 X-43.65156 Y53.98310
G01 X-43.63998 Y53.66067
G01 X-43.61917 Y53.56281
G01 X-43.52784 Y53.31440
G04 P0 ( dwell for no time -- G64 should not smooth over this point )
G00 Z2.00000 ( retract )

G00 X-43.38285 Y53.20241 ( rapid move to begin. )
G01 F250.00000
G01 Z-0.20000
G04 P0 ( dwell for no time -- G64 should not smooth over this point )
G01 F500.00000
G01 X-43.38285 Y53.20241
G01 X-43.52928 Y53.31457
G01 X-43.38285 Y53.20241
G01 X-43.14572 Y52.98229
G01 X-42.99637 Y52.87378
G01 X-42.80157 Y52.78176
G01 X-42.99637 Y52.87378
G04 P0 ( dwell for no time -- G64 should not smooth over this point )
G00 Z2.00000 ( retract )

G00 X-42.78184 Y52.77244 ( rapid move to begin. )
G01 F250.00000
G01 Z-0.20000
G04 P0 ( dwell for no time -- G64 should not smooth over this point )
G01 F500.00000
G01 X-42.78184 Y52.77244
G01 X-42.80157 Y52.78176
G01 X-42.54338 Y52.71356
G01 X-42.52748 Y52.71295
G01 X-42.75349 Y52.76614
G01 X-42.47391 Y52.70401
G01 X-42.51148 Y52.71234
G01 X-42.28923 Y52.70401
G01 X-42.38156 Y52.70746
G01 X-42.21976 Y52.71356
G01 X-42.19985 Y52.71892
G01 X-42.25164 Y52.71234
G01 X-42.09769 Y52.74655
G01 X-42.19985 Y52.71892
G01 X-42.10727 Y52.73441
G01 X-41.93190 Y52.79141
G04 P0 ( dwell for no time -- G64 should not smooth over this point )
G00 Z2.00000 ( retract )

G00 X-41.76678 Y52.87378 ( rapid move to begin. )
G01 F250.00000
G01 Z-0.20000
G04 P0 ( dwell for no time -- G64 should not smooth over this point )
G01 F500.00000
G01 X-41.76678 Y52.87378
G01 X-41.95349 Y52.78554
G01 X-41.76678 Y52.87378
G01 X-41.54900 Y53.02621
G01 X-41.37643 Y53.12649
G01 X-41.76678 Y52.87378
G01 X-41.31872 Y53.16001
G01 X-41.37643 Y53.12649
G01 X-41.32614 Y53.15905
G01 X-41.21362 Y53.35699
G01 X-41.14400 Y53.56281
G01 X-41.11697 Y53.90591
G01 X-41.13231 Y53.55902
G01 X-41.19457 Y53.23218
G01 X-41.31872 Y53.16001
G01 X-41.22952 Y53.15971
G01 X-41.10110 Y53.12895
G01 X-41.19457 Y53.23218
G01 X-41.10313 Y53.13853
G01 X-41.12009 Y54.47700
G01 X-41.10219 Y54.61627
G01 X-41.19454 Y54.52181
G01 X-41.32263 Y54.59555
G01 X-41.10394 Y54.62189
G01 X-40.88619 Y54.84919
G01 X-41.10219 Y54.61627
G01 X-40.79604 Y54.92956
G01 X-40.65538 Y55.01231
G01 X-40.55525 Y55.04005
G01 X-40.65538 Y55.01231
G01 X-40.78405 Y54.93659
G01 X-40.88619 Y54.84919
G04 P0 ( dwell for no time -- G64 should not smooth over this point )
G00 Z2.00000 ( retract )

G00 X-41.32700 Y54.59616 ( rapid move to begin. )
G01 F250.00000
G01 Z-0.20000
G04 P0 ( dwell for no time -- G64 should not smooth over this point )
G01 F500.00000
G01 X-41.32700 Y54.59616
G01 X-41.52842 Y54.71404
G01 X-41.45921 Y54.67418
G01 X-41.76678 Y54.88028
G01 X-41.52842 Y54.71404
G04 P0 ( dwell for no time -- G64 should not smooth over this point )
G00 Z2.00000 ( retract )

G00 X-41.32698 Y54.59613 ( rapid move to begin. )
G01 F250.00000
G01 Z-0.20000
G04 P0 ( dwell for no time -- G64 should not smooth over this point )
G01 F500.00000
G01 X-41.32698 Y54.59613
G01 X-41.45921 Y54.67418
G01 X-41.32263 Y54.59555
G01 X-41.21362 Y54.39702
G01 X-41.14400 Y54.19120
G01 X-41.12004 Y54.06349
G01 X-41.11697 Y53.90591
G01 X-41.13231 Y54.19504
G01 X-41.19454 Y54.52181
G04 P0 ( dwell for no time -- G64 should not smooth over this point )
G00 Z2.00000 ( retract )

G00 X-40.54075 Y55.04408 ( rapid move to begin. )
G01 F250.00000
G01 Z-0.20000
G04 P0 ( dwell for no time -- G64 should not smooth over this point )
G01 F500.00000
G01 X-40.54075 Y55.04408
G01 X-40.55525 Y55.04005
G01 X-40.44156 Y55.05229
G01 X-39.20313 Y55.05130
G01 X-40.51783 Y55.04408
G01 X-39.17638 Y55.04408
G01 X-39.20313 Y55.05130
G01 X-39.02777 Y55.01231
G01 X-39.17638 Y55.04408
G01 X-38.98042 Y54.98760
G01 X-39.02777 Y55.01231
G04 P0 ( dwell for no time -- G64 should not smooth over this point )
G00 Z2.00000 ( retract )

G00 X-38.92434 Y54.95836 ( rapid move to begin. )
G01 F250.00000
G01 Z-0.20000
G04 P0 ( dwell for no time -- G64 should not smooth over this point )
G01 F500.00000
G01 X-38.92434 Y54.95836
G01 X-38.98042 Y54.98760
G01 X-38.87519 Y54.91368
G01 X-38.92434 Y54.95836
G01 X-38.79571 Y54.83789
G01 X-38.83392 Y54.88470
G04 P0 ( dwell for no time -- G64 should not smooth over this point )
G00 Z2.00000 ( retract )

G00 X-38.70610 Y54.69092 ( rapid move to begin. )
G01 F250.00000
G01 Z-0.20000
G04 P0 ( dwell for no time -- G64 should not smooth over this point )
G01 F500.00000
G01 X-38.70610 Y54.69092
G01 X-38.79571 Y54.83789
G01 X-38.70610 Y54.69092
G01 X-38.67346 Y54.57642
G04 P0 ( dwell for no time -- G64 should not smooth over this point )
G00 Z2.00000 ( retract )

G00 X-32.33147 Y58.14377 ( rapid move to begin. )
G01 F250.00000
G01 Z-0.20000
G04 P0 ( dwell for no time -- G64 should not smooth over this point )
G01 F500.00000
G01 X-32.33147 Y58.14377
G01 X-32.33393 Y58.42119
G01 X-32.33147 Y58.14377
G01 X-32.28928 Y57.95744
G01 X-32.22202 Y57.78769
G01 X-32.12258 Y57.61893
G01 X-31.74879 Y57.17875
G01 X-32.12258 Y57.61893
G01 X-32.22514 Y57.79297
G01 X-32.28928 Y57.95744
G01 X-32.32448 Y58.10136
G01 X-32.33937 Y58.31347
G01 X-32.31678 Y58.52421
G01 X-32.32667 Y58.49137
G01 X-32.30149 Y58.60659
G01 X-32.33393 Y58.42119
G01 X-32.33147 Y58.47027
G04 P0 ( dwell for no time -- G64 should not smooth over this point )
G00 Z2.00000 ( retract )

G00 X-32.28928 Y58.65660 ( rapid move to begin. )
G01 F250.00000
G01 Z-0.20000
G04 P0 ( dwell for no time -- G64 should not smooth over this point )
G01 F500.00000
G01 X-32.28928 Y58.65660
G01 X-32.31678 Y58.52421
G01 X-32.25585 Y58.74862
G01 X-32.24384 Y58.77128
G01 X-32.27327 Y58.68444
G01 X-32.21960 Y58.83249
G01 X-32.23733 Y58.78355
G01 X-32.13840 Y58.96856
G01 X-32.21960 Y58.83249
G04 P0 ( dwell for no time -- G64 should not smooth over this point )
G00 Z2.00000 ( retract )

G00 X-32.12258 Y58.99511 ( rapid move to begin. )
G01 F250.00000
G01 Z-0.20000
G04 P0 ( dwell for no time -- G64 should not smooth over this point )
G01 F500.00000
G01 X-32.12258 Y58.99511
G01 X-32.13840 Y58.96856
G01 X-31.74909 Y59.43488
G01 X-31.81737 Y59.34375
G04 P0 ( dwell for no time -- G64 should not smooth over this point )
G00 Z2.00000 ( retract )

G00 X-31.73838 Y59.44753 ( rapid move to begin. )
G01 F250.00000
G01 Z-0.20000
G04 P0 ( dwell for no time -- G64 should not smooth over this point )
G01 F500.00000
G01 X-31.73838 Y59.44753
G01 X-31.74909 Y59.43488
G01 X-31.72199 Y59.57702
G01 X-31.74879 Y59.71875
G01 X-31.73835 Y59.70646
G04 P0 ( dwell for no time -- G64 should not smooth over this point )
G00 Z2.00000 ( retract )

G00 X-31.64264 Y59.57705 ( rapid move to begin. )
G01 F250.00000
G01 Z-0.20000
G04 P0 ( dwell for no time -- G64 should not smooth over this point )
G01 F500.00000
G01 X-31.64264 Y59.57705
G01 X-31.73835 Y59.70646
G01 X-31.56256 Y59.63107
G01 X-31.29065 Y59.57702
G04 P0 ( dwell for no time -- G64 should not smooth over this point )
G00 Z2.00000 ( retract )

G00 X-31.31051 Y59.57702 ( rapid move to begin. )
G01 F250.00000
G01 Z-0.20000
G04 P0 ( dwell for no time -- G64 should not smooth over this point )
G01 F500.00000
G01 X-31.31051 Y59.57702
G01 X-31.64264 Y59.57705
G01 X-31.73838 Y59.44753
G01 X-31.60932 Y59.50501
G01 X-31.31051 Y59.57702
G01 X-29.44440 Y59.57702
G04 P0 ( dwell for no time -- G64 should not smooth over this point )
G00 Z2.00000 ( retract )

G00 X-29.42446 Y59.57702 ( rapid move to begin. )
G01 F250.00000
G01 Z-0.20000
G04 P0 ( dwell for no time -- G64 should not smooth over this point )
G01 F500.00000
G01 X-29.42446 Y59.57702
G01 X-29.12566 Y59.50501
G01 X-28.97287 Y59.43696
G01 X-28.80264 Y59.31537
G01 X-28.93213 Y59.57702
G04 P0 ( dwell for no time -- G64 should not smooth over this point )
G00 Z2.00000 ( retract )

G00 X-28.77592 Y59.26135 ( rapid move to begin. )
G01 F250.00000
G01 Z-0.20000
G04 P0 ( dwell for no time -- G64 should not smooth over this point )
G01 F500.00000
G01 X-28.77592 Y59.26135
G01 X-28.80264 Y59.31537
G01 X-28.69154 Y59.12876
G01 X-28.82050 Y59.35142
G01 X-28.76586 Y59.62591
G01 X-28.61016 Y59.85947
G01 X-28.42246 Y59.92688
G01 X-28.70991 Y59.81768
G01 X-28.93213 Y59.57702
G01 X-29.44440 Y59.57702
G01 X-29.12566 Y59.64903
G01 X-28.88623 Y59.76706
G01 X-28.74742 Y59.86851
G01 X-28.58860 Y59.86851
G01 X-28.42246 Y59.92688
G01 X-28.12009 Y59.96815
G01 X-28.42246 Y59.92688
G04 P0 ( dwell for no time -- G64 should not smooth over this point )
G00 Z2.00000 ( retract )

G00 X-26.11405 Y62.12179 ( rapid move to begin. )
G01 F250.00000
G01 Z-0.20000
G04 P0 ( dwell for no time -- G64 should not smooth over this point )
G01 F500.00000
G01 X-26.11405 Y62.12179
G01 X-26.18274 Y62.13902
G01 X-28.58415 Y62.13904
G01 X-28.22139 Y62.28750
G01 X-27.91179 Y62.45253
G01 X-27.01344 Y62.45250
G01 X-26.37346 Y62.19545
G01 X-26.16120 Y62.13518
G01 X-26.47148 Y62.23053
G01 X-27.01344 Y62.45250
G01 X-27.68365 Y63.12266
G01 X-27.56038 Y62.67905
G04 P0 ( dwell for no time -- G64 should not smooth over this point )
G00 Z2.00000 ( retract )

G00 X-27.91179 Y62.45253 ( rapid move to begin. )
G01 F250.00000
G01 Z-0.20000
G04 P0 ( dwell for no time -- G64 should not smooth over this point )
G01 F500.00000
G01 X-27.91179 Y62.45253
G01 X-27.78525 Y62.71999
G01 X-27.73358 Y62.87904
G01 X-27.68382 Y63.12167
G01 X-27.82452 Y63.48605
G01 X-27.68365 Y63.12266
G04 P0 ( dwell for no time -- G64 should not smooth over this point )
G00 Z2.00000 ( retract )

G00 X-27.82452 Y63.48605 ( rapid move to begin. )
G01 F250.00000
G01 Z-0.20000
G04 P0 ( dwell for no time -- G64 should not smooth over this point )
G01 F500.00000
G01 X-27.82452 Y63.48605
G01 X-28.19947 Y64.23911
G01 X-28.39040 Y64.65875
G01 X-28.27189 Y64.96710
G01 X-28.18751 Y65.27051
G01 X-28.13620 Y65.56245
G04 P0 ( dwell for no time -- G64 should not smooth over this point )
G00 Z2.00000 ( retract )

G00 X-28.11441 Y65.84864 ( rapid move to begin. )
G01 F250.00000
G01 Z-0.20000
G04 P0 ( dwell for no time -- G64 should not smooth over this point )
G01 F500.00000
G01 X-28.11441 Y65.84864
G01 X-28.13620 Y65.56245
G01 X-28.11824 Y65.92702
G01 X-28.13620 Y66.29161
G01 X-28.11441 Y65.84864
G01 X-28.15151 Y65.47518
G01 X-28.24948 Y65.04094
G01 X-28.24948 Y64.66700
G01 X-28.20577 Y64.33957
G01 X-28.11791 Y64.10233
G01 X-27.98545 Y63.88679
G01 X-27.87107 Y63.75347
G01 X-26.47108 Y62.35344
G01 X-26.20862 Y62.15281
G01 X-26.14674 Y62.13201
G01 X-25.86704 Y62.07755
G01 X-25.90519 Y62.08496
G01 X-25.55749 Y62.05702
G01 X-25.86704 Y62.07755
G04 P0 ( dwell for no time -- G64 should not smooth over this point )
G00 Z2.00000 ( retract )

G00 X-28.39040 Y64.65875 ( rapid move to begin. )
G01 F250.00000
G01 Z-0.20000
G04 P0 ( dwell for no time -- G64 should not smooth over this point )
G01 F500.00000
G01 X-28.39040 Y64.65875
G01 X-29.43681 Y64.65809
G01 X-29.15215 Y64.71938
G01 X-28.92454 Y64.82362
G01 X-28.79413 Y64.91074
G01 X-28.61072 Y65.08115
G01 X-28.41987 Y65.36680
G01 X-28.33264 Y65.60144
G01 X-28.30204 Y65.75524
G01 X-28.29284 Y66.00543
G01 X-28.35987 Y66.34236
G01 X-28.41987 Y66.48724
G01 X-28.55121 Y66.70037
G01 X-28.79413 Y66.94327
G01 X-29.00727 Y67.07462
G01 X-29.24191 Y67.16187
G01 X-29.43592 Y67.19595
G01 X-31.16749 Y67.19702
G01 X-29.44415 Y67.19705
G04 P0 ( dwell for no time -- G64 should not smooth over this point )
G00 Z2.00000 ( retract )

G00 X-29.66769 Y67.19788 ( rapid move to begin. )
G01 F250.00000
G01 Z-0.20000
G04 P0 ( dwell for no time -- G64 should not smooth over this point )
G01 F500.00000
G01 X-29.66769 Y67.19788
G01 X-31.32712 Y67.20406
G01 X-29.66764 Y67.19788
G04 P0 ( dwell for no time -- G64 should not smooth over this point )
G00 Z2.00000 ( retract )

G00 X-29.44420 Y67.19705 ( rapid move to begin. )
G01 F250.00000
G01 Z-0.20000
G04 P0 ( dwell for no time -- G64 should not smooth over this point )
G01 F500.00000
G01 X-29.44420 Y67.19705
G01 X-29.66764 Y67.19788
G01 X-29.43988 Y67.19801
G04 P0 ( dwell for no time -- G64 should not smooth over this point )
G00 Z2.00000 ( retract )

G00 X-28.13787 Y68.09039 ( rapid move to begin. )
G01 F250.00000
G01 Z-0.20000
G04 P0 ( dwell for no time -- G64 should not smooth over this point )
G01 F500.00000
G01 X-28.13787 Y68.09039
G01 X-28.13404 Y68.16230
G01 X-28.14895 Y68.06923
G01 X-28.12891 Y68.25953
G01 X-28.13787 Y68.09039
G01 X-28.19655 Y67.77215
G01 X-28.24946 Y67.58000
G01 X-28.24946 Y66.81302
G01 X-28.18751 Y66.58356
G01 X-28.13620 Y66.29161
G04 P0 ( dwell for no time -- G64 should not smooth over this point )
G00 Z2.00000 ( retract )

G00 X-28.18751 Y66.58356 ( rapid move to begin. )
G01 F250.00000
G01 Z-0.20000
G04 P0 ( dwell for no time -- G64 should not smooth over this point )
G01 F500.00000
G01 X-28.18751 Y66.58356
G01 X-28.24946 Y66.81302
G04 P0 ( dwell for no time -- G64 should not smooth over this point )
G00 Z2.00000 ( retract )

G00 X-28.39043 Y67.19532 ( rapid move to begin. )
G01 F250.00000
G01 Z-0.20000
G04 P0 ( dwell for no time -- G64 should not smooth over this point )
G01 F500.00000
G01 X-28.39043 Y67.19532
G01 X-29.44415 Y67.19705
G01 X-28.61242 Y67.19849
G01 X-28.44361 Y67.34254
G01 X-28.24946 Y67.58000
G01 X-28.16437 Y67.92315
G01 X-28.14895 Y68.06923
G01 X-28.22835 Y67.66509
G01 X-28.29665 Y67.43525
G01 X-28.39043 Y67.19532
G01 X-28.25238 Y66.81681
G01 X-28.38906 Y66.99456
G01 X-28.61329 Y67.19847
G01 X-29.43988 Y67.19801
G01 X-29.12566 Y67.26903
G01 X-28.88623 Y67.38706
G01 X-28.75093 Y67.48536
G01 X-28.56467 Y67.67660
G01 X-28.50587 Y67.75752
G01 X-28.38156 Y67.99374
G01 X-28.30910 Y68.25066
G01 X-28.29162 Y68.41698
G04 P0 ( dwell for no time -- G64 should not smooth over this point )
G00 Z2.00000 ( retract )

G00 X-28.60338 Y68.44975 ( rapid move to begin. )
G01 F250.00000
G01 Z-0.20000
G04 P0 ( dwell for no time -- G64 should not smooth over this point )
G01 F500.00000
G01 X-28.60338 Y68.44975
G01 X-28.62804 Y68.24970
G01 X-28.68591 Y68.07451
G01 X-28.77737 Y67.91426
G01 X-28.90955 Y67.76207
G01 X-29.10038 Y67.62343
G01 X-29.26929 Y67.54924
G01 X-29.44956 Y67.51000
G01 X-31.28542 Y67.51000
G01 X-31.46568 Y67.54924
G01 X-31.66446 Y67.64071
G01 X-31.82542 Y67.76207
G01 X-31.95760 Y67.91426
G01 X-32.04907 Y68.07451
G01 X-32.10693 Y68.24970
G01 X-32.13159 Y68.44977
G01 X-32.11409 Y68.65061
G01 X-32.04907 Y68.85953
G01 X-31.93731 Y69.04766
G01 X-31.79977 Y69.19503
G01 X-31.64998 Y69.30273
G01 X-31.48181 Y69.37860
G01 X-31.26835 Y69.42673
G01 X-29.56749 Y69.43202
G01 X-29.44956 Y69.42404
G01 X-29.26929 Y69.38480
G01 X-29.10038 Y69.31058
G01 X-28.93521 Y69.19503
G01 X-28.77737 Y69.01975
G01 X-28.68591 Y68.85953
G01 X-28.62804 Y68.68434
G01 X-28.60338 Y68.44975
G01 X-28.29162 Y68.41698
G01 X-28.31692 Y68.73283
G01 X-28.38156 Y68.94027
G01 X-28.42225 Y69.03166
G01 X-28.56467 Y69.25744
G01 X-28.71202 Y69.41713
G01 X-28.97287 Y69.59696
G01 X-29.22078 Y69.69592
G01 X-29.42436 Y69.73702
G01 X-31.31051 Y69.73702
G01 X-31.60932 Y69.66501
G01 X-31.73838 Y69.60753
G01 X-31.64264 Y69.73705
G01 X-29.44440 Y69.73705
G04 P0 ( dwell for no time -- G64 should not smooth over this point )
G00 Z2.00000 ( retract )

G00 X-28.61445 Y69.73702 ( rapid move to begin. )
G01 F250.00000
G01 Z-0.20000
G04 P0 ( dwell for no time -- G64 should not smooth over this point )
G01 F500.00000
G01 X-28.61445 Y69.73702
G01 X-29.44440 Y69.73705
G01 X-29.12566 Y69.80903
G01 X-28.88623 Y69.92706
G01 X-28.75093 Y70.02536
G01 X-28.56467 Y70.21660
G01 X-28.50587 Y70.29752
G01 X-28.38156 Y70.53374
G01 X-28.30910 Y70.79066
G01 X-28.29162 Y70.95698
G04 P0 ( dwell for no time -- G64 should not smooth over this point )
G00 Z2.00000 ( retract )

G00 X-28.19655 Y70.31215 ( rapid move to begin. )
G01 F250.00000
G01 Z-0.20000
G04 P0 ( dwell for no time -- G64 should not smooth over this point )
G01 F500.00000
G01 X-28.19655 Y70.31215
G01 X-28.21992 Y70.23344
G01 X-28.18128 Y70.39488
G01 X-28.24135 Y70.14489
G01 X-28.24740 Y70.12821
G01 X-28.22835 Y70.20509
G01 X-28.29665 Y69.97525
G01 X-28.38969 Y69.73702
G01 X-28.25601 Y70.11195
G01 X-28.44361 Y69.88254
G01 X-28.61443 Y69.73702
G01 X-28.38969 Y69.73702
G01 X-28.25113 Y69.35605
G01 X-28.44361 Y69.59148
G01 X-28.61443 Y69.73702
G04 P0 ( dwell for no time -- G64 should not smooth over this point )
G00 Z2.00000 ( retract )

G00 X-28.12304 Y68.70291 ( rapid move to begin. )
G01 F250.00000
G01 Z-0.20000
G04 P0 ( dwell for no time -- G64 should not smooth over this point )
G01 F500.00000
G01 X-28.12304 Y68.70291
G01 X-28.11428 Y68.39836
G01 X-28.12304 Y68.61878
G01 X-28.12304 Y68.31520
G01 X-28.11428 Y68.39836
G01 X-28.13079 Y68.18264
G01 X-28.12304 Y68.70291
G01 X-28.13521 Y68.79374
G01 X-28.12888 Y68.67441
G01 X-28.16437 Y69.01091
G01 X-28.15855 Y68.95587
G01 X-28.25113 Y69.35605
G01 X-28.24946 Y70.12000
G01 X-28.15855 Y70.51812
G01 X-28.18128 Y70.39488
G01 X-28.16437 Y70.46315
G04 P0 ( dwell for no time -- G64 should not smooth over this point )
G00 Z2.00000 ( retract )

G00 X-28.60338 Y70.98975 ( rapid move to begin. )
G01 F250.00000
G01 Z-0.20000
G04 P0 ( dwell for no time -- G64 should not smooth over this point )
G01 F500.00000
G01 X-28.60338 Y70.98975
G01 X-28.62804 Y70.78970
G01 X-28.68591 Y70.61451
G01 X-28.77737 Y70.45426
G01 X-28.90955 Y70.30207
G01 X-29.10038 Y70.16343
G01 X-29.26929 Y70.08924
G01 X-29.44956 Y70.05000
G01 X-31.28542 Y70.05000
G01 X-31.46568 Y70.08924
G01 X-31.66446 Y70.18071
G01 X-31.82542 Y70.30207
G01 X-31.95760 Y70.45426
G01 X-32.04907 Y70.61451
G01 X-32.10693 Y70.78970
G01 X-32.13159 Y70.98977
G01 X-32.11409 Y71.19061
G01 X-32.04907 Y71.39953
G01 X-31.93731 Y71.58766
G01 X-31.79977 Y71.73503
G01 X-31.64998 Y71.84273
G01 X-31.48181 Y71.91860
G01 X-31.26835 Y71.96673
G01 X-29.56749 Y71.97202
G01 X-29.44956 Y71.96404
G01 X-29.26929 Y71.92480
G01 X-29.10038 Y71.85058
G01 X-28.93521 Y71.73503
G01 X-28.77737 Y71.55975
G01 X-28.68591 Y71.39953
G01 X-28.62804 Y71.22434
G01 X-28.60338 Y70.98975
G01 X-28.29162 Y70.95698
G01 X-28.31692 Y71.27283
G01 X-28.42225 Y71.57166
G01 X-28.56467 Y71.79744
G01 X-28.71202 Y71.95713
G01 X-28.97287 Y72.13696
G01 X-29.22078 Y72.23592
G01 X-29.42433 Y72.27702
G01 X-31.31061 Y72.27702
G01 X-29.44440 Y72.27705
G04 P0 ( dwell for no time -- G64 should not smooth over this point )
G00 Z2.00000 ( retract )

G00 X-28.27595 Y71.51464 ( rapid move to begin. )
G01 F250.00000
G01 Z-0.20000
G04 P0 ( dwell for no time -- G64 should not smooth over this point )
G01 F500.00000
G01 X-28.27595 Y71.51464
G01 X-28.44821 Y71.74979
G01 X-28.63701 Y71.95739
G01 X-28.84542 Y72.14306
G01 X-29.02959 Y72.27702
G04 P0 ( dwell for no time -- G64 should not smooth over this point )
G00 Z2.00000 ( retract )

G00 X-28.14857 Y74.16592 ( rapid move to begin. )
G01 F250.00000
G01 Z-0.20000
G04 P0 ( dwell for no time -- G64 should not smooth over this point )
G01 F500.00000
G01 X-28.14857 Y74.16592
G01 X-26.33359 Y72.34964
G01 X-28.16526 Y74.17917
G01 X-27.24364 Y73.26033
G01 X-28.14857 Y74.16592
G01 X-28.30968 Y74.29406
G01 X-28.18443 Y74.19833
G01 X-28.19889 Y74.21275
G01 X-28.30968 Y74.29406
G01 X-28.75167 Y74.50922
G01 X-28.81095 Y74.57227
G01 X-28.97287 Y74.67696
G01 X-29.22078 Y74.77592
G01 X-29.42433 Y74.81702
G01 X-29.01555 Y74.81702
G01 X-28.75167 Y74.50922
G01 X-28.83378 Y74.60191
G01 X-28.89472 Y74.78263
G01 X-28.91138 Y74.87496
G01 X-28.90701 Y74.98890
G01 X-28.61237 Y75.39893
G01 X-28.51352 Y75.56660
G01 X-28.42208 Y75.84163
G01 X-28.39441 Y76.14044
G01 X-28.39327 Y76.04770
G01 X-28.39947 Y76.00335
G01 X-28.39975 Y76.17648
G01 X-28.39424 Y76.14519
G04 P0 ( dwell for no time -- G64 should not smooth over this point )
G00 Z2.00000 ( retract )

G00 X-28.40348 Y76.25029 ( rapid move to begin. )
G01 F250.00000
G01 Z-0.20000
G04 P0 ( dwell for no time -- G64 should not smooth over this point )
G01 F500.00000
G01 X-28.40348 Y76.25029
G01 X-28.39556 Y76.15425
G01 X-28.44567 Y76.43660
G01 X-28.44006 Y76.40490
G01 X-28.50981 Y76.60112
G01 X-28.56198 Y76.69068
G01 X-28.51534 Y76.61249
G04 P0 ( dwell for no time -- G64 should not smooth over this point )
G00 Z2.00000 ( retract )

G00 X-28.61237 Y76.77511 ( rapid move to begin. )
G01 F250.00000
G01 Z-0.20000
G04 P0 ( dwell for no time -- G64 should not smooth over this point )
G01 F500.00000
G01 X-28.61237 Y76.77511
G01 X-28.56198 Y76.69068
G01 X-28.74626 Y76.92723
G01 X-28.61237 Y76.77511
G01 X-28.74631 Y76.92758
G01 X-28.73650 Y76.91890
G04 P0 ( dwell for no time -- G64 should not smooth over this point )
G00 Z2.00000 ( retract )

G00 X-28.41029 Y80.29176 ( rapid move to begin. )
G01 F250.00000
G01 Z-0.20000
G04 P0 ( dwell for no time -- G64 should not smooth over this point )
G01 F500.00000
G01 X-28.41029 Y80.29176
G01 X-22.52379 Y80.29052
G01 X-22.26839 Y80.25696
G01 X-22.53674 Y80.29176
G01 X-28.41029 Y80.29176
G01 X-28.58133 Y80.27858
G01 X-28.76396 Y80.23931
G01 X-29.05205 Y80.00179
G01 X-29.22078 Y79.93812
G01 X-29.38438 Y79.90334
G01 X-31.35034 Y79.90444
G01 X-29.15784 Y79.89687
G01 X-28.99779 Y80.04640
G01 X-29.05309 Y80.00080
G01 X-29.11684 Y79.82001
G01 X-29.24191 Y79.86187
G01 X-29.44120 Y79.89687
G01 X-29.15784 Y79.89687
G04 P0 ( dwell for no time -- G64 should not smooth over this point )
G00 Z2.00000 ( retract )

G00 X-31.35034 Y79.90444 ( rapid move to begin. )
G01 F250.00000
G01 Z-0.20000
G04 P0 ( dwell for no time -- G64 should not smooth over this point )
G01 F500.00000
G01 X-31.35034 Y79.90444
G01 X-29.44120 Y79.89687
G01 X-31.72156 Y79.90550
G01 X-31.73637 Y80.02041
G01 X-31.67843 Y79.95054
G01 X-31.35034 Y79.90444
G01 X-31.51420 Y79.93812
G01 X-31.73708 Y80.02590
G01 X-31.67843 Y79.95054
G04 P0 ( dwell for no time -- G64 should not smooth over this point )
G00 Z2.00000 ( retract )

G00 X-31.73708 Y80.02590 ( rapid move to begin. )
G01 F250.00000
G01 Z-0.20000
G04 P0 ( dwell for no time -- G64 should not smooth over this point )
G01 F500.00000
G01 X-31.73708 Y80.02590
G01 X-32.12258 Y80.47893
G01 X-32.03246 Y80.37759
G01 X-32.13756 Y80.50438
G01 X-32.12258 Y80.47893
G01 X-32.23733 Y80.69049
G01 X-32.21960 Y80.64157
G04 P0 ( dwell for no time -- G64 should not smooth over this point )
G00 Z2.00000 ( retract )

G00 X-32.33147 Y81.00377 ( rapid move to begin. )
G01 F250.00000
G01 Z-0.20000
G04 P0 ( dwell for no time -- G64 should not smooth over this point )
G01 F500.00000
G01 X-32.33147 Y81.00377
G01 X-32.33937 Y81.09981
G01 X-32.30767 Y80.88444
G01 X-32.31285 Y80.92158
G01 X-32.27145 Y80.78284
G01 X-32.29883 Y80.85971
G01 X-32.28928 Y80.81744
G01 X-32.22202 Y80.64769
G01 X-32.31678 Y80.94980
G01 X-32.33733 Y81.18935
G01 X-32.34168 Y81.12773
G01 X-32.33937 Y81.09981
G01 X-32.33147 Y81.33027
G01 X-32.33733 Y81.18935
G01 X-32.32606 Y81.35013
G01 X-32.33147 Y81.33027
G01 X-32.28928 Y81.51660
G01 X-32.32606 Y81.35013
G01 X-32.25585 Y81.60862
G01 X-32.24655 Y81.62612
G01 X-32.26243 Y81.58432
G01 X-32.14960 Y81.80923
G01 X-32.21960 Y81.69249
G01 X-32.14094 Y81.82562
G04 P0 ( dwell for no time -- G64 should not smooth over this point )
G00 Z2.00000 ( retract )

G00 X-35.35993 Y85.29104 ( rapid move to begin. )
G01 F250.00000
G01 Z-0.20000
G04 P0 ( dwell for no time -- G64 should not smooth over this point )
G01 F500.00000
G01 X-35.35993 Y85.29104
G01 X-32.69659 Y85.29109
G01 X-32.40050 Y85.25441
G01 X-32.31524 Y85.22495
G01 X-32.49766 Y85.27374
G01 X-32.45770 Y85.26150
G01 X-32.67048 Y85.28784
G01 X-32.47111 Y85.26561
G01 X-32.65976 Y85.29018
G01 X-33.96260 Y85.28936
G01 X-32.69659 Y85.29109
G01 X-35.35993 Y85.29104
G01 X-33.96260 Y85.28936
G01 X-35.38607 Y85.28746
G01 X-35.35993 Y85.29104
G01 X-35.53415 Y85.26724
G01 X-35.40649 Y85.28743
G01 X-35.43390 Y85.28741
G01 X-35.74444 Y85.22497
G01 X-35.62910 Y85.25429
G01 X-35.68876 Y85.24616
G01 X-35.87952 Y85.17369
G01 X-35.74429 Y85.22665
G01 X-35.82920 Y85.19683
G01 X-35.78592 Y85.21667
G04 P0 ( dwell for no time -- G64 should not smooth over this point )
G00 Z2.00000 ( retract )

G00 X-36.07355 Y85.08494 ( rapid move to begin. )
G01 F250.00000
G01 Z-0.20000
G04 P0 ( dwell for no time -- G64 should not smooth over this point )
G01 F500.00000
G01 X-36.07355 Y85.08494
G01 X-35.82920 Y85.19683
G01 X-37.23555 Y85.19676
G01 X-37.04751 Y85.11065
G01 X-36.82061 Y84.96577
G01 X-36.99153 Y85.08502
G01 X-37.08868 Y85.13694
G01 X-36.69587 Y84.87849
G01 X-36.53247 Y84.74006
G01 X-36.28749 Y83.55774
G01 X-36.29351 Y83.63435
G01 X-36.32295 Y83.70544
G01 X-36.53247 Y84.00062
G01 X-36.74202 Y83.70542
G01 X-36.77748 Y83.59630
G01 X-36.77146 Y83.51964
G01 X-36.71937 Y83.41741
G01 X-36.62655 Y83.34997
G01 X-36.55178 Y83.33201
G01 X-36.47512 Y83.33803
G01 X-36.37286 Y83.39015
G01 X-36.30542 Y83.48297
G01 X-36.28749 Y83.55774
G04 P0 ( dwell for no time -- G64 should not smooth over this point )
G00 Z2.00000 ( retract )

G00 X-36.33255 Y84.90946 ( rapid move to begin. )
G01 F250.00000
G01 Z-0.20000
G04 P0 ( dwell for no time -- G64 should not smooth over this point )
G01 F500.00000
G01 X-36.33255 Y84.90946
G01 X-36.07355 Y85.08494
G01 X-36.24375 Y84.96615
G01 X-35.97642 Y85.13689
G01 X-35.87952 Y85.17369
G01 X-36.03207 Y84.94491
G01 X-36.07825 Y84.75988
G01 X-36.07825 Y84.57316
G01 X-36.03207 Y84.38812
G01 X-35.98785 Y84.30539
G01 X-35.78668 Y84.03402
G01 X-35.72437 Y83.91174
G01 X-35.68195 Y83.78124
G01 X-35.66049 Y83.64560
G01 X-35.66049 Y83.50842
G01 X-35.68195 Y83.37278
G01 X-35.72437 Y83.24228
G01 X-35.78668 Y83.12000
G01 X-35.86737 Y83.00893
G01 X-35.96443 Y82.91187
G01 X-36.07545 Y82.83123
G01 X-36.19775 Y82.76890
G01 X-36.32833 Y82.72648
G01 X-36.46384 Y82.70502
G01 X-36.60113 Y82.70502
G01 X-36.73666 Y82.72648
G01 X-36.86722 Y82.76890
G01 X-36.98952 Y82.83123
G01 X-37.10054 Y82.91187
G01 X-37.19760 Y83.00893
G01 X-37.27829 Y83.12000
G01 X-37.34060 Y83.24230
G01 X-37.38302 Y83.37283
G01 X-37.40448 Y83.50837
G01 X-37.40448 Y83.64565
G01 X-37.38302 Y83.78121
G01 X-37.34060 Y83.91172
G01 X-37.27829 Y84.03402
G01 X-37.13110 Y84.22460
G01 X-37.03290 Y84.38812
G01 X-36.97753 Y84.66650
G01 X-37.03290 Y84.94491
G01 X-37.18426 Y85.17323
G01 X-36.99153 Y85.08502
G01 X-36.68985 Y84.87453
G01 X-36.37509 Y84.87451
G01 X-36.24375 Y84.96615
G01 X-36.37509 Y84.87451
G04 P0 ( dwell for no time -- G64 should not smooth over this point )
G00 Z2.00000 ( retract )

G00 X-36.53247 Y84.74006 ( rapid move to begin. )
G01 F250.00000
G01 Z-0.20000
G04 P0 ( dwell for no time -- G64 should not smooth over this point )
G01 F500.00000
G01 X-36.53247 Y84.74006
G01 X-36.37525 Y84.87326
G01 X-36.40095 Y84.66650
G01 X-36.36679 Y84.41672
G01 X-36.32170 Y84.26813
G01 X-36.24853 Y84.13123
G01 X-36.05480 Y83.86971
G01 X-36.01490 Y83.79142
G01 X-35.97400 Y83.62102
G01 X-35.98774 Y83.44626
G01 X-36.05480 Y83.28429
G01 X-36.16867 Y83.15101
G01 X-36.31810 Y83.05942
G01 X-36.48853 Y83.01850
G01 X-36.57647 Y83.01850
G01 X-36.74687 Y83.05942
G01 X-36.89633 Y83.15101
G01 X-37.01017 Y83.28429
G01 X-37.05007 Y83.36262
G01 X-37.09099 Y83.53306
G01 X-37.09099 Y83.62099
G01 X-37.05007 Y83.79140
G01 X-37.01015 Y83.86973
G01 X-36.81645 Y84.13123
G01 X-36.74327 Y84.26813
G01 X-36.69818 Y84.41672
G01 X-36.66402 Y84.66650
G01 X-36.68985 Y84.87453
G01 X-36.82061 Y84.96577
G01 X-36.73242 Y84.90946
G04 P0 ( dwell for no time -- G64 should not smooth over this point )
G00 Z2.00000 ( retract )

G00 X-37.37616 Y85.24611 ( rapid move to begin. )
G01 F250.00000
G01 Z-0.20000
G04 P0 ( dwell for no time -- G64 should not smooth over this point )
G01 F500.00000
G01 X-37.37616 Y85.24611
G01 X-37.18426 Y85.17323
G01 X-37.37616 Y85.24611
G01 X-37.33214 Y85.22939
G01 X-37.67860 Y85.28741
G01 X-37.45487 Y85.25883
G01 X-37.53389 Y85.27781
G01 X-37.70501 Y85.29101
G01 X-37.67860 Y85.28741
G01 X-40.80996 Y85.29094
G01 X-37.70501 Y85.29101
G04 P0 ( dwell for no time -- G64 should not smooth over this point )
G00 Z2.00000 ( retract )

G00 X-41.42632 Y85.13681 ( rapid move to begin. )
G01 F250.00000
G01 Z-0.20000
G04 P0 ( dwell for no time -- G64 should not smooth over this point )
G01 F500.00000
G01 X-41.42632 Y85.13681
G01 X-41.13869 Y85.24606
G01 X-40.80996 Y85.29094
G01 X-40.98103 Y85.27773
G01 X-41.18263 Y85.22934
G01 X-41.13869 Y85.24606
G01 X-41.32962 Y85.17351
G01 X-41.19401 Y85.22663
G01 X-41.30445 Y85.18787
G01 X-42.66068 Y85.18792
G01 X-42.53866 Y85.13681
G01 X-42.18258 Y84.90943
G01 X-41.98248 Y84.73991
G01 X-41.81918 Y84.87824
G01 X-41.46340 Y85.11238
G01 X-41.32962 Y85.17351
G01 X-41.48207 Y84.94491
G01 X-41.52825 Y84.75988
G01 X-41.52825 Y84.57316
G01 X-41.48207 Y84.38812
G01 X-41.43785 Y84.30539
G01 X-41.23668 Y84.03402
G01 X-41.17437 Y83.91174
G01 X-41.13196 Y83.78119
G01 X-41.11049 Y83.64565
G01 X-41.11049 Y83.50837
G01 X-41.13196 Y83.37283
G01 X-41.17437 Y83.24228
G01 X-41.23668 Y83.12000
G01 X-41.31738 Y83.00893
G01 X-41.41443 Y82.91187
G01 X-41.52545 Y82.83123
G01 X-41.64775 Y82.76890
G01 X-41.77831 Y82.72648
G01 X-41.91384 Y82.70502
G01 X-42.05113 Y82.70502
G01 X-42.18667 Y82.72648
G01 X-42.31722 Y82.76890
G01 X-42.43952 Y82.83123
G01 X-42.55055 Y82.91187
G01 X-42.64760 Y83.00893
G01 X-42.72830 Y83.11997
G01 X-42.79063 Y83.24230
G01 X-42.83302 Y83.37283
G01 X-42.85448 Y83.50837
G01 X-42.85448 Y83.64565
G01 X-42.83302 Y83.78121
G01 X-42.79060 Y83.91172
G01 X-42.72827 Y84.03404
G01 X-42.52713 Y84.30539
G01 X-42.48291 Y84.38812
G01 X-42.43673 Y84.57316
G01 X-42.43673 Y84.75988
G01 X-42.48291 Y84.94491
G01 X-42.63533 Y85.17351
G01 X-42.50140 Y85.11230
G01 X-42.13980 Y84.87433
G01 X-41.82512 Y84.87435
G01 X-41.42632 Y85.13681
G01 X-41.78240 Y84.90943
G01 X-41.52347 Y85.08489
G04 P0 ( dwell for no time -- G64 should not smooth over this point )
G00 Z2.00000 ( retract )

G00 X-41.78240 Y84.90943 ( rapid move to begin. )
G01 F250.00000
G01 Z-0.20000
G04 P0 ( dwell for no time -- G64 should not smooth over this point )
G01 F500.00000
G01 X-41.78240 Y84.90943
G01 X-41.82512 Y84.87435
G01 X-41.85095 Y84.66650
G01 X-41.81679 Y84.41672
G01 X-41.77171 Y84.26813
G01 X-41.69853 Y84.13123
G01 X-41.50480 Y83.86973
G01 X-41.46490 Y83.79142
G01 X-41.42398 Y83.62099
G01 X-41.43775 Y83.44624
G01 X-41.50480 Y83.28429
G01 X-41.61865 Y83.15101
G01 X-41.76810 Y83.05942
G01 X-41.93851 Y83.01850
G01 X-42.02644 Y83.01850
G01 X-42.19688 Y83.05942
G01 X-42.34633 Y83.15101
G01 X-42.46017 Y83.28431
G01 X-42.52723 Y83.44621
G01 X-42.54100 Y83.62096
G01 X-42.50008 Y83.79140
G01 X-42.46015 Y83.86973
G01 X-42.26645 Y84.13123
G01 X-42.19327 Y84.26813
G01 X-42.14818 Y84.41672
G01 X-42.11402 Y84.66650
G01 X-42.13980 Y84.87433
G04 P0 ( dwell for no time -- G64 should not smooth over this point )
G00 Z2.00000 ( retract )

G00 X-42.18258 Y84.90943 ( rapid move to begin. )
G01 F250.00000
G01 Z-0.20000
G04 P0 ( dwell for no time -- G64 should not smooth over this point )
G01 F500.00000
G01 X-42.18258 Y84.90943
G01 X-42.53866 Y85.13681
G01 X-42.78224 Y85.22932
G01 X-42.63881 Y85.17875
G04 P0 ( dwell for no time -- G64 should not smooth over this point )
G00 Z2.00000 ( retract )

G00 X-42.63896 Y85.17882 ( rapid move to begin. )
G01 F250.00000
G01 Z-0.20000
G04 P0 ( dwell for no time -- G64 should not smooth over this point )
G01 F500.00000
G01 X-42.63896 Y85.17882
G01 X-42.77084 Y85.22657
G01 X-42.72911 Y85.21657
G04 P0 ( dwell for no time -- G64 should not smooth over this point )
G00 Z2.00000 ( retract )

G00 X-41.73749 Y83.55774 ( rapid move to begin. )
G01 F250.00000
G01 Z-0.20000
G04 P0 ( dwell for no time -- G64 should not smooth over this point )
G01 F500.00000
G01 X-41.73749 Y83.55774
G01 X-41.75542 Y83.48297
G01 X-41.79561 Y83.41741
G01 X-41.85408 Y83.36747
G01 X-41.92512 Y83.33803
G01 X-42.00175 Y83.33201
G01 X-42.07656 Y83.34997
G01 X-42.14211 Y83.39015
G01 X-42.19203 Y83.44860
G01 X-42.22748 Y83.55772
G01 X-42.20953 Y83.67108
G01 X-41.98250 Y84.00064
G01 X-41.77295 Y83.70542
G01 X-41.74351 Y83.63440
G01 X-41.73749 Y83.55774
G04 P0 ( dwell for no time -- G64 should not smooth over this point )
G00 Z2.00000 ( retract )

G00 X-41.61250 Y80.54149 ( rapid move to begin. )
G01 F250.00000
G01 Z-0.20000
G04 P0 ( dwell for no time -- G64 should not smooth over this point )
G01 F500.00000
G01 X-41.61250 Y80.54149
G01 X-41.62908 Y80.59262
G01 X-41.67696 Y80.61701
G01 X-41.72809 Y80.60040
G01 X-41.75248 Y80.55252
G01 X-41.72809 Y80.49361
G01 X-41.67696 Y80.47700
G01 X-41.62908 Y80.50141
G01 X-41.61250 Y80.54149
G01 X-41.29899 Y80.51681
G01 X-41.35484 Y80.34553
G01 X-41.43264 Y80.25450
G01 X-41.59266 Y80.17297
G01 X-41.71268 Y80.16352
G01 X-41.88349 Y80.21902
G01 X-41.97503 Y80.29720
G01 X-42.05654 Y80.45719
G01 X-42.06599 Y80.57721
G01 X-42.01049 Y80.74802
G01 X-41.93231 Y80.83954
G01 X-41.77232 Y80.92107
G01 X-41.65230 Y80.93052
G01 X-41.48151 Y80.87502
G01 X-41.38997 Y80.79684
G01 X-41.32708 Y80.69420
G01 X-41.29899 Y80.51681
G01 X-40.98550 Y80.49214
G01 X-41.03610 Y80.28084
G01 X-41.08659 Y80.18140
G01 X-41.22845 Y80.01536
G01 X-41.31717 Y79.95089
G01 X-41.51928 Y79.86717
G01 X-41.73737 Y79.85000
G01 X-41.95006 Y79.90108
G01 X-42.13655 Y80.01536
G01 X-42.21412 Y80.09296
G01 X-42.32845 Y80.27949
G01 X-42.37950 Y80.49219
G01 X-42.37948 Y80.60187
G01 X-42.36233 Y80.71023
G01 X-42.27861 Y80.91233
G01 X-42.13658 Y81.07863
G01 X-42.04780 Y81.14314
G01 X-41.84570 Y81.22686
G01 X-41.62764 Y81.24401
G01 X-41.51926 Y81.22684
G01 X-41.31717 Y81.14314
G01 X-41.15083 Y81.00108
G01 X-41.03655 Y80.81454
G01 X-41.00264 Y80.71023
G01 X-40.98550 Y80.49214
G01 X-40.67199 Y80.46748
G01 X-40.69688 Y80.31038
G01 X-40.74550 Y80.16072
G01 X-40.81832 Y80.01729
G01 X-40.91171 Y79.88871
G01 X-41.02421 Y79.77622
G01 X-41.15289 Y79.68275
G01 X-41.29459 Y79.61053
G01 X-41.44585 Y79.56138
G01 X-41.60297 Y79.53652
G01 X-41.76203 Y79.53652
G01 X-41.91910 Y79.56138
G01 X-42.07038 Y79.61056
G01 X-42.21209 Y79.68275
G01 X-42.34077 Y79.77622
G01 X-42.45326 Y79.88874
G01 X-42.54676 Y80.01742
G01 X-42.61895 Y80.15910
G01 X-42.66812 Y80.31043
G01 X-42.69299 Y80.46748
G01 X-42.69299 Y80.62656
G01 X-42.66812 Y80.78358
G01 X-42.61895 Y80.93491
G01 X-42.54674 Y81.07665
G01 X-42.45326 Y81.20530
G01 X-42.34079 Y81.31777
G01 X-42.21212 Y81.41127
G01 X-42.07038 Y81.48348
G01 X-41.91913 Y81.53263
G01 X-41.76203 Y81.55752
G01 X-41.60295 Y81.55752
G01 X-41.44585 Y81.53263
G01 X-41.29459 Y81.48348
G01 X-41.15283 Y81.41127
G01 X-41.02421 Y81.31779
G01 X-40.91171 Y81.20527
G01 X-40.81824 Y81.07665
G01 X-40.74600 Y80.93489
G01 X-40.69685 Y80.78363
G01 X-40.67199 Y80.62653
G01 X-40.67199 Y80.46748
G04 P0 ( dwell for no time -- G64 should not smooth over this point )
G00 Z2.00000 ( retract )

G00 X-36.76250 Y80.54149 ( rapid move to begin. )
G01 F250.00000
G01 Z-0.20000
G04 P0 ( dwell for no time -- G64 should not smooth over this point )
G01 F500.00000
G01 X-36.76250 Y80.54149
G01 X-36.77908 Y80.59262
G01 X-36.82696 Y80.61701
G01 X-36.87809 Y80.60040
G01 X-36.90248 Y80.55252
G01 X-36.87809 Y80.49361
G01 X-36.82696 Y80.47700
G01 X-36.77908 Y80.50141
G01 X-36.76250 Y80.54149
G01 X-36.44898 Y80.51681
G01 X-36.50484 Y80.34553
G01 X-36.58264 Y80.25450
G01 X-36.74266 Y80.17297
G01 X-36.86267 Y80.16352
G01 X-37.03349 Y80.21902
G01 X-37.12503 Y80.29720
G01 X-37.20654 Y80.45719
G01 X-37.21599 Y80.57721
G01 X-37.16049 Y80.74802
G01 X-37.08231 Y80.83954
G01 X-36.92231 Y80.92107
G01 X-36.80232 Y80.93052
G01 X-36.68528 Y80.90240
G01 X-36.58266 Y80.83954
G01 X-36.47708 Y80.69420
G01 X-36.44898 Y80.51681
G01 X-36.13550 Y80.49214
G01 X-36.18612 Y80.28081
G01 X-36.23656 Y80.18142
G01 X-36.37845 Y80.01533
G01 X-36.56493 Y79.90108
G01 X-36.66928 Y79.86717
G01 X-36.88736 Y79.85000
G01 X-37.10006 Y79.90108
G01 X-37.28652 Y80.01533
G01 X-37.36412 Y80.09296
G01 X-37.42861 Y80.18170
G01 X-37.51233 Y80.38381
G01 X-37.52947 Y80.60189
G01 X-37.51233 Y80.71023
G01 X-37.42861 Y80.91233
G01 X-37.28655 Y81.07865
G01 X-37.19780 Y81.14314
G01 X-36.99569 Y81.22686
G01 X-36.77763 Y81.24401
G01 X-36.56496 Y81.19295
G01 X-36.46714 Y81.14312
G01 X-36.30083 Y81.00106
G01 X-36.18655 Y80.81457
G01 X-36.15264 Y80.71023
G01 X-36.13550 Y80.49214
G01 X-35.82198 Y80.46748
G01 X-35.84688 Y80.31038
G01 X-35.89549 Y80.16072
G01 X-35.96831 Y80.01729
G01 X-36.06174 Y79.88871
G01 X-36.17421 Y79.77622
G01 X-36.30286 Y79.68277
G01 X-36.44459 Y79.61053
G01 X-36.59585 Y79.56138
G01 X-36.75297 Y79.53652
G01 X-36.91203 Y79.53652
G01 X-37.06912 Y79.56138
G01 X-37.22038 Y79.61056
G01 X-37.36209 Y79.68275
G01 X-37.49076 Y79.77622
G01 X-37.60329 Y79.88874
G01 X-37.69676 Y80.01742
G01 X-37.76895 Y80.15910
G01 X-37.81812 Y80.31043
G01 X-37.84299 Y80.46748
G01 X-37.84299 Y80.62656
G01 X-37.81812 Y80.78358
G01 X-37.76895 Y80.93491
G01 X-37.69673 Y81.07665
G01 X-37.60329 Y81.20530
G01 X-37.49079 Y81.31777
G01 X-37.36211 Y81.41127
G01 X-37.22038 Y81.48348
G01 X-37.06912 Y81.53263
G01 X-36.91203 Y81.55752
G01 X-36.75295 Y81.55752
G01 X-36.59585 Y81.53263
G01 X-36.44459 Y81.48348
G01 X-36.30286 Y81.41127
G01 X-36.17421 Y81.31779
G01 X-36.06171 Y81.20527
G01 X-35.96824 Y81.07665
G01 X-35.89600 Y80.93489
G01 X-35.84688 Y80.78363
G01 X-35.82198 Y80.62653
G01 X-35.82198 Y80.46748
G04 P0 ( dwell for no time -- G64 should not smooth over this point )
G00 Z2.00000 ( retract )

G00 X-31.73711 Y77.22814 ( rapid move to begin. )
G01 F250.00000
G01 Z-0.20000
G04 P0 ( dwell for no time -- G64 should not smooth over this point )
G01 F500.00000
G01 X-31.73711 Y77.22814
G01 X-31.74648 Y77.21709
G01 X-31.60932 Y77.28501
G01 X-31.38941 Y77.34120
G01 X-31.67843 Y77.30353
G01 X-31.73695 Y77.22918
G01 X-31.72156 Y77.34851
G01 X-31.22039 Y77.35489
G01 X-31.67843 Y77.30353
G04 P0 ( dwell for no time -- G64 should not smooth over this point )
G00 Z2.00000 ( retract )

G00 X-31.16749 Y77.35705 ( rapid move to begin. )
G01 F250.00000
G01 Z-0.20000
G04 P0 ( dwell for no time -- G64 should not smooth over this point )
G01 F500.00000
G01 X-31.16749 Y77.35705
G01 X-31.22039 Y77.35489
G01 X-29.86802 Y77.35654
G01 X-31.26304 Y77.35021
G01 X-29.42179 Y77.35638
G01 X-29.44153 Y77.35707
G01 X-29.19025 Y77.40782
G01 X-29.16490 Y77.29819
G01 X-29.14430 Y77.27993
G01 X-29.22035 Y77.35631
G01 X-29.42179 Y77.35638
G01 X-29.16429 Y77.29756
G01 X-29.14410 Y77.27975
G04 P0 ( dwell for no time -- G64 should not smooth over this point )
G00 Z2.00000 ( retract )

G00 X-29.13815 Y77.27452 ( rapid move to begin. )
G01 F250.00000
G01 Z-0.20000
G04 P0 ( dwell for no time -- G64 should not smooth over this point )
G01 F500.00000
G01 X-29.13815 Y77.27452
G01 X-28.74626 Y76.92723
G01 X-29.05629 Y77.19159
G04 P0 ( dwell for no time -- G64 should not smooth over this point )
G00 Z2.00000 ( retract )

G00 X-28.60338 Y76.06975 ( rapid move to begin. )
G01 F250.00000
G01 Z-0.20000
G04 P0 ( dwell for no time -- G64 should not smooth over this point )
G01 F500.00000
G01 X-28.60338 Y76.06975
G01 X-28.62804 Y75.86970
G01 X-28.67973 Y75.71062
G01 X-28.79767 Y75.50638
G01 X-28.90955 Y75.38207
G01 X-29.07051 Y75.26071
G01 X-29.26929 Y75.16924
G01 X-29.44956 Y75.13000
G01 X-29.56749 Y75.12200
G01 X-31.16749 Y75.12200
G01 X-31.28542 Y75.13000
G01 X-31.48181 Y75.17541
G01 X-31.66446 Y75.26071
G01 X-31.82542 Y75.38207
G01 X-31.95760 Y75.53426
G01 X-32.04907 Y75.69451
G01 X-32.11140 Y75.88636
G01 X-32.13159 Y76.10427
G01 X-32.10693 Y76.30434
G01 X-32.04907 Y76.47953
G01 X-31.95760 Y76.63975
G01 X-31.79977 Y76.81503
G01 X-31.64998 Y76.92273
G01 X-31.48181 Y76.99860
G01 X-31.28542 Y77.04404
G01 X-31.16749 Y77.05202
G01 X-29.56749 Y77.05202
G01 X-29.44956 Y77.04404
G01 X-29.25316 Y76.99860
G01 X-29.07051 Y76.91333
G01 X-28.90955 Y76.79195
G01 X-28.77737 Y76.63975
G01 X-28.68591 Y76.47953
G01 X-28.62357 Y76.28765
G01 X-28.60338 Y76.06975
G04 P0 ( dwell for no time -- G64 should not smooth over this point )
G00 Z2.00000 ( retract )

G00 X-28.39327 Y76.04770 ( rapid move to begin. )
G01 F250.00000
G01 Z-0.20000
G04 P0 ( dwell for no time -- G64 should not smooth over this point )
G01 F500.00000
G01 X-28.39327 Y76.04770
G01 X-28.40826 Y75.90267
G01 X-28.40348 Y75.92377
G04 P0 ( dwell for no time -- G64 should not smooth over this point )
G00 Z2.00000 ( retract )

G00 X-28.51534 Y75.56157 ( rapid move to begin. )
G01 F250.00000
G01 Z-0.20000
G04 P0 ( dwell for no time -- G64 should not smooth over this point )
G01 F500.00000
G01 X-28.51534 Y75.56157
G01 X-28.44567 Y75.73746
G01 X-28.40826 Y75.90267
G01 X-28.44567 Y75.73746
G01 X-28.51534 Y75.56157
G01 X-28.59401 Y75.42845
G01 X-28.79510 Y75.16617
G01 X-28.61237 Y75.39893
G04 P0 ( dwell for no time -- G64 should not smooth over this point )
G00 Z2.00000 ( retract )

G00 X-28.84148 Y75.09454 ( rapid move to begin. )
G01 F250.00000
G01 Z-0.20000
G04 P0 ( dwell for no time -- G64 should not smooth over this point )
G01 F500.00000
G01 X-28.84148 Y75.09454
G01 X-28.79510 Y75.16617
G01 X-29.01555 Y74.81702
G01 X-28.90671 Y74.99533
G01 X-29.12566 Y74.88903
G01 X-29.44440 Y74.81705
G01 X-29.42433 Y74.81702
G01 X-31.31061 Y74.81702
G01 X-29.44440 Y74.81705
G04 P0 ( dwell for no time -- G64 should not smooth over this point )
G00 Z2.00000 ( retract )

G00 X-31.29057 Y74.81705 ( rapid move to begin. )
G01 F250.00000
G01 Z-0.20000
G04 P0 ( dwell for no time -- G64 should not smooth over this point )
G01 F500.00000
G01 X-31.29057 Y74.81705
G01 X-31.51420 Y74.85812
G01 X-31.73835 Y74.94646
G01 X-31.64264 Y74.81702
G01 X-31.31061 Y74.81702
G01 X-31.51420 Y74.77592
G01 X-31.73838 Y74.68753
G01 X-31.64264 Y74.81702
G04 P0 ( dwell for no time -- G64 should not smooth over this point )
G00 Z2.00000 ( retract )

G00 X-32.32448 Y75.88136 ( rapid move to begin. )
G01 F250.00000
G01 Z-0.20000
G04 P0 ( dwell for no time -- G64 should not smooth over this point )
G01 F500.00000
G01 X-32.32448 Y75.88136
G01 X-32.32565 Y75.89812
G01 X-32.28928 Y75.73744
G01 X-32.22514 Y75.57297
G01 X-32.12258 Y75.39893
G01 X-31.74887 Y74.95883
G01 X-32.12258 Y75.39893
G01 X-32.22202 Y75.56769
G01 X-32.28928 Y75.73744
G01 X-32.32545 Y75.89723
G01 X-32.33545 Y76.17066
G01 X-32.34071 Y76.14519
G01 X-32.28928 Y76.43660
G01 X-32.30767 Y76.36962
G04 P0 ( dwell for no time -- G64 should not smooth over this point )
G00 Z2.00000 ( retract )

G00 X-32.21960 Y76.61249 ( rapid move to begin. )
G01 F250.00000
G01 Z-0.20000
G04 P0 ( dwell for no time -- G64 should not smooth over this point )
G01 F500.00000
G01 X-32.21960 Y76.61249
G01 X-32.29486 Y76.40490
G01 X-32.21960 Y76.61249
G01 X-32.12258 Y76.77511
G01 X-31.74648 Y77.21709
G01 X-32.12258 Y76.77511
G04 P0 ( dwell for no time -- G64 should not smooth over this point )
G00 Z2.00000 ( retract )

G00 X-32.34071 Y76.14519 ( rapid move to begin. )
G01 F250.00000
G01 Z-0.20000
G04 P0 ( dwell for no time -- G64 should not smooth over this point )
G01 F500.00000
G01 X-32.34071 Y76.14519
G01 X-32.32565 Y75.89812
G01 X-32.33147 Y75.92377
G04 P0 ( dwell for no time -- G64 should not smooth over this point )
G00 Z2.00000 ( retract )

G00 X-31.73835 Y74.94646 ( rapid move to begin. )
G01 F250.00000
G01 Z-0.20000
G04 P0 ( dwell for no time -- G64 should not smooth over this point )
G01 F500.00000
G01 X-31.73835 Y74.94646
G01 X-31.74887 Y74.95883
G01 X-31.72199 Y74.81702
G01 X-31.74902 Y74.67496
G01 X-31.73838 Y74.68753
G04 P0 ( dwell for no time -- G64 should not smooth over this point )
G00 Z2.00000 ( retract )

G00 X-31.81737 Y74.58375 ( rapid move to begin. )
G01 F250.00000
G01 Z-0.20000
G04 P0 ( dwell for no time -- G64 should not smooth over this point )
G01 F500.00000
G01 X-31.81737 Y74.58375
G01 X-31.74902 Y74.67496
G01 X-32.13840 Y74.20856
G01 X-32.12258 Y74.23511
G04 P0 ( dwell for no time -- G64 should not smooth over this point )
G00 Z2.00000 ( retract )

G00 X-32.21960 Y74.07249 ( rapid move to begin. )
G01 F250.00000
G01 Z-0.20000
G04 P0 ( dwell for no time -- G64 should not smooth over this point )
G01 F500.00000
G01 X-32.21960 Y74.07249
G01 X-32.13840 Y74.20856
G01 X-32.23733 Y74.02355
G01 X-32.21960 Y74.07249
G01 X-32.27327 Y73.92444
G01 X-32.24384 Y74.01128
G01 X-32.25585 Y73.98862
G01 X-32.31678 Y73.76422
G01 X-32.30149 Y73.84659
G01 X-32.31069 Y73.80905
G01 X-32.30767 Y73.82962
G04 P0 ( dwell for no time -- G64 should not smooth over this point )
G00 Z2.00000 ( retract )

G00 X-32.32448 Y73.34136 ( rapid move to begin. )
G01 F250.00000
G01 Z-0.20000
G04 P0 ( dwell for no time -- G64 should not smooth over this point )
G01 F500.00000
G01 X-32.32448 Y73.34136
G01 X-32.34168 Y73.58634
G01 X-32.33469 Y73.64595
G01 X-32.33794 Y73.56056
G01 X-32.31069 Y73.80905
G01 X-32.34168 Y73.50773
G01 X-32.33147 Y73.38377
G01 X-32.32565 Y73.35812
G01 X-32.33058 Y73.42845
G01 X-32.30767 Y73.26444
G01 X-32.30152 Y73.24748
G01 X-32.31285 Y73.30158
G01 X-32.22514 Y73.03297
G01 X-32.29908 Y73.24080
G01 X-32.21960 Y73.02157
G01 X-32.12258 Y72.85893
G01 X-31.74887 Y72.41883
G01 X-32.12258 Y72.85893
G01 X-32.21960 Y73.02157
G04 P0 ( dwell for no time -- G64 should not smooth over this point )
G00 Z2.00000 ( retract )

G00 X-31.73835 Y72.40646 ( rapid move to begin. )
G01 F250.00000
G01 Z-0.20000
G04 P0 ( dwell for no time -- G64 should not smooth over this point )
G01 F500.00000
G01 X-31.73835 Y72.40646
G01 X-31.74887 Y72.41883
G01 X-31.72199 Y72.27702
G01 X-31.74902 Y72.13496
G01 X-31.73838 Y72.14753
G04 P0 ( dwell for no time -- G64 should not smooth over this point )
G00 Z2.00000 ( retract )

G00 X-31.64264 Y72.27702 ( rapid move to begin. )
G01 F250.00000
G01 Z-0.20000
G04 P0 ( dwell for no time -- G64 should not smooth over this point )
G01 F500.00000
G01 X-31.64264 Y72.27702
G01 X-31.73838 Y72.14753
G01 X-31.60932 Y72.20501
G01 X-31.31061 Y72.27702
G01 X-31.64264 Y72.27702
G01 X-31.73835 Y72.40646
G01 X-31.51420 Y72.31812
G01 X-31.29057 Y72.27705
G04 P0 ( dwell for no time -- G64 should not smooth over this point )
G00 Z2.00000 ( retract )

G00 X-31.81737 Y72.04375 ( rapid move to begin. )
G01 F250.00000
G01 Z-0.20000
G04 P0 ( dwell for no time -- G64 should not smooth over this point )
G01 F500.00000
G01 X-31.81737 Y72.04375
G01 X-31.74902 Y72.13496
G01 X-32.13840 Y71.66856
G01 X-32.12258 Y71.69511
G04 P0 ( dwell for no time -- G64 should not smooth over this point )
G00 Z2.00000 ( retract )

G00 X-32.21960 Y71.53249 ( rapid move to begin. )
G01 F250.00000
G01 Z-0.20000
G04 P0 ( dwell for no time -- G64 should not smooth over this point )
G01 F500.00000
G01 X-32.21960 Y71.53249
G01 X-32.13840 Y71.66856
G01 X-32.23733 Y71.48355
G01 X-32.21960 Y71.53249
G01 X-32.27327 Y71.38444
G01 X-32.24384 Y71.47128
G01 X-32.25585 Y71.44862
G01 X-32.31678 Y71.22422
G01 X-32.28928 Y71.35660
G04 P0 ( dwell for no time -- G64 should not smooth over this point )
G00 Z2.00000 ( retract )

G00 X-32.33147 Y71.17027 ( rapid move to begin. )
G01 F250.00000
G01 Z-0.20000
G04 P0 ( dwell for no time -- G64 should not smooth over this point )
G01 F500.00000
G01 X-32.33147 Y71.17027
G01 X-32.33393 Y71.12119
G01 X-32.30149 Y71.30659
G01 X-32.32667 Y71.19137
G01 X-32.31678 Y71.22422
G01 X-32.33937 Y71.01347
G01 X-32.32448 Y70.80136
G01 X-32.28928 Y70.65744
G01 X-32.22514 Y70.49297
G01 X-32.12258 Y70.31893
G01 X-31.74879 Y69.87875
G01 X-32.12258 Y70.31893
G01 X-32.22202 Y70.48769
G01 X-32.28928 Y70.65744
G01 X-32.33147 Y70.84377
G01 X-32.33393 Y71.12119
G01 X-32.33147 Y70.84377
G04 P0 ( dwell for no time -- G64 should not smooth over this point )
G00 Z2.00000 ( retract )

G00 X-31.73835 Y69.86646 ( rapid move to begin. )
G01 F250.00000
G01 Z-0.20000
G04 P0 ( dwell for no time -- G64 should not smooth over this point )
G01 F500.00000
G01 X-31.73835 Y69.86646
G01 X-31.74879 Y69.87875
G01 X-31.72199 Y69.73702
G01 X-31.74909 Y69.59488
G01 X-31.73838 Y69.60753
G04 P0 ( dwell for no time -- G64 should not smooth over this point )
G00 Z2.00000 ( retract )

G00 X-31.64264 Y69.73705 ( rapid move to begin. )
G01 F250.00000
G01 Z-0.20000
G04 P0 ( dwell for no time -- G64 should not smooth over this point )
G01 F500.00000
G01 X-31.64264 Y69.73705
G01 X-31.73835 Y69.86646
G01 X-31.51420 Y69.77812
G01 X-31.29057 Y69.73705
G04 P0 ( dwell for no time -- G64 should not smooth over this point )
G00 Z2.00000 ( retract )

G00 X-32.21960 Y68.99249 ( rapid move to begin. )
G01 F250.00000
G01 Z-0.20000
G04 P0 ( dwell for no time -- G64 should not smooth over this point )
G01 F500.00000
G01 X-32.21960 Y68.99249
G01 X-32.12258 Y69.15511
G01 X-31.74909 Y69.59488
G01 X-32.12258 Y69.15511
G01 X-32.23812 Y68.94136
G01 X-32.21960 Y68.99249
G01 X-32.27952 Y68.82719
G01 X-32.24452 Y68.92953
G01 X-32.25585 Y68.90862
G01 X-32.31262 Y68.71340
G01 X-32.28928 Y68.81660
G04 P0 ( dwell for no time -- G64 should not smooth over this point )
G00 Z2.00000 ( retract )

G00 X-32.32448 Y68.67271 ( rapid move to begin. )
G01 F250.00000
G01 Z-0.20000
G04 P0 ( dwell for no time -- G64 should not smooth over this point )
G01 F500.00000
G01 X-32.32448 Y68.67271
G01 X-32.32667 Y68.65137
G01 X-32.30149 Y68.76659
G01 X-32.33937 Y68.47347
G01 X-32.32565 Y68.27812
G01 X-32.34168 Y68.42773
G01 X-32.32667 Y68.65137
G01 X-32.34168 Y68.50634
G01 X-32.33147 Y68.30377
G01 X-32.28928 Y68.11744
G01 X-32.31264 Y68.22074
G01 X-32.21960 Y67.94157
G01 X-32.12258 Y67.77893
G01 X-31.74661 Y67.33710
G01 X-32.12258 Y67.77893
G01 X-32.28928 Y68.11744
G04 P0 ( dwell for no time -- G64 should not smooth over this point )
G00 Z2.00000 ( retract )

G00 X-31.73708 Y67.32590 ( rapid move to begin. )
G01 F250.00000
G01 Z-0.20000
G04 P0 ( dwell for no time -- G64 should not smooth over this point )
G01 F500.00000
G01 X-31.73708 Y67.32590
G01 X-31.74661 Y67.33710
G01 X-31.51420 Y67.23812
G01 X-31.35705 Y67.20538
G01 X-31.67843 Y67.25054
G01 X-31.73693 Y67.32481
G01 X-31.72156 Y67.20553
G01 X-31.16749 Y67.19702
G04 P0 ( dwell for no time -- G64 should not smooth over this point )
G00 Z2.00000 ( retract )

G00 X-31.16749 Y64.65702 ( rapid move to begin. )
G01 F250.00000
G01 Z-0.20000
G04 P0 ( dwell for no time -- G64 should not smooth over this point )
G01 F500.00000
G01 X-31.16749 Y64.65702
G01 X-31.72156 Y64.64851
G01 X-31.73695 Y64.52921
G01 X-31.67843 Y64.60355
G01 X-31.35644 Y64.64876
G01 X-31.60932 Y64.58501
G01 X-31.73695 Y64.52921
G01 X-32.12258 Y64.07513
G01 X-31.74894 Y64.51399
G01 X-32.13413 Y64.05372
G01 X-32.12258 Y64.07513
G01 X-32.23812 Y63.86139
G01 X-32.13830 Y64.04874
G01 X-32.22514 Y63.90114
G01 X-32.31262 Y63.63350
G01 X-32.29906 Y63.69329
G01 X-32.30767 Y63.66962
G01 X-32.34033 Y63.43922
G01 X-32.33545 Y63.47066
G01 X-32.32545 Y63.19723
G01 X-32.28928 Y63.03744
G01 X-32.22199 Y62.86764
G01 X-32.12258 Y62.69893
G01 X-31.74876 Y62.25873
G01 X-32.12258 Y62.69893
G01 X-32.22514 Y62.87297
G01 X-32.28928 Y63.03744
G01 X-32.32448 Y63.18136
G01 X-32.34018 Y63.43688
G01 X-32.32667 Y63.20262
G01 X-32.33147 Y63.22377
G01 X-32.34071 Y63.44521
G01 X-32.30767 Y63.66962
G04 P0 ( dwell for no time -- G64 should not smooth over this point )
G00 Z2.00000 ( retract )

G00 X-31.73835 Y62.24646 ( rapid move to begin. )
G01 F250.00000
G01 Z-0.20000
G04 P0 ( dwell for no time -- G64 should not smooth over this point )
G01 F500.00000
G01 X-31.73835 Y62.24646
G01 X-31.74876 Y62.25873
G01 X-31.72199 Y62.11702
G01 X-31.74902 Y61.97496
G01 X-31.73838 Y61.98753
G04 P0 ( dwell for no time -- G64 should not smooth over this point )
G00 Z2.00000 ( retract )

G00 X-32.32448 Y60.64133 ( rapid move to begin. )
G01 F250.00000
G01 Z-0.20000
G04 P0 ( dwell for no time -- G64 should not smooth over this point )
G01 F500.00000
G01 X-32.32448 Y60.64133
G01 X-32.33096 Y60.73361
G01 X-32.28928 Y60.49744
G01 X-32.21960 Y60.32157
G01 X-32.12258 Y60.15893
G01 X-31.74879 Y59.71875
G01 X-32.12258 Y60.15893
G01 X-32.22202 Y60.32769
G01 X-32.28928 Y60.49744
G01 X-32.32971 Y60.72665
G01 X-32.32923 Y60.97524
G01 X-32.34071 Y60.78888
G01 X-32.33096 Y60.73361
G01 X-32.34071 Y60.90519
G01 X-32.30149 Y61.14664
G01 X-32.30767 Y61.12965
G04 P0 ( dwell for no time -- G64 should not smooth over this point )
G00 Z2.00000 ( retract )

G00 X-32.21960 Y61.37249 ( rapid move to begin. )
G01 F250.00000
G01 Z-0.20000
G04 P0 ( dwell for no time -- G64 should not smooth over this point )
G01 F500.00000
G01 X-32.21960 Y61.37249
G01 X-32.30149 Y61.14664
G01 X-32.21960 Y61.37249
G01 X-32.12258 Y61.53511
G01 X-31.74902 Y61.97496
G01 X-32.12258 Y61.53511
G04 P0 ( dwell for no time -- G64 should not smooth over this point )
G00 Z2.00000 ( retract )

G00 X-31.64264 Y62.11702 ( rapid move to begin. )
G01 F250.00000
G01 Z-0.20000
G04 P0 ( dwell for no time -- G64 should not smooth over this point )
G01 F500.00000
G01 X-31.64264 Y62.11702
G01 X-31.73838 Y61.98753
G01 X-31.56256 Y62.06294
G01 X-31.31074 Y62.11702
G01 X-31.64264 Y62.11702
G01 X-31.73835 Y62.24646
G01 X-31.56256 Y62.17107
G01 X-31.29057 Y62.11702
G04 P0 ( dwell for no time -- G64 should not smooth over this point )
G00 Z2.00000 ( retract )

G00 X-29.66932 Y64.65616 ( rapid move to begin. )
G01 F250.00000
G01 Z-0.20000
G04 P0 ( dwell for no time -- G64 should not smooth over this point )
G01 F500.00000
G01 X-29.66932 Y64.65616
G01 X-31.32878 Y64.64996
G01 X-28.61329 Y64.65557
G04 P0 ( dwell for no time -- G64 should not smooth over this point )
G00 Z2.00000 ( retract )

G00 X-28.61326 Y64.65557 ( rapid move to begin. )
G01 F250.00000
G01 Z-0.20000
G04 P0 ( dwell for no time -- G64 should not smooth over this point )
G01 F500.00000
G01 X-28.61326 Y64.65557
G01 X-29.41981 Y64.65600
G01 X-29.17242 Y64.60294
G01 X-28.97287 Y64.51696
G01 X-28.75093 Y64.36865
G01 X-28.53315 Y64.13850
G01 X-28.38156 Y63.86030
G01 X-28.31692 Y63.65283
G01 X-28.29162 Y63.33698
G01 X-27.97984 Y63.30422
G01 X-28.03173 Y62.97592
G01 X-28.15075 Y62.66561
G01 X-28.23437 Y62.52078
G01 X-28.44361 Y62.26254
G01 X-28.57892 Y62.14361
G01 X-28.65189 Y62.11702
G01 X-28.58415 Y62.13904
G04 P0 ( dwell for no time -- G64 should not smooth over this point )
G00 Z2.00000 ( retract )

G00 X-29.44440 Y62.11702 ( rapid move to begin. )
G01 F250.00000
G01 Z-0.20000
G04 P0 ( dwell for no time -- G64 should not smooth over this point )
G01 F500.00000
G01 X-29.44440 Y62.11702
G01 X-31.29083 Y62.11707
G01 X-29.42423 Y62.11702
G01 X-29.44412 Y62.11707
G01 X-29.17242 Y62.17107
G01 X-28.88623 Y62.30706
G01 X-28.71202 Y62.43688
G01 X-28.50587 Y62.67752
G01 X-28.38156 Y62.91374
G01 X-28.30910 Y63.17066
G01 X-28.29162 Y63.33698
G01 X-28.60338 Y63.36975
G01 X-28.62804 Y63.60434
G01 X-28.69375 Y63.79494
G01 X-28.78679 Y63.95425
G01 X-28.93521 Y64.11503
G01 X-29.10038 Y64.23058
G01 X-29.26929 Y64.30480
G01 X-29.44956 Y64.34404
G01 X-31.16749 Y64.35202
G01 X-31.28542 Y64.34404
G01 X-31.46568 Y64.30480
G01 X-31.63459 Y64.23058
G01 X-31.79977 Y64.11503
G01 X-31.94818 Y63.95425
G01 X-32.05524 Y63.76340
G01 X-32.10693 Y63.60434
G01 X-32.13159 Y63.40427
G01 X-32.10693 Y63.16970
G01 X-32.04907 Y62.99451
G01 X-31.94818 Y62.81979
G01 X-31.79977 Y62.65903
G01 X-31.63459 Y62.54346
G01 X-31.48181 Y62.47541
G01 X-31.28542 Y62.43002
G01 X-29.56749 Y62.42200
G01 X-29.44956 Y62.43002
G01 X-29.26929 Y62.46924
G01 X-29.10038 Y62.54346
G01 X-28.93521 Y62.65903
G01 X-28.78679 Y62.81979
G01 X-28.67973 Y63.01062
G01 X-28.62804 Y63.16970
G01 X-28.60338 Y63.36975
G04 P0 ( dwell for no time -- G64 should not smooth over this point )
G00 Z2.00000 ( retract )

G00 X-27.97984 Y63.30422 ( rapid move to begin. )
G01 F250.00000
G01 Z-0.20000
G04 P0 ( dwell for no time -- G64 should not smooth over this point )
G01 F500.00000
G01 X-27.97984 Y63.30422
G01 X-27.97984 Y63.46977
G01 X-28.01027 Y63.71801
G01 X-28.08342 Y63.95715
G01 X-28.15075 Y64.10841
G01 X-28.33170 Y64.38720
G01 X-28.50224 Y64.57013
G01 X-28.61326 Y64.65557
G01 X-28.38906 Y64.85946
G01 X-28.24948 Y65.04094
G04 P0 ( dwell for no time -- G64 should not smooth over this point )
G00 Z2.00000 ( retract )

G00 X-26.08223 Y65.28813 ( rapid move to begin. )
G01 F250.00000
G01 Z-0.20000
G04 P0 ( dwell for no time -- G64 should not smooth over this point )
G01 F500.00000
G01 X-26.08223 Y65.28813
G01 X-26.08223 Y71.73704
G01 X-26.07860 Y65.25179
G01 X-26.08223 Y65.28813
G01 X-26.05754 Y65.03980
G01 X-26.07283 Y65.16657
G01 X-26.05754 Y65.03980
G01 X-25.89940 Y64.84676
G01 X-25.94908 Y64.90157
G04 P0 ( dwell for no time -- G64 should not smooth over this point )
G00 Z2.00000 ( retract )

G00 X-25.37778 Y64.32514 ( rapid move to begin. )
G01 F250.00000
G01 Z-0.20000
G04 P0 ( dwell for no time -- G64 should not smooth over this point )
G01 F500.00000
G01 X-25.37778 Y64.32514
G01 X-25.89940 Y64.84676
G01 X-25.35063 Y64.30289
G01 X-25.92264 Y64.87513
G01 X-25.32292 Y64.27544
G01 X-25.34926 Y64.30178
G01 X-25.18469 Y64.16698
G01 X-25.32292 Y64.27544
G04 P0 ( dwell for no time -- G64 should not smooth over this point )
G00 Z2.00000 ( retract )

G00 X-24.93638 Y64.14229 ( rapid move to begin. )
G01 F250.00000
G01 Z-0.20000
G04 P0 ( dwell for no time -- G64 should not smooth over this point )
G01 F500.00000
G01 X-24.93638 Y64.14229
G01 X-25.18469 Y64.16698
G01 X-24.93638 Y64.14229
G01 X-19.71747 Y64.14229
G01 X-19.51295 Y64.11897
G01 X-19.38199 Y64.07691
G01 X-19.25969 Y64.01407
G01 X-19.09857 Y63.88593
G01 X-14.80757 Y59.59493
G01 X-14.67943 Y59.43381
G01 X-14.61662 Y59.31151
G01 X-14.57453 Y59.18055
G01 X-14.55370 Y59.04469
G01 X-14.53938 Y58.55376
G01 X-14.56170 Y59.09701
G01 X-14.61662 Y59.31151
G04 P0 ( dwell for no time -- G64 should not smooth over this point )
G00 Z2.00000 ( retract )

G00 X-12.24908 Y57.07169 ( rapid move to begin. )
G01 F250.00000
G01 Z-0.20000
G04 P0 ( dwell for no time -- G64 should not smooth over this point )
G01 F500.00000
G01 X-12.24908 Y57.07169
G01 X-12.38513 Y57.02749
G01 X-12.54603 Y57.00202
G01 X-12.70895 Y57.00202
G01 X-12.86986 Y57.02749
G01 X-13.00590 Y57.07169
G01 X-12.86955 Y57.20806
G01 X-12.70067 Y57.17586
G01 X-12.53707 Y57.17675
G01 X-12.38543 Y57.20806
G01 X-12.24908 Y57.07169
G04 P0 ( dwell for no time -- G64 should not smooth over this point )
G00 Z2.00000 ( retract )

G00 X-11.59249 Y57.95556 ( rapid move to begin. )
G01 F250.00000
G01 Z-0.20000
G04 P0 ( dwell for no time -- G64 should not smooth over this point )
G01 F500.00000
G01 X-11.59249 Y57.95556
G01 X-11.59249 Y58.11853
G01 X-11.61797 Y58.27938
G01 X-11.66216 Y58.41543
G01 X-11.80019 Y58.27743
G01 X-11.76247 Y58.03702
G01 X-11.80019 Y57.79661
G01 X-11.66216 Y57.65861
G01 X-11.61797 Y57.79465
G01 X-11.59249 Y57.95556
G04 P0 ( dwell for no time -- G64 should not smooth over this point )
G00 Z2.00000 ( retract )

G00 X-12.24908 Y59.00232 ( rapid move to begin. )
G01 F250.00000
G01 Z-0.20000
G04 P0 ( dwell for no time -- G64 should not smooth over this point )
G01 F500.00000
G01 X-12.24908 Y59.00232
G01 X-12.38513 Y59.04654
G01 X-12.54603 Y59.07202
G01 X-12.70892 Y59.07202
G01 X-12.86986 Y59.04652
G01 X-13.00590 Y59.00232
G01 X-12.86953 Y58.86597
G01 X-12.70067 Y58.89818
G01 X-12.53707 Y58.89726
G01 X-12.38543 Y58.86597
G01 X-12.24908 Y59.00232
G04 P0 ( dwell for no time -- G64 should not smooth over this point )
G00 Z2.00000 ( retract )

G00 X-13.39335 Y64.78125 ( rapid move to begin. )
G01 F250.00000
G01 Z-0.20000
G04 P0 ( dwell for no time -- G64 should not smooth over this point )
G01 F500.00000
G01 X-13.39335 Y64.78125
G01 X-17.83541 Y64.78267
G01 X-13.39335 Y64.78125
G01 X-13.25050 Y64.76672
G01 X-13.03895 Y64.66370
G01 X-12.87847 Y64.61160
G01 X-12.71195 Y64.58379
G01 X-12.54301 Y64.58379
G01 X-12.37646 Y64.61160
G01 X-12.21604 Y64.66370
G01 X-12.06496 Y64.73911
G01 X-12.24136 Y64.65544
G01 X-12.45371 Y64.59870
G01 X-12.71195 Y64.58379
G04 P0 ( dwell for no time -- G64 should not smooth over this point )
G00 Z2.00000 ( retract )

G00 X-12.06496 Y64.73911 ( rapid move to begin. )
G01 F250.00000
G01 Z-0.20000
G04 P0 ( dwell for no time -- G64 should not smooth over this point )
G01 F500.00000
G01 X-12.06496 Y64.73911
G01 X-11.87967 Y64.88526
G01 X-11.73529 Y65.05743
G01 X-11.63285 Y65.24503
G01 X-11.58066 Y65.40571
G01 X-11.55328 Y65.61772
G01 X-11.56882 Y65.84185
G01 X-11.63285 Y66.06903
G01 X-11.71073 Y66.21879
G01 X-11.80992 Y66.35529
G01 X-11.92831 Y66.47566
G01 X-12.06496 Y66.57497
G01 X-12.24167 Y66.65869
G01 X-12.06496 Y66.57497
G04 P0 ( dwell for no time -- G64 should not smooth over this point )
G00 Z2.00000 ( retract )

G00 X-11.76338 Y65.63977 ( rapid move to begin. )
G01 F250.00000
G01 Z-0.20000
G04 P0 ( dwell for no time -- G64 should not smooth over this point )
G01 F500.00000
G01 X-11.76338 Y65.63977
G01 X-11.78586 Y65.46050
G01 X-11.83727 Y65.30518
G01 X-11.91825 Y65.16306
G01 X-12.03648 Y65.02641
G01 X-12.21037 Y64.90007
G01 X-12.36018 Y64.83436
G01 X-12.53707 Y64.79675
G01 X-12.71792 Y64.79675
G01 X-12.89478 Y64.83436
G01 X-13.04461 Y64.90007
G01 X-13.17730 Y64.99205
G01 X-17.82748 Y64.99205
G01 X-17.97292 Y65.00873
G01 X-18.18306 Y65.09575
G01 X-18.29771 Y65.18679
G01 X-23.33870 Y70.24202
G01 X-23.72968 Y70.24517
G01 X-23.78917 Y70.26981
G01 X-23.83468 Y70.31535
G01 X-23.86250 Y70.40702
G01 X-23.86250 Y72.20702
G01 X-23.83468 Y72.29869
G01 X-23.78917 Y72.34420
G01 X-23.69750 Y72.37202
G01 X-21.89748 Y72.37202
G01 X-21.83436 Y72.35944
G01 X-21.78081 Y72.32368
G01 X-21.74505 Y72.27016
G01 X-21.73248 Y72.20702
G01 X-21.73248 Y70.50247
G01 X-17.55204 Y66.32202
G01 X-13.17730 Y66.32202
G01 X-13.05998 Y66.40611
G01 X-12.87811 Y66.48414
G01 X-12.71792 Y66.51726
G01 X-12.53707 Y66.51726
G01 X-12.37687 Y66.48414
G01 X-12.19498 Y66.40611
G01 X-12.06211 Y66.31071
G01 X-11.93857 Y66.17886
G01 X-11.83107 Y65.99270
G01 X-11.77870 Y65.81981
G01 X-11.76338 Y65.63977
G04 P0 ( dwell for no time -- G64 should not smooth over this point )
G00 Z2.00000 ( retract )

G00 X-12.71195 Y66.73027 ( rapid move to begin. )
G01 F250.00000
G01 Z-0.20000
G04 P0 ( dwell for no time -- G64 should not smooth over this point )
G01 F500.00000
G01 X-12.71195 Y66.73027
G01 X-12.49048 Y66.72151
G01 X-12.24167 Y66.65869
G01 X-12.47611 Y66.72095
G01 X-12.71195 Y66.73027
G01 X-12.87847 Y66.70248
G01 X-13.03976 Y66.65003
G01 X-13.25010 Y66.54620
G01 X-13.42802 Y66.53228
G01 X-17.20635 Y66.53228
G01 X-17.45469 Y66.55697
G01 X-17.64778 Y66.71511
G01 X-21.33939 Y70.40674
G01 X-21.49753 Y70.59981
G01 X-21.52222 Y70.84814
G01 X-21.52295 Y72.24055
G01 X-21.58447 Y72.53016
G01 X-21.52295 Y72.24055
G04 P0 ( dwell for no time -- G64 should not smooth over this point )
G00 Z2.00000 ( retract )

G00 X-22.35269 Y72.61677 ( rapid move to begin. )
G01 F250.00000
G01 Z-0.20000
G04 P0 ( dwell for no time -- G64 should not smooth over this point )
G01 F500.00000
G01 X-22.35269 Y72.61677
G01 X-22.11604 Y72.67156
G01 X-22.35269 Y72.61677
G01 X-22.62511 Y72.58360
G01 X-22.89156 Y72.57948
G01 X-23.15798 Y72.60338
G01 X-23.53560 Y72.68550
G01 X-23.43039 Y72.65675
G04 P0 ( dwell for no time -- G64 should not smooth over this point )
G00 Z2.00000 ( retract )

G00 X-26.08223 Y71.73704 ( rapid move to begin. )
G01 F250.00000
G01 Z-0.20000
G04 P0 ( dwell for no time -- G64 should not smooth over this point )
G01 F500.00000
G01 X-26.08223 Y71.73704
G01 X-26.10560 Y71.94187
G01 X-26.14690 Y72.07095
G01 X-26.21042 Y72.19480
G01 X-26.33359 Y72.34964
G01 X-26.21042 Y72.19480
G04 P0 ( dwell for no time -- G64 should not smooth over this point )
G00 Z2.00000 ( retract )

G00 X-28.11428 Y70.93836 ( rapid move to begin. )
G01 F250.00000
G01 Z-0.20000
G04 P0 ( dwell for no time -- G64 should not smooth over this point )
G01 F500.00000
G01 X-28.11428 Y70.93836
G01 X-28.15855 Y70.51812
G01 X-28.11428 Y70.93836
G01 X-28.12365 Y71.25396
G01 X-28.27595 Y71.51464
G01 X-28.58126 Y71.89610
G01 X-28.75990 Y72.06689
G01 X-29.02959 Y72.27702
G01 X-29.44440 Y72.27705
G01 X-29.22078 Y72.31812
G01 X-29.00640 Y72.40211
G01 X-27.93600 Y71.33171
G01 X-27.93600 Y64.66700
G01 X-27.90577 Y64.43058
G01 X-27.84143 Y64.25011
G01 X-27.74311 Y64.08567
G01 X-27.64938 Y63.97511
G01 X-26.21459 Y62.54356
G01 X-25.97440 Y62.38308
G01 X-25.79394 Y62.31872
G01 X-25.55749 Y62.28852
G01 X-20.12280 Y62.28852
G01 X-16.40498 Y58.57070
G01 X-16.40498 Y46.93602
G01 X-16.39307 Y46.79157
G01 X-16.34633 Y46.60577
G01 X-16.21212 Y46.35467
G01 X-16.11839 Y46.24410
G01 X-14.78939 Y44.91510
G01 X-14.60084 Y44.76928
G01 X-14.42774 Y44.68718
G01 X-14.24194 Y44.64042
G01 X-13.55520 Y44.62851
G01 X-13.27712 Y44.43377
G01 X-13.10755 Y44.37774
G01 X-12.83514 Y44.34400
G01 X-12.47982 Y44.34400
G01 X-12.12371 Y44.39554
G01 X-11.95124 Y44.48378
G01 X-11.81797 Y44.58086
G01 X-11.87009 Y44.46135
G04 P0 ( dwell for no time -- G64 should not smooth over this point )
G00 Z2.00000 ( retract )

G00 X-11.56437 Y44.20550 ( rapid move to begin. )
G01 F250.00000
G01 Z-0.20000
G04 P0 ( dwell for no time -- G64 should not smooth over this point )
G01 F500.00000
G01 X-11.56437 Y44.20550
G01 X-11.78406 Y44.39486
G01 X-11.81502 Y44.53857
G01 X-11.80133 Y44.61241
G01 X-11.81799 Y44.58089
G01 X-11.52417 Y45.13770
G01 X-11.75119 Y44.72262
G01 X-11.52417 Y45.13770
G01 X-11.45879 Y45.36707
G01 X-11.46471 Y45.32069
G04 P0 ( dwell for no time -- G64 should not smooth over this point )
G00 Z2.00000 ( retract )

G00 X-11.45203 Y45.39094 ( rapid move to begin. )
G01 F250.00000
G01 Z-0.20000
G04 P0 ( dwell for no time -- G64 should not smooth over this point )
G01 F500.00000
G01 X-11.45203 Y45.39094
G01 X-11.45879 Y45.36707
G01 X-11.44957 Y45.43941
G01 X-11.46092 Y45.35965
G01 X-11.43969 Y45.63458
G01 X-11.46471 Y45.89338
G01 X-11.43623 Y45.70313
G01 X-11.45945 Y45.85231
G01 X-11.43743 Y45.67936
G01 X-11.44957 Y45.43941
G01 X-11.43623 Y45.70313
G04 P0 ( dwell for no time -- G64 should not smooth over this point )
G00 Z2.00000 ( retract )

G00 X-11.52419 Y46.07646 ( rapid move to begin. )
G01 F250.00000
G01 Z-0.20000
G04 P0 ( dwell for no time -- G64 should not smooth over this point )
G01 F500.00000
G01 X-11.52419 Y46.07646
G01 X-11.46694 Y45.90026
G01 X-11.54954 Y46.12518
G01 X-11.46280 Y45.87369
G01 X-11.46471 Y45.89338
G04 P0 ( dwell for no time -- G64 should not smooth over this point )
G00 Z2.00000 ( retract )

G00 X-11.64248 Y45.60702 ( rapid move to begin. )
G01 F250.00000
G01 Z-0.20000
G04 P0 ( dwell for no time -- G64 should not smooth over this point )
G01 F500.00000
G01 X-11.64248 Y45.60702
G01 X-11.66194 Y45.41304
G01 X-11.73021 Y45.19417
G01 X-11.83633 Y45.01040
G01 X-11.99173 Y44.84184
G01 X-12.16534 Y44.72015
G01 X-12.34382 Y44.64169
G01 X-12.53432 Y44.60027
G01 X-12.74634 Y44.59666
G01 X-12.95447 Y44.63722
G01 X-13.17946 Y44.73740
G01 X-13.32322 Y44.84184
G01 X-13.41827 Y44.94202
G01 X-14.21121 Y44.95241
G01 X-14.33673 Y44.98718
G01 X-14.45304 Y45.04576
G01 X-14.56772 Y45.13679
G01 X-15.89673 Y46.46579
G01 X-15.98773 Y46.58045
G01 X-16.04633 Y46.69678
G01 X-16.08108 Y46.82228
G01 X-16.09149 Y46.93602
G01 X-16.09149 Y58.70057
G01 X-19.99293 Y62.60201
G01 X-25.55749 Y62.60201
G01 X-25.70293 Y62.61872
G01 X-25.91306 Y62.70577
G01 X-26.02772 Y62.79677
G01 X-27.42772 Y64.19682
G01 X-27.50077 Y64.28455
G01 X-27.56495 Y64.39791
G01 X-27.60577 Y64.52156
G01 X-27.62248 Y64.66700
G01 X-27.62248 Y71.46155
G01 X-28.96111 Y72.80018
G01 X-29.10038 Y72.70343
G01 X-29.26929 Y72.62924
G01 X-29.44956 Y72.59000
G01 X-29.56749 Y72.58200
G01 X-31.25110 Y72.58639
G01 X-31.46568 Y72.62924
G01 X-31.66446 Y72.72071
G01 X-31.82542 Y72.84207
G01 X-31.95760 Y72.99426
G01 X-32.04907 Y73.15451
G01 X-32.10693 Y73.32970
G01 X-32.13159 Y73.52977
G01 X-32.10693 Y73.76434
G01 X-32.04122 Y73.95492
G01 X-31.95760 Y74.09975
G01 X-31.82542 Y74.25195
G01 X-31.66446 Y74.37333
G01 X-31.48181 Y74.45860
G01 X-31.26835 Y74.50673
G01 X-29.46663 Y74.50673
G01 X-29.26929 Y74.46480
G01 X-29.10038 Y74.39058
G01 X-28.93521 Y74.27503
G01 X-28.87361 Y74.21202
G01 X-28.65377 Y74.20160
G01 X-28.49838 Y74.15446
G01 X-28.38502 Y74.09030
G01 X-28.29726 Y74.01725
G01 X-26.48726 Y72.20725
G01 X-26.39625 Y72.09259
G01 X-26.30920 Y71.88246
G01 X-26.29249 Y71.73702
G01 X-26.29249 Y64.94249
G01 X-25.28203 Y63.93203
G01 X-19.71750 Y63.93200
G01 X-19.57206 Y63.91529
G01 X-19.44836 Y63.87447
G01 X-19.33502 Y63.81029
G01 X-19.24727 Y63.73723
G01 X-14.95627 Y59.44624
G01 X-14.88322 Y59.35848
G01 X-14.80666 Y59.21525
G01 X-14.77189 Y59.08972
G01 X-14.76150 Y58.97600
G01 X-14.76147 Y47.21146
G01 X-13.82203 Y46.27202
G01 X-13.41827 Y46.27202
G01 X-13.33666 Y46.36130
G01 X-13.14959 Y46.49386
G01 X-12.97113 Y46.57235
G01 X-12.78065 Y46.61375
G01 X-12.53432 Y46.61375
G01 X-12.34382 Y46.57235
G01 X-12.16534 Y46.49386
G01 X-11.97832 Y46.36130
G01 X-11.82693 Y46.18914
G01 X-11.72404 Y46.00372
G01 X-11.66915 Y45.83473
G01 X-11.64248 Y45.60702
G04 P0 ( dwell for no time -- G64 should not smooth over this point )
G00 Z2.00000 ( retract )

G00 X-10.09311 Y43.94591 ( rapid move to begin. )
G01 F250.00000
G01 Z-0.20000
G04 P0 ( dwell for no time -- G64 should not smooth over this point )
G01 F500.00000
G01 X-10.09311 Y43.94591
G01 X-9.91708 Y43.97438
G01 X-9.99592 Y43.95549
G04 P0 ( dwell for no time -- G64 should not smooth over this point )
G00 Z2.00000 ( retract )

G00 X-9.83827 Y43.98716 ( rapid move to begin. )
G01 F250.00000
G01 Z-0.20000
G04 P0 ( dwell for no time -- G64 should not smooth over this point )
G01 F500.00000
G01 X-9.83827 Y43.98716
G01 X-9.91708 Y43.97438
G01 X-9.76133 Y44.01256
G01 X-9.93138 Y43.97207
G01 X-10.16699 Y43.94228
G01 X-11.04345 Y43.94228
G01 X-11.21452 Y43.95549
G01 X-11.38896 Y43.99224
G01 X-11.56437 Y44.20550
G01 X-11.87009 Y44.46135
G01 X-12.37834 Y44.35869
G01 X-12.79026 Y44.34400
G01 X-13.15482 Y44.39026
G01 X-13.60082 Y44.50837
G01 X-13.84916 Y44.46298
G01 X-14.17311 Y44.32655
G01 X-14.59985 Y44.08419
G01 X-14.89640 Y44.21632
G01 X-15.15235 Y44.39889
G01 X-16.34410 Y45.58317
G01 X-16.55842 Y46.12775
G01 X-16.63617 Y46.43496
G01 X-16.68535 Y46.85866
G01 X-16.69197 Y57.44700
G01 X-16.71773 Y57.79529
G01 X-16.77158 Y58.06912
G01 X-16.86518 Y58.38010
G01 X-20.31203 Y61.83160
G01 X-20.75945 Y61.97897
G01 X-21.04772 Y62.03648
G01 X-21.35750 Y62.05702
G01 X-25.63199 Y62.06343
G01 X-25.92335 Y62.08850
G01 X-26.41288 Y62.21151
G01 X-27.56038 Y62.67905
G01 X-28.10252 Y62.35085
G01 X-28.65189 Y62.11702
G01 X-29.42423 Y62.11702
G01 X-29.12566 Y62.04501
G01 X-28.88623 Y61.92695
G01 X-28.74742 Y61.82550
G01 X-21.35750 Y61.82550
G01 X-21.12105 Y61.79530
G01 X-20.85415 Y61.68474
G01 X-20.66558 Y61.53894
G01 X-17.26558 Y58.13892
G01 X-17.17186 Y58.02836
G01 X-17.07356 Y57.86392
G01 X-17.00919 Y57.68345
G01 X-16.97899 Y57.44700
G01 X-16.97899 Y44.57032
G01 X-9.65483 Y37.23373
G01 X-9.67365 Y37.30069
G01 X-9.64784 Y37.22555
G01 X-9.67365 Y37.30069
G04 P0 ( dwell for no time -- G64 should not smooth over this point )
G00 Z2.00000 ( retract )

G00 X-9.68627 Y37.33127 ( rapid move to begin. )
G01 F250.00000
G01 Z-0.20000
G04 P0 ( dwell for no time -- G64 should not smooth over this point )
G01 F500.00000
G01 X-9.68627 Y37.33127
G01 X-9.66311 Y37.26317
G01 X-9.96138 Y37.99609
G01 X-9.68650 Y37.33190
G04 P0 ( dwell for no time -- G64 should not smooth over this point )
G00 Z2.00000 ( retract )

G00 X-9.95744 Y37.98933 ( rapid move to begin. )
G01 F250.00000
G01 Z-0.20000
G04 P0 ( dwell for no time -- G64 should not smooth over this point )
G01 F500.00000
G01 X-9.95744 Y37.98933
G01 X-9.92049 Y37.89804
G01 X-9.95836 Y37.99152
G04 P0 ( dwell for no time -- G64 should not smooth over this point )
G00 Z2.00000 ( retract )

G00 X-9.95945 Y37.99416 ( rapid move to begin. )
G01 F250.00000
G01 Z-0.20000
G04 P0 ( dwell for no time -- G64 should not smooth over this point )
G01 F500.00000
G01 X-9.95945 Y37.99416
G01 X-9.95948 Y41.77502
G01 X-11.15058 Y41.77502
G01 X-11.24746 Y41.65699
G01 X-11.36747 Y41.55849
G01 X-11.50441 Y41.48531
G01 X-11.65297 Y41.44023
G01 X-11.80748 Y41.42501
G01 X-13.39028 Y41.42501
G01 X-12.63346 Y41.11152
G01 X-11.80748 Y41.11152
G01 X-11.59181 Y41.13276
G01 X-11.38444 Y41.19567
G01 X-11.19331 Y41.29783
G01 X-11.00425 Y41.46151
G01 X-10.27296 Y41.46151
G01 X-10.27294 Y38.75100
G01 X-9.95945 Y37.99416
G01 X-10.26712 Y38.73693
G04 P0 ( dwell for no time -- G64 should not smooth over this point )
G00 Z2.00000 ( retract )

G00 X-10.57680 Y39.48455 ( rapid move to begin. )
G01 F250.00000
G01 Z-0.20000
G04 P0 ( dwell for no time -- G64 should not smooth over this point )
G01 F500.00000
G01 X-10.57680 Y39.48455
G01 X-10.58724 Y39.50866
G01 X-10.27431 Y38.75237
G01 X-12.63344 Y41.11150
G01 X-11.87659 Y40.79801
G01 X-10.58724 Y39.50866
G01 X-10.90014 Y40.26489
G01 X-10.58647 Y39.50790
G01 X-10.89996 Y40.26471
G04 P0 ( dwell for no time -- G64 should not smooth over this point )
G00 Z2.00000 ( retract )

G00 X-10.58645 Y39.50787 ( rapid move to begin. )
G01 F250.00000
G01 Z-0.20000
G04 P0 ( dwell for no time -- G64 should not smooth over this point )
G01 F500.00000
G01 X-10.58645 Y39.50787
G01 X-10.58647 Y41.14802
G01 X-10.88406 Y41.14802
G01 X-11.01914 Y41.03715
G01 X-11.26443 Y40.90604
G01 X-11.53064 Y40.82527
G01 X-11.87657 Y40.79801
G01 X-11.43031 Y40.63921
G01 X-11.22902 Y40.59380
G01 X-10.90014 Y40.26489
G01 X-11.01640 Y40.54584
G01 X-10.89996 Y40.26476
G01 X-10.89996 Y40.74709
G01 X-11.14449 Y40.61640
G01 X-11.22323 Y40.59250
G01 X-11.01640 Y40.54584
G04 P0 ( dwell for no time -- G64 should not smooth over this point )
G00 Z2.00000 ( retract )

G00 X-11.22323 Y40.59250 ( rapid move to begin. )
G01 F250.00000
G01 Z-0.20000
G04 P0 ( dwell for no time -- G64 should not smooth over this point )
G01 F500.00000
G01 X-11.22323 Y40.59250
G01 X-11.43031 Y40.63921
G04 P0 ( dwell for no time -- G64 should not smooth over this point )
G00 Z2.00000 ( retract )

G00 X-11.87657 Y40.79801 ( rapid move to begin. )
G01 F250.00000
G01 Z-0.20000
G04 P0 ( dwell for no time -- G64 should not smooth over this point )
G01 F500.00000
G01 X-11.87657 Y40.79801
G01 X-11.87659 Y40.79801
G04 P0 ( dwell for no time -- G64 should not smooth over this point )
G00 Z2.00000 ( retract )

G00 X-12.63344 Y41.11150 ( rapid move to begin. )
G01 F250.00000
G01 Z-0.20000
G04 P0 ( dwell for no time -- G64 should not smooth over this point )
G01 F500.00000
G01 X-12.63344 Y41.11150
G01 X-12.63346 Y41.11152
G04 P0 ( dwell for no time -- G64 should not smooth over this point )
G00 Z2.00000 ( retract )

G00 X-14.12282 Y41.97342 ( rapid move to begin. )
G01 F250.00000
G01 Z-0.20000
G04 P0 ( dwell for no time -- G64 should not smooth over this point )
G01 F500.00000
G01 X-14.12282 Y41.97342
G01 X-14.29935 Y42.33395
G01 X-14.12282 Y41.97342
G01 X-13.95619 Y41.76829
G01 X-13.75106 Y41.60167
G04 P0 ( dwell for no time -- G64 should not smooth over this point )
G00 Z2.00000 ( retract )

G00 X-13.39038 Y41.42504 ( rapid move to begin. )
G01 F250.00000
G01 Z-0.20000
G04 P0 ( dwell for no time -- G64 should not smooth over this point )
G01 F500.00000
G01 X-13.39038 Y41.42504
G01 X-13.75106 Y41.60167
G01 X-13.39030 Y41.42501
G04 P0 ( dwell for no time -- G64 should not smooth over this point )
G00 Z2.00000 ( retract )

G00 X-13.39028 Y41.42501 ( rapid move to begin. )
G01 F250.00000
G01 Z-0.20000
G04 P0 ( dwell for no time -- G64 should not smooth over this point )
G01 F500.00000
G01 X-13.39028 Y41.42501
G01 X-9.96138 Y37.99609
G01 X-10.57680 Y39.48455
G01 X-10.27296 Y38.75103
G04 P0 ( dwell for no time -- G64 should not smooth over this point )
G00 Z2.00000 ( retract )

G00 X-10.26870 Y38.74079 ( rapid move to begin. )
G01 F250.00000
G01 Z-0.20000
G04 P0 ( dwell for no time -- G64 should not smooth over this point )
G01 F500.00000
G01 X-10.26870 Y38.74079
G01 X-10.27378 Y38.75184
G01 X-9.96072 Y37.99543
G01 X-10.26466 Y38.73096
G04 P0 ( dwell for no time -- G64 should not smooth over this point )
G00 Z2.00000 ( retract )

G00 X-9.64594 Y37.22332 ( rapid move to begin. )
G01 F250.00000
G01 Z-0.20000
G04 P0 ( dwell for no time -- G64 should not smooth over this point )
G01 F500.00000
G01 X-9.64594 Y37.22332
G01 X-9.57068 Y36.93439
G01 X-9.54386 Y36.64095
G01 X-9.57924 Y36.96485
G01 X-9.57068 Y36.93439
G01 X-9.65483 Y37.23373
G01 X-9.58414 Y36.99360
G01 X-9.65140 Y37.22972
G01 X-9.63862 Y37.19523
G01 X-9.64599 Y42.08851
G01 X-11.34883 Y42.08851
G01 X-11.40964 Y41.95117
G01 X-11.46912 Y41.87866
G01 X-11.54164 Y41.81914
G01 X-11.71413 Y41.74772
G01 X-13.50747 Y41.73852
G01 X-13.69061 Y41.77495
G01 X-13.84583 Y41.87866
G01 X-13.94956 Y42.03390
G01 X-13.98599 Y42.21701
G01 X-13.97679 Y44.01038
G01 X-13.94956 Y44.10014
G01 X-13.84583 Y44.25536
G01 X-13.69061 Y44.35909
G01 X-13.50747 Y44.39552
G01 X-13.19117 Y44.39552
G01 X-12.83514 Y44.34400
G01 X-12.56861 Y44.33933
G01 X-12.30212 Y44.36270
G01 X-12.12371 Y44.39554
G01 X-11.78840 Y44.39300
G01 X-11.56437 Y44.20550
G01 X-11.37382 Y43.98904
G01 X-11.35135 Y43.98432
G01 X-11.04345 Y43.94228
G01 X-10.12132 Y43.94578
G01 X-9.81937 Y44.00088
G01 X-9.66042 Y44.04586
G01 X-9.76875 Y44.00997
G01 X-9.74111 Y44.01662
G04 P0 ( dwell for no time -- G64 should not smooth over this point )
G00 Z2.00000 ( retract )

G00 X-9.64980 Y44.04939 ( rapid move to begin. )
G01 F250.00000
G01 Z-0.20000
G04 P0 ( dwell for no time -- G64 should not smooth over this point )
G01 F500.00000
G01 X-9.64980 Y44.04939
G01 X-9.69768 Y44.03219
G01 X-9.64599 Y44.04550
G01 X-9.62793 Y44.11558
G01 X-9.66042 Y44.04586
G01 X-9.58759 Y44.23788
G01 X-9.61520 Y44.16506
G01 X-9.55592 Y44.39547
G04 P0 ( dwell for no time -- G64 should not smooth over this point )
G00 Z2.00000 ( retract )

G00 X-9.75300 Y44.56651 ( rapid move to begin. )
G01 F250.00000
G01 Z-0.20000
G04 P0 ( dwell for no time -- G64 should not smooth over this point )
G01 F500.00000
G01 X-9.75300 Y44.56651
G01 X-9.78450 Y44.40809
G01 X-9.87423 Y44.27377
G01 X-10.00855 Y44.18404
G01 X-10.16699 Y44.15251
G01 X-11.04345 Y44.15251
G01 X-11.17095 Y44.17464
G01 X-11.33623 Y44.27377
G01 X-11.43395 Y44.38282
G01 X-11.46912 Y44.44489
G01 X-11.50248 Y44.56318
G01 X-11.49803 Y44.69259
G01 X-11.47052 Y44.78238
G01 X-11.32714 Y45.05602
G01 X-11.25731 Y45.27085
G01 X-11.22196 Y45.49404
G01 X-11.22196 Y45.72000
G01 X-11.25731 Y45.94316
G01 X-11.32716 Y46.15805
G01 X-11.42973 Y46.35937
G01 X-11.67913 Y46.69005
G01 X-11.72589 Y46.87702
G01 X-11.67913 Y47.06396
G01 X-11.42973 Y47.39467
G01 X-11.32716 Y47.59597
G01 X-11.25731 Y47.81088
G01 X-11.22196 Y48.03404
G01 X-11.22196 Y48.26000
G01 X-11.25731 Y48.48316
G01 X-11.32716 Y48.69805
G01 X-11.42973 Y48.89937
G01 X-11.56250 Y49.08215
G01 X-11.72257 Y49.24219
G01 X-12.00656 Y49.44918
G01 X-12.29833 Y49.74097
G01 X-12.53432 Y49.68027
G01 X-12.74634 Y49.67666
G01 X-13.01665 Y49.74097
G01 X-13.32810 Y49.43239
G01 X-13.44108 Y49.35979
G01 X-13.58091 Y49.32588
G01 X-13.74098 Y49.34737
G01 X-13.85485 Y49.40897
G01 X-13.96226 Y49.52896
G01 X-13.99742 Y49.60518
G01 X-14.01888 Y49.76480
G01 X-13.97765 Y49.92050
G01 X-13.91743 Y50.01270
G01 X-13.60323 Y50.32817
G01 X-13.65302 Y50.49304
G01 X-13.67250 Y50.68702
G01 X-13.65302 Y50.88097
G01 X-13.60323 Y51.04585
G01 X-13.82124 Y51.26388
G01 X-13.92698 Y51.24607
G01 X-14.05446 Y51.26820
G01 X-14.19472 Y51.34681
G01 X-14.30948 Y51.50165
G01 X-14.33783 Y51.62789
G01 X-14.34098 Y57.39572
G01 X-14.31969 Y57.52673
G01 X-14.26028 Y57.63806
G01 X-14.14217 Y57.74718
G01 X-14.08482 Y57.77639
G01 X-13.95947 Y57.80844
G01 X-13.79907 Y57.78947
G01 X-13.65812 Y57.71053
G01 X-13.60417 Y57.64723
G01 X-13.45480 Y57.79661
G01 X-13.49249 Y58.03702
G01 X-13.45480 Y58.27743
G01 X-13.60278 Y58.42541
G01 X-13.65924 Y58.36503
G01 X-13.76856 Y58.29582
G01 X-13.92698 Y58.26430
G01 X-14.08543 Y58.29582
G01 X-14.21974 Y58.38556
G01 X-14.30948 Y58.51987
G01 X-14.33783 Y58.64611
G01 X-14.34098 Y59.06145
G01 X-14.36772 Y59.23021
G01 X-14.42050 Y59.39269
G01 X-14.49807 Y59.54491
G01 X-14.59851 Y59.68317
G01 X-19.01033 Y64.09499
G01 X-19.14854 Y64.19540
G01 X-19.30078 Y64.27300
G01 X-19.46329 Y64.32578
G01 X-19.63200 Y64.35252
G01 X-24.96856 Y64.35567
G01 X-25.09480 Y64.38405
G01 X-25.20412 Y64.45329
G01 X-25.75073 Y64.99537
G01 X-25.84047 Y65.12971
G01 X-25.87199 Y65.28813
G01 X-25.87199 Y71.82244
G01 X-25.89874 Y71.99135
G01 X-25.95068 Y72.15205
G01 X-26.02907 Y72.30592
G01 X-26.12952 Y72.44418
G01 X-28.06033 Y74.37498
G01 X-28.19853 Y74.47539
G01 X-28.43765 Y74.60556
G01 X-28.55474 Y74.74478
G01 X-28.59891 Y74.90018
G01 X-28.58024 Y75.06063
G01 X-28.52004 Y75.17516
G01 X-28.43965 Y75.27455
G01 X-28.32393 Y75.46599
G01 X-28.24041 Y75.67348
G01 X-28.19109 Y75.89251
G01 X-28.18199 Y76.15258
G01 X-28.19109 Y76.28153
G01 X-28.24041 Y76.50056
G01 X-28.32393 Y76.70805
G01 X-28.43968 Y76.89951
G01 X-28.58476 Y77.07010
G01 X-28.77536 Y77.23533
G01 X-28.86777 Y77.39344
G01 X-28.88989 Y77.52093
G01 X-28.85837 Y77.67937
G01 X-28.78916 Y77.78867
G01 X-28.61405 Y78.00200
G01 X-28.83323 Y78.00200
G01 X-28.96830 Y77.87142
G01 X-29.12723 Y77.76903
G01 X-29.30307 Y77.69964
G01 X-29.56749 Y77.66202
G01 X-31.83871 Y77.66903
G01 X-31.97028 Y77.72352
G01 X-32.05047 Y77.79923
G01 X-32.12608 Y77.96200
G01 X-32.30215 Y77.96200
G01 X-32.25567 Y77.79453
G01 X-32.06558 Y77.51686
G01 X-32.03723 Y77.32626
G01 X-32.07815 Y77.17564
G01 X-32.29532 Y76.89949
G01 X-32.41102 Y76.70810
G01 X-32.49456 Y76.50056
G01 X-32.54389 Y76.28151
G01 X-32.54389 Y75.89251
G01 X-32.49456 Y75.67348
G01 X-32.41104 Y75.46594
G01 X-32.29530 Y75.27452
G01 X-32.08227 Y75.00396
G01 X-32.03550 Y74.81702
G01 X-32.08227 Y74.63005
G01 X-32.29532 Y74.35949
G01 X-32.41104 Y74.16808
G01 X-32.49456 Y73.96056
G01 X-32.54389 Y73.74151
G01 X-32.55298 Y73.48136
G01 X-32.54389 Y73.35253
G01 X-32.49456 Y73.13348
G01 X-32.41104 Y72.92594
G01 X-32.29532 Y72.73455
G01 X-32.08227 Y72.46396
G01 X-32.03550 Y72.27702
G01 X-32.08227 Y72.09005
G01 X-32.29532 Y71.81949
G01 X-32.41104 Y71.62808
G01 X-32.49456 Y71.42056
G01 X-32.54389 Y71.20151
G01 X-32.55298 Y70.94134
G01 X-32.54389 Y70.81251
G01 X-32.49456 Y70.59348
G01 X-32.41104 Y70.38594
G01 X-32.29532 Y70.19455
G01 X-32.08227 Y69.92396
G01 X-32.03550 Y69.73702
G01 X-32.08227 Y69.55005
G01 X-32.29532 Y69.27949
G01 X-32.41102 Y69.08810
G01 X-32.49456 Y68.88056
G01 X-32.54389 Y68.66151
G01 X-32.55298 Y68.40136
G01 X-32.54389 Y68.27253
G01 X-32.49456 Y68.05346
G01 X-32.41104 Y67.84594
G01 X-32.29532 Y67.65455
G01 X-32.07815 Y67.37840
G01 X-32.03408 Y67.19560
G01 X-32.06558 Y67.03715
G01 X-32.23685 Y66.79860
G01 X-32.27754 Y66.70606
G01 X-32.30571 Y66.59570
G01 X-32.30749 Y66.34200
G01 X-32.13248 Y66.34200
G01 X-32.12547 Y66.59821
G01 X-32.07096 Y66.72979
G01 X-31.97028 Y66.83050
G01 X-31.83871 Y66.88501
G01 X-29.45687 Y66.88498
G01 X-29.27211 Y66.84500
G01 X-29.09871 Y66.76974
G01 X-28.94331 Y66.66210
G01 X-28.81189 Y66.52621
G01 X-28.70950 Y66.36728
G01 X-28.64011 Y66.19143
G01 X-28.60633 Y66.00543
G01 X-28.60633 Y65.84861
G01 X-28.64011 Y65.66261
G01 X-28.70950 Y65.48676
G01 X-28.83241 Y65.30281
G01 X-28.96830 Y65.17142
G01 X-29.12723 Y65.06903
G01 X-29.30307 Y64.99964
G01 X-29.48908 Y64.96588
G01 X-31.83871 Y64.96903
G01 X-31.97028 Y65.02352
G01 X-32.07096 Y65.12423
G01 X-32.12547 Y65.25580
G01 X-32.13248 Y65.51203
G01 X-32.30749 Y65.51203
G01 X-32.30749 Y65.29903
G01 X-32.29141 Y65.18717
G01 X-32.19746 Y64.99641
G01 X-32.06558 Y64.81686
G01 X-32.03723 Y64.62629
G01 X-32.07815 Y64.47564
G01 X-32.29532 Y64.19949
G01 X-32.41102 Y64.00810
G01 X-32.49456 Y63.80058
G01 X-32.54389 Y63.58151
G01 X-32.54389 Y63.19251
G01 X-32.49456 Y62.97348
G01 X-32.41104 Y62.76594
G01 X-32.29530 Y62.57450
G01 X-32.08227 Y62.30396
G01 X-32.03550 Y62.11702
G01 X-32.08227 Y61.93005
G01 X-32.29532 Y61.65951
G01 X-32.41104 Y61.46810
G01 X-32.49456 Y61.26056
G01 X-32.54389 Y61.04153
G01 X-32.55298 Y60.78136
G01 X-32.54389 Y60.65256
G01 X-32.49456 Y60.43348
G01 X-32.41104 Y60.22594
G01 X-32.29530 Y60.03450
G01 X-32.08227 Y59.76396
G01 X-32.03550 Y59.57702
G01 X-32.08227 Y59.39005
G01 X-32.29532 Y59.11949
G01 X-32.41104 Y58.92808
G01 X-32.49456 Y58.72056
G01 X-32.54389 Y58.50151
G01 X-32.55298 Y58.24134
G01 X-32.54389 Y58.11251
G01 X-32.49456 Y57.89348
G01 X-32.41104 Y57.68594
G01 X-32.29532 Y57.49455
G01 X-32.08227 Y57.22396
G01 X-32.03550 Y57.03702
G01 X-32.08227 Y56.85005
G01 X-32.29532 Y56.57949
G01 X-32.41102 Y56.38810
G01 X-32.49456 Y56.18056
G01 X-32.54389 Y55.96151
G01 X-32.55298 Y55.70136
G01 X-32.54389 Y55.57253
G01 X-32.49456 Y55.35346
G01 X-32.41104 Y55.14594
G01 X-32.29532 Y54.95455
G01 X-32.07815 Y54.67840
G01 X-32.03408 Y54.49560
G01 X-32.06558 Y54.33715
G01 X-32.23685 Y54.09860
G01 X-32.27754 Y54.00606
G01 X-32.30571 Y53.89570
G01 X-32.30749 Y53.64200
G01 X-32.13248 Y53.64200
G01 X-32.12547 Y53.89821
G01 X-32.07096 Y54.02979
G01 X-31.97028 Y54.13050
G01 X-31.83871 Y54.18501
G01 X-29.56749 Y54.19202
G01 X-29.30307 Y54.15440
G01 X-29.12723 Y54.08498
G01 X-28.96830 Y53.98262
G01 X-28.83241 Y53.85120
G01 X-28.69904 Y53.64200
G01 X-28.50546 Y53.64200
G01 X-28.58032 Y53.80157
G01 X-28.80280 Y54.11909
G01 X-28.83429 Y54.27751
G01 X-28.80280 Y54.43593
G01 X-28.71303 Y54.57025
G01 X-28.57872 Y54.66001
G01 X-28.45248 Y54.68833
G01 X-24.69005 Y54.69151
G01 X-24.52340 Y54.65440
G01 X-24.36907 Y54.53898
G01 X-24.28726 Y54.36451
G01 X-24.27517 Y52.22898
G01 X-24.23174 Y52.09789
G01 X-24.15983 Y51.98130
G01 X-24.00783 Y51.82669
G01 X-23.92813 Y51.66182
G01 X-23.92175 Y51.50117
G01 X-24.04134 Y51.14805
G01 X-24.07299 Y50.94818
G01 X-24.07299 Y50.74585
G01 X-24.04134 Y50.54600
G01 X-23.97880 Y50.35354
G01 X-23.88696 Y50.17328
G01 X-23.76801 Y50.00955
G01 X-23.62490 Y49.86647
G01 X-23.46125 Y49.74758
G01 X-23.28096 Y49.65570
G01 X-23.08851 Y49.59317
G01 X-22.88866 Y49.56152
G01 X-22.68632 Y49.56152
G01 X-22.48648 Y49.59317
G01 X-22.29402 Y49.65570
G01 X-22.11376 Y49.74755
G01 X-21.95005 Y49.86650
G01 X-21.80698 Y50.00955
G01 X-21.68805 Y50.17325
G01 X-21.59618 Y50.35354
G01 X-21.53365 Y50.54600
G01 X-21.50200 Y50.74585
G01 X-21.50200 Y50.94818
G01 X-21.53365 Y51.14803
G01 X-21.64457 Y51.45082
G01 X-21.66352 Y51.61049
G01 X-21.61993 Y51.76525
G01 X-21.54543 Y51.87104
G01 X-21.43507 Y51.98140
G01 X-21.36324 Y52.09786
G01 X-21.31980 Y52.22895
G01 X-21.31198 Y52.30538
G01 X-21.31198 Y54.18864
G01 X-21.31980 Y54.26507
G01 X-21.36324 Y54.39616
G01 X-21.49118 Y54.57858
G01 X-21.55163 Y54.69298
G01 X-21.57060 Y54.85341
G01 X-21.53855 Y54.97876
G01 X-21.42082 Y55.21678
G01 X-21.34856 Y55.43916
G01 X-21.31198 Y55.67009
G01 X-21.31198 Y55.90393
G01 X-21.34856 Y56.13486
G01 X-21.42082 Y56.35726
G01 X-21.52697 Y56.56557
G01 X-21.66441 Y56.75475
G01 X-21.82976 Y56.92008
G01 X-22.01894 Y57.05754
G01 X-22.22727 Y57.16369
G01 X-22.44962 Y57.23593
G01 X-22.68058 Y57.27250
G01 X-22.91439 Y57.27250
G01 X-23.14533 Y57.23593
G01 X-23.36773 Y57.16366
G01 X-23.57603 Y57.05754
G01 X-23.81284 Y56.90166
G01 X-23.96521 Y56.87250
G01 X-28.08768 Y56.86252
G01 X-28.15979 Y56.86902
G01 X-28.27267 Y56.90829
G01 X-28.39952 Y57.00710
G01 X-28.43767 Y57.05897
G01 X-28.48966 Y57.17743
G01 X-28.49868 Y57.30651
G01 X-28.45593 Y57.46150
G01 X-28.32393 Y57.68599
G01 X-28.24041 Y57.89348
G01 X-28.19109 Y58.11251
G01 X-28.19109 Y58.50151
G01 X-28.24041 Y58.72056
G01 X-28.32423 Y58.92879
G01 X-28.47790 Y59.19330
G01 X-28.50772 Y59.34751
G01 X-28.47623 Y59.50595
G01 X-28.38646 Y59.64027
G01 X-28.25217 Y59.73000
G01 X-28.09373 Y59.76153
G01 X-21.97860 Y59.76153
G01 X-21.82018 Y59.73000
G01 X-21.68587 Y59.64027
G01 X-19.16423 Y57.11863
G01 X-19.07449 Y56.98434
G01 X-19.04615 Y56.85808
G01 X-19.04300 Y44.07959
G01 X-19.01625 Y43.91083
G01 X-18.96345 Y43.74832
G01 X-18.88587 Y43.59608
G01 X-18.78547 Y43.45785
G01 X-13.12236 Y37.79474
G01 X-13.05393 Y37.70429
G01 X-13.00463 Y37.55606
G01 X-13.00994 Y37.42677
G01 X-13.02660 Y37.36459
G01 X-13.10875 Y37.22637
G01 X-13.23755 Y37.13013
G01 X-13.74872 Y37.00884
G01 X-13.97102 Y36.91677
G01 X-14.17938 Y36.79647
G01 X-14.37034 Y36.64996
G01 X-14.54044 Y36.47986
G01 X-14.68692 Y36.28895
G01 X-14.80722 Y36.08060
G01 X-14.89929 Y35.85830
G01 X-14.96157 Y35.62589
G01 X-14.99299 Y35.38733
G01 X-14.99299 Y35.14672
G01 X-14.96157 Y34.90813
G01 X-14.89929 Y34.67572
G01 X-14.80722 Y34.45342
G01 X-14.68690 Y34.24504
G01 X-14.54047 Y34.05419
G01 X-14.37034 Y33.88406
G01 X-14.17941 Y33.73757
G01 X-13.97102 Y33.61725
G01 X-13.74877 Y33.52520
G01 X-13.51636 Y33.46292
G01 X-13.27778 Y33.43150
G01 X-13.03717 Y33.43150
G01 X-12.79861 Y33.46292
G01 X-12.56620 Y33.52520
G01 X-12.34337 Y33.61751
G01 X-12.07085 Y33.76981
G01 X-11.91799 Y33.79914
G01 X-11.75955 Y33.76762
G01 X-11.65025 Y33.69841
G01 X-11.55074 Y33.57209
G01 X-11.52612 Y33.51261
G01 X-11.50400 Y33.38512
G01 X-11.50631 Y19.05541
G01 X-11.54911 Y18.90961
G01 X-11.62671 Y18.80606
G01 X-11.76039 Y18.71678
G01 X-11.82165 Y18.69689
G01 X-11.98231 Y18.69051
G01 X-12.35500 Y18.82285
G01 X-12.53923 Y18.85201
G01 X-12.72576 Y18.85201
G01 X-12.90997 Y18.82285
G01 X-13.12475 Y18.74616
G01 X-12.99165 Y18.61307
G01 X-12.72134 Y18.67736
G01 X-12.50933 Y18.67375
G01 X-12.31883 Y18.63235
G01 X-12.11047 Y18.53661
G01 X-11.95333 Y18.42130
G01 X-11.80194 Y18.24914
G01 X-11.69905 Y18.06372
G01 X-11.64413 Y17.89473
G01 X-11.61749 Y17.66702
G01 X-11.64413 Y17.43931
G01 X-11.70524 Y17.25417
G01 X-11.81134 Y17.07040
G01 X-11.95333 Y16.91272
G01 X-12.14037 Y16.78015
G01 X-12.31883 Y16.70169
G01 X-12.54365 Y16.65666
G01 X-12.75563 Y16.66027
G01 X-12.99163 Y16.72095
G01 X-13.28342 Y16.42918
G01 X-13.56788 Y16.22173
G01 X-13.72741 Y16.06217
G01 X-13.86026 Y15.87937
G01 X-13.96282 Y15.67807
G01 X-14.03265 Y15.46311
G01 X-14.06798 Y15.23997
G01 X-14.06798 Y15.01404
G01 X-14.03265 Y14.79090
G01 X-13.96282 Y14.57597
G01 X-13.86026 Y14.37467
G01 X-13.59559 Y14.01544
G01 X-13.56407 Y13.85702
G01 X-13.61083 Y13.67005
G01 X-13.86026 Y13.33937
G01 X-13.96282 Y13.13805
G01 X-14.03265 Y12.92311
G01 X-14.06798 Y12.70000
G01 X-14.06798 Y12.47404
G01 X-14.03265 Y12.25090
G01 X-13.96282 Y12.03597
G01 X-13.81349 Y11.74862
G01 X-13.78393 Y11.59510
G01 X-13.81542 Y11.43665
G01 X-14.01674 Y11.14615
G01 X-14.06018 Y11.01506
G01 X-14.06798 Y10.93864
G01 X-14.06798 Y9.15538
G01 X-14.02850 Y8.91352
G01 X-14.07524 Y8.72955
G01 X-14.14974 Y8.62378
G01 X-14.25553 Y8.54928
G01 X-14.44247 Y8.50252
G01 X-16.84826 Y8.50567
G01 X-17.00302 Y8.54928
G01 X-17.10881 Y8.62378
G01 X-17.20074 Y8.71568
G01 X-17.29047 Y8.84999
G01 X-17.32200 Y9.00844
G01 X-17.32200 Y32.21119
G01 X-17.34486 Y32.29651
G01 X-17.38900 Y32.37301
G01 X-17.45149 Y32.43547
G01 X-17.52799 Y32.47964
G01 X-17.61333 Y32.50252
G01 X-18.04069 Y32.50567
G01 X-18.19545 Y32.54929
G01 X-18.30124 Y32.62376
G01 X-18.37572 Y32.72955
G01 X-18.41933 Y32.88431
G01 X-18.42248 Y34.50867
G01 X-18.49179 Y34.60003
G01 X-18.54216 Y34.78060
G01 X-18.51915 Y34.93973
G01 X-18.45908 Y35.05434
G01 X-18.33637 Y35.21428
G01 X-18.23243 Y35.39426
G01 X-18.15288 Y35.58631
G01 X-18.09911 Y35.78707
G01 X-18.07198 Y35.99309
G01 X-18.07198 Y36.20094
G01 X-18.09911 Y36.40696
G01 X-18.15291 Y36.60770
G01 X-18.23246 Y36.79980
G01 X-18.33635 Y36.97973
G01 X-18.46286 Y37.14463
G01 X-18.60983 Y37.29159
G01 X-18.77472 Y37.41814
G01 X-18.95473 Y37.52207
G01 X-19.14673 Y37.60157
G01 X-19.34752 Y37.65540
G01 X-19.55356 Y37.68252
G01 X-19.76141 Y37.68252
G01 X-19.96748 Y37.65537
G01 X-20.16824 Y37.60157
G01 X-20.36024 Y37.52207
G01 X-20.54007 Y37.41824
G01 X-20.80261 Y37.22677
G01 X-20.98572 Y37.18250
G01 X-24.82927 Y37.18250
G01 X-25.01235 Y37.22677
G01 X-25.27491 Y37.41824
G01 X-25.45475 Y37.52207
G01 X-25.64672 Y37.60157
G01 X-25.84751 Y37.65537
G01 X-26.05358 Y37.68252
G01 X-26.26140 Y37.68252
G01 X-26.46747 Y37.65540
G01 X-26.66826 Y37.60157
G01 X-26.86023 Y37.52207
G01 X-27.04019 Y37.41816
G01 X-27.20511 Y37.29162
G01 X-27.35208 Y37.14468
G01 X-27.47859 Y36.97978
G01 X-27.65660 Y36.67877
G01 X-27.70211 Y36.63325
G01 X-27.81143 Y36.56404
G01 X-27.93767 Y36.53569
G01 X-28.17552 Y36.54140
G01 X-28.29701 Y36.58618
G01 X-28.39495 Y36.66292
G01 X-28.48055 Y36.79977
G01 X-28.50653 Y36.92662
G01 X-28.47557 Y37.10650
G01 X-28.32423 Y37.36523
G01 X-28.24041 Y37.57348
G01 X-28.19109 Y37.79251
G01 X-28.19109 Y38.18153
G01 X-28.24041 Y38.40056
G01 X-28.32393 Y38.60805
G01 X-28.43968 Y38.79951
G01 X-28.58476 Y38.97010
G01 X-28.78916 Y39.15318
G01 X-28.85837 Y39.26251
G01 X-28.88672 Y39.38874
G01 X-28.85837 Y39.57937
G01 X-28.78916 Y39.68867
G01 X-28.64077 Y39.86202
G01 X-28.87468 Y39.86202
G01 X-28.96830 Y39.77142
G01 X-29.12723 Y39.66903
G01 X-29.30307 Y39.59964
G01 X-29.56749 Y39.56202
G01 X-31.83871 Y39.56903
G01 X-31.97028 Y39.62352
G01 X-32.05047 Y39.69923
G01 X-32.12547 Y39.85580
G01 X-32.12547 Y41.19821
G01 X-32.05047 Y41.35481
G01 X-31.97028 Y41.43050
G01 X-31.86964 Y41.47561
G01 X-31.76748 Y41.49202
G01 X-29.48908 Y41.48816
G01 X-29.30307 Y41.45440
G01 X-29.12723 Y41.38498
G01 X-28.96830 Y41.28262
G01 X-28.87468 Y41.19202
G01 X-28.64077 Y41.19202
G01 X-28.79756 Y41.37279
G01 X-28.85697 Y41.47629
G01 X-28.88796 Y41.63408
G01 X-28.88278 Y41.69824
G01 X-28.82688 Y41.84899
G01 X-28.74412 Y41.94845
G01 X-28.58461 Y42.08412
G01 X-28.43968 Y42.25450
G01 X-28.32393 Y42.44599
G01 X-28.24041 Y42.65346
G01 X-28.19109 Y42.87251
G01 X-28.18199 Y43.00146
G01 X-28.19109 Y43.26153
G01 X-28.24041 Y43.48056
G01 X-28.32393 Y43.68805
G01 X-28.43968 Y43.87951
G01 X-28.65271 Y44.15005
G01 X-28.69947 Y44.33702
G01 X-28.65271 Y44.52396
G01 X-28.43968 Y44.79450
G01 X-28.32393 Y44.98599
G01 X-28.24041 Y45.19348
G01 X-28.19109 Y45.41251
G01 X-28.18199 Y45.54146
G01 X-28.19109 Y45.80151
G01 X-28.24041 Y46.02056
G01 X-28.32393 Y46.22805
G01 X-28.43968 Y46.41951
G01 X-28.65271 Y46.69005
G01 X-28.69947 Y46.87702
G01 X-28.65271 Y47.06396
G01 X-28.43968 Y47.33450
G01 X-28.32393 Y47.52596
G01 X-28.24041 Y47.73346
G01 X-28.19109 Y47.95251
G01 X-28.18199 Y48.08146
G01 X-28.19109 Y48.34153
G01 X-28.24041 Y48.56053
G01 X-28.32393 Y48.76805
G01 X-28.43968 Y48.95951
G01 X-28.65271 Y49.23005
G01 X-28.69947 Y49.41702
G01 X-28.65271 Y49.60396
G01 X-28.43968 Y49.87450
G01 X-28.32393 Y50.06599
G01 X-28.24041 Y50.27346
G01 X-28.19109 Y50.49251
G01 X-28.19109 Y50.88153
G01 X-28.24041 Y51.10056
G01 X-28.32393 Y51.30805
G01 X-28.43968 Y51.49951
G01 X-28.58476 Y51.67010
G01 X-28.78916 Y51.85318
G01 X-28.85837 Y51.96251
G01 X-28.88989 Y52.12093
G01 X-28.84313 Y52.30790
G01 X-28.65891 Y52.53487
G01 X-28.58032 Y52.65247
G01 X-28.50546 Y52.81201
G01 X-28.69904 Y52.81201
G01 X-28.81189 Y52.62783
G01 X-28.96830 Y52.47142
G01 X-29.09871 Y52.38427
G01 X-29.27211 Y52.30901
G01 X-29.45687 Y52.26903
G01 X-31.76748 Y52.26202
G01 X-31.86964 Y52.27841
G01 X-31.97028 Y52.32352
G01 X-32.07096 Y52.42423
G01 X-32.12547 Y52.55580
G01 X-32.13248 Y52.81201
G01 X-32.30749 Y52.81201
G01 X-32.30749 Y52.59903
G01 X-32.29141 Y52.48717
G01 X-32.19746 Y52.29641
G01 X-32.06558 Y52.11686
G01 X-32.03723 Y51.92626
G01 X-32.07815 Y51.77564
G01 X-32.29532 Y51.49949
G01 X-32.41102 Y51.30810
G01 X-32.49456 Y51.10056
G01 X-32.54389 Y50.88151
G01 X-32.54389 Y50.49251
G01 X-32.49456 Y50.27348
G01 X-32.41104 Y50.06594
G01 X-32.29530 Y49.87452
G01 X-32.08227 Y49.60396
G01 X-32.03550 Y49.41702
G01 X-32.08227 Y49.23005
G01 X-32.29532 Y48.95949
G01 X-32.41104 Y48.76808
G01 X-32.49456 Y48.56056
G01 X-32.54389 Y48.34151
G01 X-32.55298 Y48.08136
G01 X-32.54389 Y47.95253
G01 X-32.49456 Y47.73348
G01 X-32.41104 Y47.52594
G01 X-32.29532 Y47.33455
G01 X-32.08227 Y47.06396
G01 X-32.03550 Y46.87702
G01 X-32.08227 Y46.69005
G01 X-32.29532 Y46.41949
G01 X-32.41104 Y46.22808
G01 X-32.49456 Y46.02056
G01 X-32.54389 Y45.80151
G01 X-32.55298 Y45.54134
G01 X-32.54389 Y45.41251
G01 X-32.49456 Y45.19348
G01 X-32.41104 Y44.98594
G01 X-32.29530 Y44.79450
G01 X-32.08227 Y44.52396
G01 X-32.03550 Y44.33702
G01 X-32.08227 Y44.15005
G01 X-32.29532 Y43.87949
G01 X-32.41102 Y43.68810
G01 X-32.49456 Y43.48056
G01 X-32.54389 Y43.26151
G01 X-32.55298 Y43.00113
G01 X-32.54198 Y42.81533
G01 X-32.56375 Y42.69854
G01 X-32.66288 Y42.53326
G01 X-32.76868 Y42.45877
G01 X-32.95565 Y42.41200
G01 X-45.56514 Y42.41211
G01 X-45.71409 Y42.44408
G01 X-45.77170 Y42.47286
G01 X-45.87198 Y42.55463
G01 X-45.95204 Y42.69491
G01 X-45.97142 Y42.82282
G01 X-45.97109 Y43.26148
G01 X-46.02041 Y43.48056
G01 X-46.10393 Y43.68805
G01 X-46.21968 Y43.87951
G01 X-46.43271 Y44.15005
G01 X-46.47947 Y44.33702
G01 X-46.43271 Y44.52396
G01 X-46.21968 Y44.79450
G01 X-46.10393 Y44.98599
G01 X-46.02041 Y45.19348
G01 X-45.97109 Y45.41256
G01 X-45.96199 Y45.54134
G01 X-45.97109 Y45.80146
G01 X-46.02041 Y46.02056
G01 X-46.10393 Y46.22802
G01 X-46.21968 Y46.41951
G01 X-46.43271 Y46.69005
G01 X-46.47947 Y46.87702
G01 X-46.43271 Y47.06396
G01 X-46.21968 Y47.33450
G01 X-46.10393 Y47.52599
G01 X-46.02041 Y47.73348
G01 X-45.97109 Y47.95256
G01 X-45.96199 Y48.08134
G01 X-45.97109 Y48.34148
G01 X-46.02041 Y48.56056
G01 X-46.10393 Y48.76802
G01 X-46.21968 Y48.95951
G01 X-46.43271 Y49.23005
G01 X-46.47947 Y49.41702
G01 X-46.43271 Y49.60396
G01 X-46.21968 Y49.87450
G01 X-46.10393 Y50.06599
G01 X-46.02041 Y50.27346
G01 X-45.97109 Y50.49256
G01 X-45.97109 Y50.88148
G01 X-46.02041 Y51.10056
G01 X-46.10393 Y51.30805
G01 X-46.21973 Y51.49962
G01 X-46.39430 Y51.70551
G01 X-46.44094 Y51.78257
G01 X-46.47977 Y51.93911
G01 X-46.47159 Y52.04241
G01 X-46.44393 Y52.12870
G01 X-46.19413 Y52.54257
G01 X-46.10766 Y52.64292
G01 X-45.99885 Y52.70678
G01 X-45.80881 Y52.73873
G01 X-45.68346 Y52.70668
G01 X-45.45344 Y52.59301
G01 X-45.24604 Y52.52562
G01 X-45.03068 Y52.49151
G01 X-44.81249 Y52.49151
G01 X-44.59715 Y52.52562
G01 X-44.38973 Y52.59301
G01 X-44.19545 Y52.69202
G01 X-44.01900 Y52.82021
G01 X-43.91933 Y52.91541
G01 X-43.81001 Y52.98463
G01 X-43.65159 Y53.01612
G01 X-43.46464 Y52.96939
G01 X-43.10772 Y52.69202
G01 X-42.91344 Y52.59301
G01 X-42.70602 Y52.52562
G01 X-42.49063 Y52.49151
G01 X-42.27254 Y52.49151
G01 X-42.05715 Y52.52562
G01 X-41.84973 Y52.59301
G01 X-41.65542 Y52.69202
G01 X-41.44811 Y52.82240
G01 X-41.29375 Y52.84795
G01 X-41.10788 Y52.80083
G01 X-40.87646 Y52.61795
G01 X-40.73447 Y52.54379
G01 X-40.57986 Y52.49956
G01 X-39.10331 Y52.49956
G01 X-38.94872 Y52.54379
G01 X-38.80709 Y52.61775
G01 X-38.68327 Y52.71874
G01 X-38.58233 Y52.84251
G01 X-38.50836 Y52.98414
G01 X-38.46412 Y53.13873
G01 X-38.45609 Y53.22918
G01 X-38.46412 Y54.61531
G01 X-38.50836 Y54.76989
G01 X-38.58233 Y54.91150
G01 X-38.68329 Y55.03530
G01 X-38.80709 Y55.13626
G01 X-38.94872 Y55.21025
G01 X-39.10331 Y55.25447
G01 X-40.57986 Y55.25447
G01 X-40.73447 Y55.21023
G01 X-40.87587 Y55.13636
G01 X-41.09142 Y54.96258
G01 X-41.27105 Y54.90726
G01 X-41.43071 Y54.92610
G01 X-41.84973 Y55.16100
G01 X-42.05715 Y55.22839
G01 X-42.27249 Y55.26250
G01 X-42.49068 Y55.26250
G01 X-42.70604 Y55.22839
G01 X-42.91344 Y55.16100
G01 X-43.10775 Y55.06202
G01 X-43.46464 Y54.78465
G01 X-43.65159 Y54.73789
G01 X-43.81003 Y54.76941
G01 X-43.91933 Y54.83862
G01 X-44.01900 Y54.93380
G01 X-44.19545 Y55.06202
G01 X-44.38973 Y55.16100
G01 X-44.59715 Y55.22839
G01 X-44.81249 Y55.26250
G01 X-45.03068 Y55.26250
G01 X-45.24602 Y55.22839
G01 X-45.42882 Y55.16900
G01 X-45.55422 Y55.15059
G01 X-45.71150 Y55.18081
G01 X-45.86939 Y55.29135
G01 X-45.94945 Y55.43164
G01 X-45.96883 Y55.55955
G01 X-45.97109 Y55.96148
G01 X-46.02041 Y56.18056
G01 X-46.10393 Y56.38805
G01 X-46.21968 Y56.57951
G01 X-46.37972 Y56.76768
G01 X-46.44797 Y56.87857
G01 X-46.47947 Y57.03702
G01 X-46.44797 Y57.19544
G01 X-46.37972 Y57.30634
G01 X-46.21968 Y57.49450
G01 X-46.10393 Y57.68599
G01 X-46.02041 Y57.89348
G01 X-45.97109 Y58.11256
G01 X-45.96199 Y58.24134
G01 X-45.97109 Y58.50146
G01 X-46.02041 Y58.72056
G01 X-46.10393 Y58.92802
G01 X-46.21968 Y59.11951
G01 X-46.43271 Y59.39005
G01 X-46.47947 Y59.57702
G01 X-46.43271 Y59.76396
G01 X-46.21968 Y60.03450
G01 X-46.10393 Y60.22599
G01 X-46.02041 Y60.43348
G01 X-45.97109 Y60.65256
G01 X-45.96199 Y60.78136
G01 X-45.97109 Y61.04151
G01 X-46.02041 Y61.26056
G01 X-46.10393 Y61.46802
G01 X-46.21968 Y61.65951
G01 X-46.43271 Y61.93005
G01 X-46.47947 Y62.11702
G01 X-46.43271 Y62.30396
G01 X-46.21968 Y62.57450
G01 X-46.10393 Y62.76599
G01 X-46.02041 Y62.97348
G01 X-45.97109 Y63.19256
G01 X-45.96199 Y63.32134
G01 X-45.97109 Y63.58148
G01 X-46.02041 Y63.80058
G01 X-46.10370 Y64.00752
G01 X-46.28752 Y64.31173
G01 X-46.31787 Y64.46721
G01 X-46.28635 Y64.62568
G01 X-46.21714 Y64.73495
G01 X-46.07442 Y64.90670
G01 X-46.00561 Y65.05240
G01 X-45.96481 Y65.19624
G01 X-45.95699 Y66.55714
G01 X-45.97434 Y66.70573
G01 X-46.02869 Y66.85740
G01 X-46.10159 Y66.98800
G01 X-46.27386 Y67.20108
G01 X-46.31653 Y67.35351
G01 X-46.29786 Y67.51396
G01 X-46.10370 Y67.84657
G01 X-46.02041 Y68.05348
G01 X-45.97109 Y68.27256
G01 X-45.97109 Y68.66148
G01 X-46.02041 Y68.88056
G01 X-46.10393 Y69.08805
G01 X-46.21968 Y69.27951
G01 X-46.43271 Y69.55005
G01 X-46.47947 Y69.73702
G01 X-46.43271 Y69.92396
G01 X-46.21968 Y70.19450
G01 X-46.10393 Y70.38599
G01 X-46.02041 Y70.59348
G01 X-45.97109 Y70.81256
G01 X-45.96199 Y70.94134
G01 X-45.97109 Y71.20146
G01 X-46.02041 Y71.42056
G01 X-46.10393 Y71.62802
G01 X-46.21968 Y71.81951
G01 X-46.43271 Y72.09005
G01 X-46.47947 Y72.27702
G01 X-46.43271 Y72.46396
G01 X-46.21968 Y72.73450
G01 X-46.10393 Y72.92599
G01 X-46.02041 Y73.13348
G01 X-45.97109 Y73.35256
G01 X-45.96199 Y73.48134
G01 X-45.97109 Y73.74148
G01 X-46.02041 Y73.96056
G01 X-46.10393 Y74.16802
G01 X-46.21968 Y74.35951
G01 X-46.43271 Y74.63005
G01 X-46.47947 Y74.81702
G01 X-46.43271 Y75.00396
G01 X-46.21968 Y75.27450
G01 X-46.10393 Y75.46599
G01 X-46.02041 Y75.67346
G01 X-45.97109 Y75.89256
G01 X-45.97109 Y76.28148
G01 X-46.02041 Y76.50056
G01 X-46.10393 Y76.70805
G01 X-46.21968 Y76.89951
G01 X-46.43682 Y77.17564
G01 X-46.47774 Y77.32626
G01 X-46.44940 Y77.51686
G01 X-46.27815 Y77.75542
G01 X-46.20997 Y77.96202
G01 X-46.38889 Y77.96202
G01 X-46.46451 Y77.79923
G01 X-46.54470 Y77.72352
G01 X-46.67627 Y77.66903
G01 X-49.02590 Y77.66586
G01 X-49.24286 Y77.70901
G01 X-49.41627 Y77.78427
G01 X-49.54667 Y77.87142
G01 X-49.70308 Y78.02783
G01 X-49.81594 Y78.21201
G01 X-50.00951 Y78.21201
G01 X-49.93466 Y78.05247
G01 X-49.85607 Y77.93487
G01 X-49.71741 Y77.78123
G01 X-49.65800 Y77.67772
G01 X-49.62643 Y77.48763
G01 X-49.68810 Y77.30503
G01 X-49.77085 Y77.20558
G01 X-49.93039 Y77.06987
G01 X-50.07530 Y76.89951
G01 X-50.19102 Y76.70810
G01 X-50.27456 Y76.50051
G01 X-50.32389 Y76.28148
G01 X-50.32389 Y75.89256
G01 X-50.27456 Y75.67353
G01 X-50.19125 Y75.46650
G01 X-49.99897 Y75.13399
G01 X-49.97685 Y75.00650
G01 X-50.02361 Y74.81956
G01 X-50.09811 Y74.71377
G01 X-50.23242 Y74.62403
G01 X-50.35866 Y74.59568
G01 X-50.65292 Y74.59251
G01 X-50.82167 Y74.56579
G01 X-50.98418 Y74.51298
G01 X-51.13641 Y74.43541
G01 X-51.27466 Y74.33498
G01 X-53.45548 Y72.15413
G01 X-53.55591 Y72.01593
G01 X-53.63346 Y71.86369
G01 X-53.68626 Y71.70118
G01 X-53.71298 Y71.53244
G01 X-53.71298 Y57.11812
G01 X-53.74450 Y56.95970
G01 X-53.83424 Y56.82539
G01 X-54.99586 Y55.66377
G01 X-55.13018 Y55.57403
G01 X-55.28860 Y55.54251
G01 X-67.89578 Y55.54251
G01 X-69.39238 Y55.79252
G01 X-69.60259 Y55.79252
G01 X-69.81016 Y55.75963
G01 X-70.01013 Y55.69468
G01 X-70.19746 Y55.59923
G01 X-70.36748 Y55.47571
G01 X-70.51615 Y55.32704
G01 X-70.63972 Y55.15696
G01 X-70.73515 Y54.96966
G01 X-70.80010 Y54.76974
G01 X-70.83299 Y54.56212
G01 X-70.83299 Y54.35191
G01 X-70.80010 Y54.14429
G01 X-70.73921 Y53.95026
G01 X-70.73030 Y53.78945
G01 X-70.76728 Y53.66540
G01 X-70.82943 Y53.57447
G01 X-70.89105 Y53.51749
G01 X-70.98658 Y53.46266
G01 X-71.13898 Y53.43352
G01 X-75.96191 Y53.43352
G01 X-76.13069 Y53.40678
G01 X-76.29318 Y53.35399
G01 X-76.44542 Y53.27640
G01 X-76.58365 Y53.17599
G01 X-83.48547 Y46.27418
G01 X-83.58590 Y46.13595
G01 X-83.66347 Y45.98370
G01 X-83.71625 Y45.82119
G01 X-83.74300 Y45.65243
G01 X-83.74414 Y41.53029
G01 X-83.75605 Y41.44678
G01 X-83.98780 Y41.01805
G01 X-84.05765 Y40.80312
G01 X-84.09298 Y40.57998
G01 X-84.09298 Y40.35405
G01 X-84.05765 Y40.13091
G01 X-83.98780 Y39.91597
G01 X-83.88524 Y39.71465
G01 X-83.63583 Y39.38397
G01 X-83.58907 Y39.19702
G01 X-83.63583 Y39.01006
G01 X-83.88524 Y38.67937
G01 X-83.98780 Y38.47805
G01 X-84.05765 Y38.26312
G01 X-84.09298 Y38.04000
G01 X-84.09298 Y37.81405
G01 X-84.05765 Y37.59091
G01 X-83.98780 Y37.37597
G01 X-83.88524 Y37.17465
G01 X-83.75242 Y36.99185
G01 X-83.59265 Y36.83208
G01 X-83.40985 Y36.69927
G01 X-83.20853 Y36.59667
G01 X-82.99365 Y36.52685
G01 X-82.77046 Y36.49152
G01 X-82.54452 Y36.49152
G01 X-82.32133 Y36.52685
G01 X-82.10645 Y36.59667
G01 X-81.90513 Y36.69927
G01 X-81.57445 Y36.94867
G01 X-81.38748 Y36.99543
G01 X-81.20053 Y36.94867
G01 X-80.86985 Y36.69927
G01 X-80.66853 Y36.59667
G01 X-80.45362 Y36.52685
G01 X-80.23051 Y36.49152
G01 X-80.00445 Y36.49152
G01 X-79.78133 Y36.52685
G01 X-79.56645 Y36.59667
G01 X-79.20447 Y36.78875
G01 X-79.07699 Y36.81087
G01 X-78.89002 Y36.76411
G01 X-78.78426 Y36.68961
G01 X-78.69449 Y36.55530
G01 X-78.66300 Y36.39688
G01 X-78.66300 Y36.08967
G01 X-78.63625 Y35.92091
G01 X-78.58347 Y35.75840
G01 X-78.51344 Y35.62096
G01 X-78.40470 Y35.46719
G01 X-76.14677 Y33.20925
G01 X-76.07227 Y33.10346
G01 X-76.02551 Y32.91652
G01 X-76.05703 Y32.75807
G01 X-76.14677 Y32.62376
G01 X-76.28109 Y32.53402
G01 X-76.43953 Y32.50252
G01 X-85.87606 Y32.50252
G01 X-86.03451 Y32.53402
G01 X-86.14380 Y32.60326
G01 X-86.22125 Y32.68071
G01 X-86.29046 Y32.79000
G01 X-86.32199 Y32.94842
G01 X-86.31881 Y57.41779
G01 X-86.29046 Y57.54403
G01 X-86.16880 Y57.71025
G01 X-86.03451 Y57.80001
G01 X-85.87606 Y57.83151
G01 X-55.61331 Y57.83151
G01 X-55.52799 Y57.85437
G01 X-55.45149 Y57.89854
G01 X-55.38900 Y57.96102
G01 X-55.34486 Y58.03750
G01 X-55.32200 Y58.12284
G01 X-55.32200 Y87.38560
G01 X-55.29047 Y87.54402
G01 X-55.22126 Y87.65334
G01 X-55.14382 Y87.73079
G01 X-55.00356 Y87.80940
G01 X-54.87607 Y87.83152
G01 X-52.47410 Y87.83101
G01 X-52.39099 Y87.81824
G01 X-52.27075 Y87.77051
G01 X-52.13577 Y87.63295
G01 X-52.08449 Y87.51415
G01 X-52.07623 Y87.38504
G01 X-52.13404 Y87.20120
G01 X-52.21951 Y87.10407
G01 X-52.36561 Y86.99401
G01 X-53.48545 Y85.87417
G01 X-53.58588 Y85.73595
G01 X-53.66345 Y85.58370
G01 X-53.71626 Y85.42121
G01 X-53.74298 Y85.25243
G01 X-53.74298 Y82.10159
G01 X-53.71626 Y81.93280
G01 X-53.66345 Y81.77035
G01 X-53.58588 Y81.61807
G01 X-53.48545 Y81.47985
G01 X-52.34463 Y80.33903
G01 X-52.20641 Y80.23860
G01 X-52.05418 Y80.16105
G01 X-51.89162 Y80.10825
G01 X-51.72292 Y80.08153
G01 X-50.10468 Y80.08153
G01 X-49.94624 Y80.05000
G01 X-49.83694 Y79.98076
G01 X-49.72219 Y79.82595
G01 X-49.69384 Y79.63532
G01 X-49.73575 Y79.48313
G01 X-49.93466 Y79.20157
G01 X-50.00951 Y79.04200
G01 X-49.81594 Y79.04200
G01 X-49.70308 Y79.22621
G01 X-49.54667 Y79.38262
G01 X-49.41627 Y79.46974
G01 X-49.24286 Y79.54500
G01 X-49.02590 Y79.58816
G01 X-46.67627 Y79.58501
G01 X-46.54470 Y79.53050
G01 X-46.46451 Y79.45481
G01 X-46.38889 Y79.29202
G01 X-46.21282 Y79.29202
G01 X-46.25930 Y79.45953
G01 X-46.44940 Y79.73715
G01 X-46.47774 Y79.92778
G01 X-46.43682 Y80.07840
G01 X-46.21968 Y80.35450
G01 X-46.10393 Y80.54599
G01 X-46.02041 Y80.75346
G01 X-45.97109 Y80.97256
G01 X-45.97109 Y81.36148
G01 X-46.02041 Y81.58056
G01 X-46.10393 Y81.78805
G01 X-46.21968 Y81.97951
G01 X-46.43271 Y82.25005
G01 X-46.47947 Y82.43702
G01 X-46.43271 Y82.62396
G01 X-46.21968 Y82.89450
G01 X-46.10393 Y83.08599
G01 X-46.02041 Y83.29348
G01 X-45.97109 Y83.51256
G01 X-45.97109 Y83.90146
G01 X-46.02041 Y84.12056
G01 X-46.10439 Y84.32919
G01 X-46.21666 Y84.53905
G01 X-46.23878 Y84.66650
G01 X-46.21666 Y84.79399
G01 X-46.19202 Y84.85347
G01 X-46.09250 Y84.97979
G01 X-45.98320 Y85.04900
G01 X-45.82476 Y85.08052
G01 X-43.15502 Y85.08052
G01 X-42.99660 Y85.04900
G01 X-42.88727 Y84.97979
G01 X-42.77254 Y84.82495
G01 X-42.74420 Y84.63432
G01 X-42.77254 Y84.50808
G01 X-42.99642 Y84.19833
G01 X-43.08113 Y84.03209
G01 X-43.13878 Y83.85462
G01 X-43.16799 Y83.67032
G01 X-43.16797 Y83.48368
G01 X-43.13878 Y83.29940
G01 X-43.08113 Y83.12196
G01 X-42.99642 Y82.95569
G01 X-42.88674 Y82.80471
G01 X-42.75476 Y82.67273
G01 X-42.60381 Y82.56308
G01 X-42.43754 Y82.47837
G01 X-42.26010 Y82.42071
G01 X-42.07585 Y82.39153
G01 X-41.88918 Y82.39150
G01 X-41.70488 Y82.42071
G01 X-41.52743 Y82.47837
G01 X-41.36117 Y82.56308
G01 X-41.21021 Y82.67273
G01 X-41.07821 Y82.80474
G01 X-40.96856 Y82.95569
G01 X-40.88385 Y83.12196
G01 X-40.82617 Y83.29943
G01 X-40.79701 Y83.48365
G01 X-40.79701 Y83.67037
G01 X-40.82619 Y83.85462
G01 X-40.88385 Y84.03209
G01 X-40.96856 Y84.19836
G01 X-41.19243 Y84.50808
G01 X-41.22395 Y84.66650
G01 X-41.19243 Y84.82495
G01 X-41.12322 Y84.93425
G01 X-41.07770 Y84.97979
G01 X-40.93742 Y85.05838
G01 X-40.80996 Y85.08052
G01 X-37.70501 Y85.08052
G01 X-37.51807 Y85.03376
G01 X-37.41228 Y84.95927
G01 X-37.33778 Y84.85347
G01 X-37.29102 Y84.66650
G01 X-37.32254 Y84.50808
G01 X-37.54642 Y84.19836
G01 X-37.63112 Y84.03209
G01 X-37.68878 Y83.85462
G01 X-37.71799 Y83.67032
G01 X-37.71799 Y83.48373
G01 X-37.68878 Y83.29940
G01 X-37.63112 Y83.12196
G01 X-37.54642 Y82.95566
G01 X-37.43674 Y82.80471
G01 X-37.30476 Y82.67273
G01 X-37.15381 Y82.56308
G01 X-36.98757 Y82.47837
G01 X-36.81010 Y82.42071
G01 X-36.62579 Y82.39150
G01 X-36.43918 Y82.39150
G01 X-36.25488 Y82.42071
G01 X-36.07741 Y82.47837
G01 X-35.91116 Y82.56308
G01 X-35.76021 Y82.67273
G01 X-35.62823 Y82.80471
G01 X-35.51856 Y82.95569
G01 X-35.43385 Y83.12196
G01 X-35.37619 Y83.29943
G01 X-35.34698 Y83.48370
G01 X-35.34698 Y83.67032
G01 X-35.37619 Y83.85462
G01 X-35.43385 Y84.03209
G01 X-35.51856 Y84.19836
G01 X-35.74243 Y84.50808
G01 X-35.77395 Y84.66650
G01 X-35.72719 Y84.85347
G01 X-35.65269 Y84.95927
G01 X-35.54690 Y85.03376
G01 X-35.35996 Y85.08052
G01 X-32.69662 Y85.08052
G01 X-32.60797 Y85.07080
G01 X-32.49514 Y85.02599
G01 X-32.37292 Y84.92152
G01 X-32.33716 Y84.86800
G01 X-32.29057 Y84.74728
G01 X-32.28740 Y84.61794
G01 X-32.29997 Y84.55480
G01 X-32.42557 Y84.30328
G01 X-32.51747 Y84.04761
G01 X-32.55798 Y83.77768
G01 X-32.54505 Y83.50512
G01 X-32.47919 Y83.24017
G01 X-32.42512 Y83.10961
G01 X-32.28435 Y82.87570
G01 X-32.08222 Y82.62399
G01 X-32.03545 Y82.43705
G01 X-32.08222 Y82.25010
G01 X-32.29532 Y81.97949
G01 X-32.41102 Y81.78810
G01 X-32.49456 Y81.58056
G01 X-32.54389 Y81.36151
G01 X-32.54389 Y80.97253
G01 X-32.49456 Y80.75346
G01 X-32.41104 Y80.54594
G01 X-32.29532 Y80.35455
G01 X-32.07815 Y80.07840
G01 X-32.03723 Y79.92778
G01 X-32.06558 Y79.73715
G01 X-32.23685 Y79.49860
G01 X-32.30500 Y79.29202
G01 X-32.12608 Y79.29202
G01 X-32.07096 Y79.42979
G01 X-31.99527 Y79.50997
G01 X-31.86964 Y79.57561
G01 X-31.76748 Y79.59202
G01 X-29.48908 Y79.58816
G01 X-29.30307 Y79.55440
G01 X-29.12723 Y79.48498
G01 X-28.91321 Y79.33202
G01 X-28.66955 Y79.33202
G01 X-28.77922 Y79.48313
G01 X-28.80219 Y79.54002
G01 X-28.82431 Y79.66751
G01 X-28.79279 Y79.82595
G01 X-28.70305 Y79.96027
G01 X-28.59726 Y80.03476
G01 X-28.41029 Y80.08153
G01 X-22.53674 Y80.08153
G01 X-22.43514 Y80.06877
G01 X-22.32257 Y80.01957
G01 X-22.18455 Y79.88511
G01 X-22.12808 Y79.73375
G01 X-22.13248 Y79.33200
G01 X-21.96247 Y79.33200
G01 X-21.94993 Y79.58015
G01 X-21.91416 Y79.63370
G01 X-21.82968 Y79.67883
G01 X-20.06530 Y79.67883
G01 X-19.98082 Y79.63370
G01 X-19.93566 Y79.54919
G01 X-19.93248 Y79.08201
G01 X-19.76250 Y79.08201
G01 X-19.77200 Y79.67591
G01 X-19.75011 Y79.79499
G01 X-19.65097 Y79.96027
G01 X-19.54518 Y80.03476
G01 X-19.35821 Y80.08153
G01 X-18.49860 Y80.08153
G01 X-18.31166 Y80.03476
G01 X-18.20587 Y79.96027
G01 X-15.94486 Y77.69926
G01 X-15.85512 Y77.56494
G01 X-15.82677 Y77.43871
G01 X-15.84572 Y77.27904
G01 X-15.87036 Y77.21955
G01 X-15.96985 Y77.09324
G01 X-16.07917 Y77.02403
G01 X-16.20541 Y76.99568
G01 X-18.21293 Y76.99250
G01 X-18.38166 Y76.96578
G01 X-18.54417 Y76.91298
G01 X-18.69639 Y76.83543
G01 X-18.83464 Y76.73500
G01 X-20.51587 Y75.05377
G01 X-20.68112 Y74.95464
G01 X-20.80860 Y74.93251
G01 X-21.70728 Y74.94054
G01 X-21.84518 Y74.99523
G01 X-22.01889 Y75.11750
G01 X-22.22724 Y75.22367
G01 X-22.44962 Y75.29594
G01 X-22.68058 Y75.33251
G01 X-22.91439 Y75.33251
G01 X-23.14533 Y75.29594
G01 X-23.36773 Y75.22367
G01 X-23.57609 Y75.11753
G01 X-23.76524 Y74.98009
G01 X-23.93057 Y74.81476
G01 X-24.06801 Y74.62558
G01 X-24.17415 Y74.41722
G01 X-24.24642 Y74.19487
G01 X-24.28299 Y73.96394
G01 X-24.28299 Y73.73010
G01 X-24.24642 Y73.49917
G01 X-24.17408 Y73.27654
G01 X-24.05107 Y73.03003
G01 X-24.02310 Y72.88090
G01 X-24.05460 Y72.72248
G01 X-24.23174 Y72.45614
G01 X-24.27517 Y72.32505
G01 X-24.28299 Y70.36539
G01 X-24.27517 Y70.28896
G01 X-24.23174 Y70.15787
G01 X-24.15988 Y70.04139
G01 X-24.06311 Y69.94461
G01 X-23.94660 Y69.87276
G01 X-23.81553 Y69.82932
G01 X-23.66641 Y69.81835
G01 X-23.54017 Y69.79000
G01 X-23.40585 Y69.70027
G01 X-18.53464 Y64.82903
G01 X-18.39639 Y64.72862
G01 X-18.24417 Y64.65105
G01 X-18.08168 Y64.59824
G01 X-17.91293 Y64.57152
G01 X-13.42155 Y64.57142
G01 X-13.27019 Y64.53820
G01 X-13.12096 Y64.46573
G01 X-12.92851 Y64.40317
G01 X-12.72871 Y64.37152
G01 X-12.52632 Y64.37152
G01 X-12.32648 Y64.40317
G01 X-12.13402 Y64.46573
G01 X-11.95373 Y64.55755
G01 X-11.79005 Y64.67650
G01 X-11.64700 Y64.81953
G01 X-11.52803 Y64.98331
G01 X-11.43616 Y65.16355
G01 X-11.37365 Y65.35600
G01 X-11.34200 Y65.55582
G01 X-11.34200 Y65.75819
G01 X-11.37365 Y65.95803
G01 X-11.43613 Y66.15046
G01 X-11.52803 Y66.33075
G01 X-11.64692 Y66.49443
G01 X-11.79008 Y66.63756
G01 X-11.95373 Y66.75646
G01 X-12.13402 Y66.84833
G01 X-12.32648 Y66.91086
G01 X-12.52630 Y66.94251
G01 X-12.72866 Y66.94251
G01 X-12.92851 Y66.91086
G01 X-13.12134 Y66.84820
G01 X-13.27903 Y66.77045
G01 X-13.42802 Y66.74251
G01 X-17.20638 Y66.74251
G01 X-17.36480 Y66.77403
G01 X-17.47412 Y66.84325
G01 X-21.19072 Y70.55538
G01 X-21.26522 Y70.66117
G01 X-21.31198 Y70.84812
G01 X-21.31970 Y72.35647
G01 X-21.28843 Y72.50595
G01 X-21.21919 Y72.61525
G01 X-21.06436 Y72.73000
G01 X-20.93812 Y72.75835
G01 X-20.10200 Y72.76152
G01 X-19.93329 Y72.78825
G01 X-19.77078 Y72.84105
G01 X-19.61854 Y72.91862
G01 X-19.48031 Y73.01906
G01 X-17.79911 Y74.70026
G01 X-17.66479 Y74.78999
G01 X-17.53856 Y74.81834
G01 X-14.27151 Y74.82152
G01 X-14.08454 Y74.77475
G01 X-13.97875 Y74.70026
G01 X-13.87311 Y74.59459
G01 X-13.75662 Y74.52276
G01 X-13.62553 Y74.47933
G01 X-13.54911 Y74.47150
G01 X-11.68944 Y74.47933
G01 X-11.55833 Y74.52276
G01 X-11.44187 Y74.59459
G01 X-11.31121 Y74.72078
G01 X-11.20192 Y74.78999
G01 X-11.04345 Y74.82152
G01 X-10.16699 Y74.82152
G01 X-10.00855 Y74.78999
G01 X-9.89925 Y74.72078
G01 X-9.78450 Y74.56594
G01 X-9.75300 Y74.40752
G01 X-9.75300 Y44.56651
G01 X-9.54274 Y44.56651
G01 X-9.57756 Y44.31137
G01 X-9.54274 Y44.56651
G01 X-9.54274 Y74.40752
G04 P0 ( dwell for no time -- G64 should not smooth over this point )
G00 Z2.00000 ( retract )

G00 X-9.64576 Y74.91344 ( rapid move to begin. )
G01 F250.00000
G01 Z-0.20000
G04 P0 ( dwell for no time -- G64 should not smooth over this point )
G01 F500.00000
G01 X-9.64576 Y74.91344
G01 X-9.58759 Y74.73617
G01 X-9.54274 Y74.40752
G01 X-9.57756 Y74.66264
G01 X-9.55592 Y74.57859
G01 X-9.64599 Y74.92850
G01 X-9.83827 Y74.98689
G01 X-9.64591 Y74.91387
G04 P0 ( dwell for no time -- G64 should not smooth over this point )
G00 Z2.00000 ( retract )

G00 X-9.64980 Y74.92466 ( rapid move to begin. )
G01 F250.00000
G01 Z-0.20000
G04 P0 ( dwell for no time -- G64 should not smooth over this point )
G01 F500.00000
G01 X-9.64980 Y74.92466
G01 X-9.83827 Y74.98689
G01 X-10.14037 Y75.02814
G01 X-10.06862 Y75.02416
G01 X-10.12132 Y75.02825
G01 X-10.09311 Y75.02814
G04 P0 ( dwell for no time -- G64 should not smooth over this point )
G00 Z2.00000 ( retract )

G00 X-10.16699 Y75.03178 ( rapid move to begin. )
G01 F250.00000
G01 Z-0.20000
G04 P0 ( dwell for no time -- G64 should not smooth over this point )
G01 F500.00000
G01 X-10.16699 Y75.03178
G01 X-10.12132 Y75.02825
G01 X-11.07004 Y75.02814
G01 X-11.04345 Y75.03178
G01 X-10.14175 Y75.02832
G01 X-11.04345 Y75.03178
G01 X-11.30702 Y74.99578
G01 X-11.09049 Y75.02814
G01 X-11.21452 Y75.01857
G01 X-11.38896 Y74.98181
G01 X-11.37451 Y74.98428
G01 X-11.57395 Y74.76167
G01 X-11.38896 Y74.98181
G04 P0 ( dwell for no time -- G64 should not smooth over this point )
G00 Z2.00000 ( retract )

G00 X-11.57395 Y74.76167 ( rapid move to begin. )
G01 F250.00000
G01 Z-0.20000
G04 P0 ( dwell for no time -- G64 should not smooth over this point )
G01 F500.00000
G01 X-11.57395 Y74.76167
G01 X-11.64832 Y74.71580
G01 X-11.78088 Y74.68743
G01 X-11.64832 Y74.71580
G04 P0 ( dwell for no time -- G64 should not smooth over this point )
G00 Z2.00000 ( retract )

G00 X-11.73402 Y74.68758 ( rapid move to begin. )
G01 F250.00000
G01 Z-0.20000
G04 P0 ( dwell for no time -- G64 should not smooth over this point )
G01 F500.00000
G01 X-11.73402 Y74.68758
G01 X-13.50747 Y74.68176
G01 X-12.71870 Y74.68474
G01 X-13.53831 Y74.68240
G01 X-13.66663 Y74.71580
G01 X-13.55792 Y74.68751
G01 X-13.58093 Y74.68758
G01 X-13.66663 Y74.71580
G01 X-13.74100 Y74.76167
G01 X-13.92597 Y74.98179
G01 X-14.19762 Y75.02814
G01 X-17.50637 Y75.03178
G01 X-17.75468 Y75.00709
G01 X-17.94778 Y74.84895
G01 X-19.57482 Y73.22314
G01 X-17.94778 Y74.84895
G04 P0 ( dwell for no time -- G64 should not smooth over this point )
G00 Z2.00000 ( retract )

G00 X-18.16431 Y76.78135 ( rapid move to begin. )
G01 F250.00000
G01 Z-0.20000
G04 P0 ( dwell for no time -- G64 should not smooth over this point )
G01 F500.00000
G01 X-18.16431 Y76.78135
G01 X-18.17572 Y76.77983
G01 X-18.14856 Y76.77986
G01 X-18.33203 Y76.75898
G01 X-18.24668 Y76.76868
G01 X-18.39873 Y76.73523
G01 X-18.33203 Y76.75898
G01 X-18.46108 Y76.71308
G01 X-18.33203 Y76.75898
G04 P0 ( dwell for no time -- G64 should not smooth over this point )
G00 Z2.00000 ( retract )

G00 X-18.42796 Y76.72883 ( rapid move to begin. )
G01 F250.00000
G01 Z-0.20000
G04 P0 ( dwell for no time -- G64 should not smooth over this point )
G01 F500.00000
G01 X-18.42796 Y76.72883
G01 X-18.58527 Y76.65407
G01 X-18.52146 Y76.68438
G01 X-18.65247 Y76.60058
G01 X-18.58527 Y76.65407
G01 X-18.72959 Y76.53927
G01 X-18.66919 Y76.58989
G01 X-18.71966 Y76.55136
G01 X-20.36718 Y74.90511
G01 X-18.74010 Y76.53088
G01 X-20.36718 Y74.90511
G01 X-20.56024 Y74.74697
G01 X-20.80858 Y74.72228
G01 X-21.67589 Y74.72672
G01 X-20.80858 Y74.72228
G04 P0 ( dwell for no time -- G64 should not smooth over this point )
G00 Z2.00000 ( retract )

G00 X-22.36631 Y75.04674 ( rapid move to begin. )
G01 F250.00000
G01 Z-0.20000
G04 P0 ( dwell for no time -- G64 should not smooth over this point )
G01 F500.00000
G01 X-22.36631 Y75.04674
G01 X-22.17395 Y74.95611
G01 X-21.86542 Y74.74643
G01 X-21.67589 Y74.72672
G01 X-21.85399 Y74.74394
G01 X-22.13039 Y74.93559
G01 X-22.36631 Y75.04674
G01 X-22.49984 Y75.08677
G01 X-22.70215 Y75.11961
G01 X-22.49984 Y75.08677
G04 P0 ( dwell for no time -- G64 should not smooth over this point )
G00 Z2.00000 ( retract )

G00 X-22.69730 Y75.11979 ( rapid move to begin. )
G01 F250.00000
G01 Z-0.20000
G04 P0 ( dwell for no time -- G64 should not smooth over this point )
G01 F500.00000
G01 X-22.69730 Y75.11979
G01 X-22.94688 Y75.11082
G01 X-22.70324 Y75.11979
G01 X-22.89765 Y75.11979
G01 X-23.12422 Y75.07729
G01 X-23.09511 Y75.08677
G04 P0 ( dwell for no time -- G64 should not smooth over this point )
G00 Z2.00000 ( retract )

G00 X-23.28541 Y75.02494 ( rapid move to begin. )
G01 F250.00000
G01 Z-0.20000
G04 P0 ( dwell for no time -- G64 should not smooth over this point )
G01 F500.00000
G01 X-23.28541 Y75.02494
G01 X-23.12422 Y75.07729
G01 X-23.28541 Y75.02494
G01 X-23.46455 Y74.93559
G01 X-23.62663 Y74.81783
G01 X-23.78782 Y74.64631
G01 X-23.62663 Y74.81783
G04 P0 ( dwell for no time -- G64 should not smooth over this point )
G00 Z2.00000 ( retract )

G00 X-23.97697 Y74.33561 ( rapid move to begin. )
G01 F250.00000
G01 Z-0.20000
G04 P0 ( dwell for no time -- G64 should not smooth over this point )
G01 F500.00000
G01 X-23.97697 Y74.33561
G01 X-23.78782 Y74.64631
G01 X-23.94540 Y74.40117
G01 X-24.00385 Y74.24153
G01 X-23.97697 Y74.33561
G01 X-24.04487 Y74.09795
G01 X-24.03890 Y74.14506
G01 X-24.05739 Y73.99901
G01 X-24.03890 Y74.14506
G04 P0 ( dwell for no time -- G64 should not smooth over this point )
G00 Z2.00000 ( retract )

G00 X-24.06852 Y73.94707 ( rapid move to begin. )
G01 F250.00000
G01 Z-0.20000
G04 P0 ( dwell for no time -- G64 should not smooth over this point )
G01 F500.00000
G01 X-24.06852 Y73.94707
G01 X-24.04710 Y74.09005
G01 X-24.06948 Y73.90361
G01 X-24.05739 Y73.99901
G01 X-24.06874 Y73.84699
G01 X-24.04484 Y73.59599
G01 X-23.97682 Y73.35794
G01 X-23.72531 Y72.84202
G01 X-23.97682 Y73.35794
G01 X-24.03890 Y73.54898
G01 X-24.07169 Y73.80767
G01 X-24.06948 Y73.90361
G01 X-24.07169 Y73.80767
G04 P0 ( dwell for no time -- G64 should not smooth over this point )
G00 Z2.00000 ( retract )

G00 X-23.97682 Y73.35794 ( rapid move to begin. )
G01 F250.00000
G01 Z-0.20000
G04 P0 ( dwell for no time -- G64 should not smooth over this point )
G01 F500.00000
G01 X-23.97682 Y73.35794
G01 X-23.68139 Y72.73287
G01 X-23.73821 Y72.68149
G01 X-23.53560 Y72.68550
G01 X-23.72531 Y72.84202
G01 X-23.71594 Y72.81873
G01 X-23.73821 Y72.68149
G01 X-23.99280 Y72.44060
G01 X-23.96524 Y72.46704
G01 X-24.03872 Y72.36617
G01 X-24.06699 Y72.25744
G01 X-24.03872 Y72.36617
G04 P0 ( dwell for no time -- G64 should not smooth over this point )
G00 Z2.00000 ( retract )

G00 X-22.05927 Y72.68555 ( rapid move to begin. )
G01 F250.00000
G01 Z-0.20000
G04 P0 ( dwell for no time -- G64 should not smooth over this point )
G01 F500.00000
G01 X-22.05927 Y72.68555
G01 X-22.11604 Y72.67156
G01 X-22.05899 Y72.68553
G01 X-21.89748 Y72.68550
G01 X-21.71437 Y72.64908
G01 X-21.59377 Y72.57379
G01 X-21.58447 Y72.53016
G01 X-21.64828 Y72.74979
G04 P0 ( dwell for no time -- G64 should not smooth over this point )
G00 Z2.00000 ( retract )

G00 X-21.78815 Y72.77179 ( rapid move to begin. )
G01 F250.00000
G01 Z-0.20000
G04 P0 ( dwell for no time -- G64 should not smooth over this point )
G01 F500.00000
G01 X-21.78815 Y72.77179
G01 X-22.05927 Y72.68555
G01 X-21.83022 Y72.86851
G01 X-21.40080 Y72.86851
G01 X-21.28991 Y72.90745
G01 X-21.42239 Y72.85947
G01 X-21.53385 Y72.70864
G01 X-21.59377 Y72.57379
G04 P0 ( dwell for no time -- G64 should not smooth over this point )
G00 Z2.00000 ( retract )

G00 X-21.23466 Y72.92688 ( rapid move to begin. )
G01 F250.00000
G01 Z-0.20000
G04 P0 ( dwell for no time -- G64 should not smooth over this point )
G01 F500.00000
G01 X-21.23466 Y72.92688
G01 X-21.28991 Y72.90745
G01 X-20.97982 Y72.96813
G01 X-20.08265 Y72.98217
G01 X-20.97982 Y72.96813
G04 P0 ( dwell for no time -- G64 should not smooth over this point )
G00 Z2.00000 ( retract )

G00 X-19.98295 Y72.99508 ( rapid move to begin. )
G01 F250.00000
G01 Z-0.20000
G04 P0 ( dwell for no time -- G64 should not smooth over this point )
G01 F500.00000
G01 X-19.98295 Y72.99508
G01 X-20.08265 Y72.98217
G01 X-19.91638 Y73.01873
G01 X-19.98295 Y72.99508
G01 X-19.82364 Y73.05169
G01 X-19.85201 Y73.03714
G04 P0 ( dwell for no time -- G64 should not smooth over this point )
G00 Z2.00000 ( retract )

G00 X-19.72969 Y73.09998 ( rapid move to begin. )
G01 F250.00000
G01 Z-0.20000
G04 P0 ( dwell for no time -- G64 should not smooth over this point )
G01 F500.00000
G01 X-19.72969 Y73.09998
G01 X-19.82364 Y73.05169
G01 X-19.72969 Y73.09998
G01 X-19.57482 Y73.22314
G01 X-19.72969 Y73.09998
G01 X-19.85366 Y73.04103
G01 X-20.03898 Y72.98647
G01 X-20.11882 Y72.97425
G01 X-21.00416 Y72.96417
G01 X-21.28630 Y72.90831
G01 X-21.64828 Y72.74979
G01 X-21.78815 Y72.77179
G01 X-22.21909 Y72.64806
G01 X-22.67141 Y72.58286
G01 X-23.15798 Y72.60338
G01 X-23.68139 Y72.73287
G01 X-23.96661 Y72.46516
G01 X-24.03872 Y72.36617
G01 X-24.06707 Y72.23353
G01 X-24.07210 Y70.37619
G01 X-24.06699 Y72.25744
G01 X-24.07210 Y70.37619
G01 X-24.03872 Y70.24789
G01 X-23.99285 Y70.17352
G01 X-23.85660 Y70.06577
G01 X-23.77093 Y70.03758
G01 X-23.44942 Y70.00692
G01 X-23.25719 Y69.84893
G01 X-18.44638 Y65.03812
G01 X-18.28527 Y64.90998
G01 X-18.16294 Y64.84714
G01 X-18.03203 Y64.80508
G01 X-17.83541 Y64.78267
G01 X-18.03203 Y64.80508
G01 X-18.28527 Y64.90998
G04 P0 ( dwell for no time -- G64 should not smooth over this point )
G00 Z2.00000 ( retract )

G00 X-13.89198 Y69.50672 ( rapid move to begin. )
G01 F250.00000
G01 Z-0.20000
G04 P0 ( dwell for no time -- G64 should not smooth over this point )
G01 F500.00000
G01 X-13.89198 Y69.50672
G01 X-13.89198 Y69.74733
G01 X-13.92340 Y69.98586
G01 X-13.98566 Y70.21825
G01 X-14.07776 Y70.44060
G01 X-14.19805 Y70.64893
G01 X-14.34453 Y70.83986
G01 X-14.51469 Y71.00999
G01 X-14.70554 Y71.15645
G01 X-14.91395 Y71.27677
G01 X-15.13620 Y71.36882
G01 X-15.36861 Y71.43110
G01 X-15.60719 Y71.46252
G01 X-15.84781 Y71.46252
G01 X-16.08636 Y71.43110
G01 X-16.31877 Y71.36882
G01 X-16.54100 Y71.27677
G01 X-16.74945 Y71.15642
G01 X-16.94031 Y71.00999
G01 X-17.11046 Y70.83984
G01 X-17.25692 Y70.64893
G01 X-17.37724 Y70.44057
G01 X-17.46932 Y70.21825
G01 X-17.53160 Y69.98584
G01 X-17.56299 Y69.74733
G01 X-17.56299 Y69.50669
G01 X-17.53160 Y69.26819
G01 X-17.46932 Y69.03578
G01 X-17.37724 Y68.81345
G01 X-17.25695 Y68.60512
G01 X-17.11044 Y68.41416
G01 X-16.94031 Y68.24403
G01 X-16.74945 Y68.09760
G01 X-16.54107 Y67.97728
G01 X-16.31880 Y67.88521
G01 X-16.08636 Y67.82293
G01 X-15.84781 Y67.79151
G01 X-15.60719 Y67.79151
G01 X-15.36863 Y67.82293
G01 X-15.13620 Y67.88521
G01 X-14.91392 Y67.97728
G01 X-14.70552 Y68.09760
G01 X-14.51469 Y68.24403
G01 X-14.34453 Y68.41416
G01 X-14.19805 Y68.60507
G01 X-14.07776 Y68.81342
G01 X-13.98566 Y69.03578
G01 X-13.92340 Y69.26816
G01 X-13.89198 Y69.50672
G01 X-14.20549 Y69.52727
G01 X-14.20549 Y69.72676
G01 X-14.23153 Y69.92457
G01 X-14.28317 Y70.11728
G01 X-14.35952 Y70.30159
G01 X-14.45931 Y70.47446
G01 X-14.58070 Y70.63265
G01 X-14.72185 Y70.77380
G01 X-14.88009 Y70.89521
G01 X-15.05291 Y70.99498
G01 X-15.23724 Y71.07133
G01 X-15.42987 Y71.12297
G01 X-15.62774 Y71.14901
G01 X-15.82726 Y71.14901
G01 X-16.02510 Y71.12297
G01 X-16.21776 Y71.07133
G01 X-16.40211 Y70.99498
G01 X-16.57491 Y70.89521
G01 X-16.73320 Y70.77375
G01 X-16.87424 Y70.63270
G01 X-16.99571 Y70.47441
G01 X-17.09545 Y70.30161
G01 X-17.17181 Y70.11728
G01 X-17.22344 Y69.92457
G01 X-17.24948 Y69.72676
G01 X-17.24948 Y69.52727
G01 X-17.22344 Y69.32945
G01 X-17.17181 Y69.13674
G01 X-17.09545 Y68.95241
G01 X-16.99571 Y68.77962
G01 X-16.87424 Y68.62135
G01 X-16.73317 Y68.48025
G01 X-16.57488 Y68.35879
G01 X-16.40214 Y68.25907
G01 X-16.21781 Y68.18269
G01 X-16.02505 Y68.13105
G01 X-15.82723 Y68.10502
G01 X-15.62774 Y68.10502
G01 X-15.42992 Y68.13105
G01 X-15.23719 Y68.18269
G01 X-15.05286 Y68.25904
G01 X-14.88009 Y68.35879
G01 X-14.72180 Y68.48025
G01 X-14.58073 Y68.62135
G01 X-14.45929 Y68.77959
G01 X-14.35952 Y68.95244
G01 X-14.28317 Y69.13674
G01 X-14.23153 Y69.32945
G01 X-14.20549 Y69.52727
G01 X-14.51898 Y69.54779
G01 X-14.51898 Y69.70623
G01 X-14.53965 Y69.86331
G01 X-14.58065 Y70.01629
G01 X-14.64128 Y70.16262
G01 X-14.72050 Y70.29988
G01 X-14.81695 Y70.42554
G01 X-14.92896 Y70.53755
G01 X-15.05467 Y70.63402
G01 X-15.19183 Y70.71319
G01 X-15.33823 Y70.77385
G01 X-15.49121 Y70.81484
G01 X-15.64826 Y70.83552
G01 X-15.80671 Y70.83552
G01 X-15.96378 Y70.81484
G01 X-16.11674 Y70.77385
G01 X-16.26315 Y70.71322
G01 X-16.40036 Y70.63400
G01 X-16.52599 Y70.53758
G01 X-16.63800 Y70.42556
G01 X-16.73447 Y70.29986
G01 X-16.81369 Y70.16267
G01 X-16.87432 Y70.01629
G01 X-16.91532 Y69.86328
G01 X-16.93599 Y69.70623
G01 X-16.93599 Y69.54779
G01 X-16.91532 Y69.39074
G01 X-16.87432 Y69.23773
G01 X-16.81369 Y69.09135
G01 X-16.73447 Y68.95417
G01 X-16.63802 Y68.82849
G01 X-16.52599 Y68.71645
G01 X-16.40033 Y68.62003
G01 X-16.26315 Y68.54081
G01 X-16.11679 Y68.48020
G01 X-15.96376 Y68.43918
G01 X-15.80671 Y68.41851
G01 X-15.64826 Y68.41851
G01 X-15.49121 Y68.43918
G01 X-15.33818 Y68.48020
G01 X-15.19183 Y68.54081
G01 X-15.05461 Y68.62003
G01 X-14.92899 Y68.71645
G01 X-14.81692 Y68.82851
G01 X-14.72050 Y68.95417
G01 X-14.64128 Y69.09138
G01 X-14.58065 Y69.23773
G01 X-14.53965 Y69.39074
G01 X-14.51898 Y69.54779
G01 X-14.83249 Y69.56834
G01 X-14.83249 Y69.68569
G01 X-14.87816 Y69.91533
G01 X-14.98172 Y70.12531
G01 X-15.13610 Y70.30136
G01 X-15.33076 Y70.43143
G01 X-15.55248 Y70.50669
G01 X-15.78611 Y70.52201
G01 X-16.01575 Y70.47634
G01 X-16.12421 Y70.43143
G01 X-16.31887 Y70.30136
G01 X-16.47326 Y70.12528
G01 X-16.57681 Y69.91533
G01 X-16.62248 Y69.68569
G01 X-16.62248 Y69.56834
G01 X-16.57681 Y69.33872
G01 X-16.53190 Y69.23029
G01 X-16.40183 Y69.03562
G01 X-16.31885 Y68.95264
G01 X-16.12416 Y68.82257
G01 X-15.90249 Y68.74733
G01 X-15.78611 Y68.73202
G01 X-15.55251 Y68.74733
G01 X-15.43914 Y68.77769
G01 X-15.22916 Y68.88127
G01 X-15.05312 Y69.03565
G01 X-14.98172 Y69.12872
G01 X-14.87816 Y69.33870
G01 X-14.83249 Y69.56834
G01 X-15.14598 Y69.58894
G01 X-15.15593 Y69.74073
G01 X-15.20483 Y69.88477
G01 X-15.28934 Y70.01124
G01 X-15.40374 Y70.11157
G01 X-15.54019 Y70.17885
G01 X-15.68939 Y70.20852
G01 X-15.91479 Y70.17883
G01 X-16.11171 Y70.06514
G01 X-16.21204 Y69.95076
G01 X-16.27930 Y69.81434
G01 X-16.30899 Y69.58889
G01 X-16.27930 Y69.43969
G01 X-16.21202 Y69.30324
G01 X-16.11174 Y69.18889
G01 X-15.91484 Y69.07520
G01 X-15.76564 Y69.04550
G01 X-15.61380 Y69.05546
G01 X-15.46973 Y69.10436
G01 X-15.28936 Y69.24279
G01 X-15.20483 Y69.36928
G01 X-15.14598 Y69.58894
G01 X-15.45949 Y69.60946
G01 X-15.48659 Y69.74578
G01 X-15.55040 Y69.82894
G01 X-15.67506 Y69.89044
G01 X-15.81385 Y69.88132
G01 X-15.92942 Y69.80408
G01 X-15.99091 Y69.67941
G01 X-15.99091 Y69.57461
G01 X-15.92942 Y69.44992
G01 X-15.81385 Y69.37271
G01 X-15.67511 Y69.36359
G01 X-15.60874 Y69.38612
G01 X-15.52556 Y69.44995
G01 X-15.48662 Y69.50822
G01 X-15.45949 Y69.60946

G04 P0 ( dwell for no time -- G64 should not smooth over this point )
G00 Z5.000 ( retract )

M5 ( Spindle off. )
G04 P1.000000
M9 ( Coolant off. )
M2 ( Program end. )

